"bandwidth_multiplier","replication","component","RMSE"
0.75,1,"f1",0.58227126112409
0.75,1,"f2",0.439030480999415
0.75,1,"h",1.28547228681358
0.75,2,"f1",0.609240216571557
0.75,2,"f2",0.43269329708789
0.75,2,"h",1.48586930362046
0.75,3,"f1",0.649317478898813
0.75,3,"f2",0.418194049098208
0.75,3,"h",1.24028174702663
0.75,4,"f1",0.51330726719864
0.75,4,"f2",0.388446027483322
0.75,4,"h",1.45914599656028
0.75,5,"f1",0.56308061743487
0.75,5,"f2",0.429404252457723
0.75,5,"h",1.23711541993471
0.75,6,"f1",0.595656603460002
0.75,6,"f2",0.395734253372518
0.75,6,"h",1.23397329191225
0.75,7,"f1",0.607664308366778
0.75,7,"f2",0.394491928045667
0.75,7,"h",1.28608718612124
0.75,8,"f1",0.70935246756022
0.75,8,"f2",0.421195775850373
0.75,8,"h",1.29737282171603
0.75,9,"f1",0.371272619854372
0.75,9,"f2",0.416568649310645
0.75,9,"h",1.27401663251448
0.75,10,"f1",0.654208961118013
0.75,10,"f2",0.408480608211432
0.75,10,"h",1.27264292341817
0.75,11,"f1",0.635590198866859
0.75,11,"f2",0.372210868988554
0.75,11,"h",1.27428072009703
0.75,12,"f1",0.758983956024855
0.75,12,"f2",0.417790435559193
0.75,12,"h",1.2855273693233
0.75,13,"f1",0.67837491741467
0.75,13,"f2",0.415253612632558
0.75,13,"h",1.313813028688
0.75,14,"f1",0.708911437394745
0.75,14,"f2",0.405420480480182
0.75,14,"h",1.2261138121091
0.75,15,"f1",0.751345469450727
0.75,15,"f2",0.451686534286301
0.75,15,"h",1.24195360525648
0.75,16,"f1",0.660833793723185
0.75,16,"f2",0.412090600956576
0.75,16,"h",1.25375907272991
0.75,17,"f1",0.694970698449856
0.75,17,"f2",0.387501778805414
0.75,17,"h",1.27961025005892
0.75,18,"f1",0.583801603632047
0.75,18,"f2",0.399019518609959
0.75,18,"h",1.2791104939219
0.75,19,"f1",0.480692535071259
0.75,19,"f2",0.375035947611098
0.75,19,"h",1.20625805544115
0.75,20,"f1",0.640584752161925
0.75,20,"f2",0.390163473685656
0.75,20,"h",1.64188448553229
0.75,21,"f1",0.605688766806053
0.75,21,"f2",0.44509466599641
0.75,21,"h",1.22867329399036
0.75,22,"f1",0.503751711942697
0.75,22,"f2",0.422644579374706
0.75,22,"h",1.26116800173273
0.75,23,"f1",0.685119959278849
0.75,23,"f2",0.405778893775548
0.75,23,"h",1.21717255088704
0.75,24,"f1",0.573386089997741
0.75,24,"f2",0.415676521006227
0.75,24,"h",1.29809868707992
0.75,25,"f1",0.669637878604987
0.75,25,"f2",0.414594351628292
0.75,25,"h",1.22331713980764
0.75,26,"f1",0.699390500374579
0.75,26,"f2",0.390618458185578
0.75,26,"h",1.56198306497079
0.75,27,"f1",0.71617003026338
0.75,27,"f2",0.437903890032235
0.75,27,"h",1.41706909407559
0.75,28,"f1",0.674699385022968
0.75,28,"f2",0.445359628791995
0.75,28,"h",1.37511687564993
0.75,29,"f1",0.612738472669664
0.75,29,"f2",0.406265377317343
0.75,29,"h",1.32330073052154
0.75,30,"f1",0.48417195001754
0.75,30,"f2",0.368304014050971
0.75,30,"h",1.2510787576909
0.75,31,"f1",0.466312795199592
0.75,31,"f2",0.426651737161662
0.75,31,"h",1.20981308392401
0.75,32,"f1",0.720639403060046
0.75,32,"f2",0.429250783057261
0.75,32,"h",1.24930809602693
0.75,33,"f1",0.545821168011768
0.75,33,"f2",0.393774993944524
0.75,33,"h",1.30347845869213
0.75,34,"f1",0.647145728586982
0.75,34,"f2",0.413233228944121
0.75,34,"h",1.23600667111427
0.75,35,"f1",0.58949375697651
0.75,35,"f2",0.450253274023798
0.75,35,"h",1.27125185755977
0.75,36,"f1",0.555483848400995
0.75,36,"f2",0.432903630442574
0.75,36,"h",1.22439416269398
0.75,37,"f1",0.590116240984375
0.75,37,"f2",0.407604848421817
0.75,37,"h",1.28299030018187
0.75,38,"f1",0.620501152010623
0.75,38,"f2",0.386371449334007
0.75,38,"h",1.42572157170207
0.75,39,"f1",0.660000296362163
0.75,39,"f2",0.42800798539814
0.75,39,"h",1.24599594725363
0.75,40,"f1",0.648689032972513
0.75,40,"f2",0.392476075108196
0.75,40,"h",1.33796380176598
0.75,41,"f1",0.565655506335671
0.75,41,"f2",0.434025278860815
0.75,41,"h",1.2797048183819
0.75,42,"f1",0.517150552580831
0.75,42,"f2",0.423635215901968
0.75,42,"h",1.12274556307531
0.75,43,"f1",0.602584240564522
0.75,43,"f2",0.427185519667199
0.75,43,"h",1.25694241162649
0.75,44,"f1",0.643086785339812
0.75,44,"f2",0.425969324941359
0.75,44,"h",1.61303775878893
0.75,45,"f1",0.520609862213669
0.75,45,"f2",0.424765568103469
0.75,45,"h",1.28775085882418
0.75,46,"f1",0.640425890503261
0.75,46,"f2",0.396937205979026
0.75,46,"h",1.27574449719788
0.75,47,"f1",0.629614065226028
0.75,47,"f2",0.407852721426446
0.75,47,"h",1.24761279721394
0.75,48,"f1",0.67010229311223
0.75,48,"f2",0.408465381029009
0.75,48,"h",1.26204372900187
0.75,49,"f1",0.662873380742535
0.75,49,"f2",0.414963367802424
0.75,49,"h",1.23099115347665
0.75,50,"f1",0.709889356557919
0.75,50,"f2",0.415309619256936
0.75,50,"h",1.4200264582195
0.75,51,"f1",0.640103765597624
0.75,51,"f2",0.404212032215572
0.75,51,"h",1.54166774794511
0.75,52,"f1",0.607107469015419
0.75,52,"f2",0.417625820545714
0.75,52,"h",1.25819848908753
0.75,53,"f1",0.633966932908576
0.75,53,"f2",0.429401506700071
0.75,53,"h",1.24148550027801
0.75,54,"f1",0.515624499911861
0.75,54,"f2",0.491984421680321
0.75,54,"h",1.21642855371142
0.75,55,"f1",0.600175624983933
0.75,55,"f2",0.414316400410305
0.75,55,"h",1.26298045777736
0.75,56,"f1",0.640636743949458
0.75,56,"f2",0.493305701701942
0.75,56,"h",1.22932104844588
0.75,57,"f1",0.668649805937949
0.75,57,"f2",0.416372687669079
0.75,57,"h",1.26519181637383
0.75,58,"f1",0.692063616586043
0.75,58,"f2",0.411404250224442
0.75,58,"h",1.23213277891011
0.75,59,"f1",0.584611220767791
0.75,59,"f2",0.420084350440442
0.75,59,"h",1.3524442819188
0.75,60,"f1",0.550422475085533
0.75,60,"f2",0.397841530231296
0.75,60,"h",1.3499456614294
0.75,61,"f1",0.61024772123948
0.75,61,"f2",0.425351757709391
0.75,61,"h",1.29805822489027
0.75,62,"f1",0.629255153929836
0.75,62,"f2",0.371492463077528
0.75,62,"h",1.25148391928472
0.75,63,"f1",0.62277026112012
0.75,63,"f2",0.422612995687492
0.75,63,"h",1.2287782620507
0.75,64,"f1",0.665507943180883
0.75,64,"f2",0.398201719464431
0.75,64,"h",1.43340113782093
0.75,65,"f1",0.653433250054154
0.75,65,"f2",0.397813376861984
0.75,65,"h",1.27583429140357
0.75,66,"f1",0.611900280024928
0.75,66,"f2",0.409151429066287
0.75,66,"h",1.20424678948712
0.75,67,"f1",0.539572033020683
0.75,67,"f2",0.402971165230657
0.75,67,"h",1.33576252634896
0.75,68,"f1",0.690315469662904
0.75,68,"f2",0.392782132416392
0.75,68,"h",1.39744469858633
0.75,69,"f1",0.750959353898545
0.75,69,"f2",0.407267426232176
0.75,69,"h",1.64272306587784
0.75,70,"f1",0.610526429101785
0.75,70,"f2",0.412016633726468
0.75,70,"h",1.31627490780172
0.75,71,"f1",0.648795877055422
0.75,71,"f2",0.377091098167534
0.75,71,"h",1.62247630645257
0.75,72,"f1",0.56408718770751
0.75,72,"f2",0.382051930728419
0.75,72,"h",1.40217231538061
0.75,73,"f1",0.697538760387083
0.75,73,"f2",0.416788544219662
0.75,73,"h",1.29899857251263
0.75,74,"f1",0.524593184441032
0.75,74,"f2",0.449419041763405
0.75,74,"h",1.18777048416059
0.75,75,"f1",0.608030674382624
0.75,75,"f2",0.421745924002686
0.75,75,"h",1.39413641946712
0.75,76,"f1",0.558936343998858
0.75,76,"f2",0.376739072588417
0.75,76,"h",1.31413092825237
0.75,77,"f1",0.695002536323895
0.75,77,"f2",0.381534475888175
0.75,77,"h",1.32985355248692
0.75,78,"f1",0.610569701416616
0.75,78,"f2",0.389586897011847
0.75,78,"h",1.31629388239529
0.75,79,"f1",0.566493293416415
0.75,79,"f2",0.441542845825654
0.75,79,"h",1.27175491842779
0.75,80,"f1",0.542904254281724
0.75,80,"f2",0.387860073160204
0.75,80,"h",1.68138572493463
0.75,81,"f1",0.79857848008116
0.75,81,"f2",0.401629657388072
0.75,81,"h",1.24021432043032
0.75,82,"f1",0.622303676463354
0.75,82,"f2",0.477066402729711
0.75,82,"h",1.22881588991421
0.75,83,"f1",0.555398697487986
0.75,83,"f2",0.418286169886496
0.75,83,"h",1.2192460733433
0.75,84,"f1",0.540589611008742
0.75,84,"f2",0.413656546526583
0.75,84,"h",1.6373888997854
0.75,85,"f1",0.546600391407019
0.75,85,"f2",0.443246401703747
0.75,85,"h",1.29626398221722
0.75,86,"f1",0.664636315893442
0.75,86,"f2",0.403105691631639
0.75,86,"h",1.42272322129912
0.75,87,"f1",0.700460416318134
0.75,87,"f2",0.392298124098405
0.75,87,"h",1.32898061613615
0.75,88,"f1",0.690059649370367
0.75,88,"f2",0.404320857345403
0.75,88,"h",1.22692582930344
0.75,89,"f1",0.582189389511156
0.75,89,"f2",0.431744315824559
0.75,89,"h",1.25038985389681
0.75,90,"f1",0.711892882246414
0.75,90,"f2",0.392582109667205
0.75,90,"h",1.34364879771067
0.75,91,"f1",0.618144577839143
0.75,91,"f2",0.425191738480502
0.75,91,"h",1.32033128646569
0.75,92,"f1",0.669176848986879
0.75,92,"f2",0.450893377410393
0.75,92,"h",1.24550067576629
0.75,93,"f1",0.597776102807427
0.75,93,"f2",0.446024914441693
0.75,93,"h",1.36754112681906
0.75,94,"f1",0.66176342928041
0.75,94,"f2",0.408509351350127
0.75,94,"h",1.21654381966497
0.75,95,"f1",0.610901885361303
0.75,95,"f2",0.417522527314264
0.75,95,"h",1.18188276451135
0.75,96,"f1",0.558182002180073
0.75,96,"f2",0.432871381609137
0.75,96,"h",1.45821154847601
0.75,97,"f1",0.619211133329255
0.75,97,"f2",0.438940941262208
0.75,97,"h",1.26869042906727
0.75,98,"f1",0.712509743579816
0.75,98,"f2",0.437461702115116
0.75,98,"h",1.36248026151071
0.75,99,"f1",0.600742643695095
0.75,99,"f2",0.40692422453457
0.75,99,"h",1.24978067284155
0.75,100,"f1",0.446107757653506
0.75,100,"f2",0.444254447778133
0.75,100,"h",1.44780623976927
0.75,101,"f1",0.516629020140739
0.75,101,"f2",0.447642724205984
0.75,101,"h",1.24887874209836
0.75,102,"f1",0.663093063027024
0.75,102,"f2",0.410465684109929
0.75,102,"h",1.20445005246857
0.75,103,"f1",0.707087854061601
0.75,103,"f2",0.443612595982714
0.75,103,"h",1.22894237522161
0.75,104,"f1",0.729021149018591
0.75,104,"f2",0.400172133202327
0.75,104,"h",2.2122789864139
0.75,105,"f1",0.616241608767399
0.75,105,"f2",0.395816965006766
0.75,105,"h",1.53206800091949
0.75,106,"f1",0.66219321289063
0.75,106,"f2",0.372217698636578
0.75,106,"h",1.24848262594721
0.75,107,"f1",0.690799630836375
0.75,107,"f2",0.391542176020616
0.75,107,"h",1.24182393666576
0.75,108,"f1",0.497642361022616
0.75,108,"f2",0.387964790986882
0.75,108,"h",1.51535371074142
0.75,109,"f1",0.696442395352694
0.75,109,"f2",0.370746320916068
0.75,109,"h",1.39259036360165
0.75,110,"f1",0.721645861552667
0.75,110,"f2",0.377992264390525
0.75,110,"h",1.24053652650649
0.75,111,"f1",0.707114167521959
0.75,111,"f2",0.408227697231757
0.75,111,"h",1.21696027071588
0.75,112,"f1",0.6331504555907
0.75,112,"f2",0.401037707271694
0.75,112,"h",1.35653896113957
0.75,113,"f1",0.622691817399183
0.75,113,"f2",0.445994550774894
0.75,113,"h",1.50217097326064
0.75,114,"f1",0.689531667426237
0.75,114,"f2",0.443502981731954
0.75,114,"h",1.50136436834683
0.75,115,"f1",0.559186201900746
0.75,115,"f2",0.432516691403568
0.75,115,"h",1.2053770989936
0.75,116,"f1",0.609758958836116
0.75,116,"f2",0.43946666749877
0.75,116,"h",1.23193038089262
0.75,117,"f1",0.643793531476774
0.75,117,"f2",0.44547017357775
0.75,117,"h",1.45184760642762
0.75,118,"f1",0.662491026933312
0.75,118,"f2",0.404646654321725
0.75,118,"h",1.29600446531764
0.75,119,"f1",0.675258432534075
0.75,119,"f2",0.446018436292741
0.75,119,"h",1.26052791252733
0.75,120,"f1",0.643710955559396
0.75,120,"f2",0.398365739617711
0.75,120,"h",1.22849443534337
0.75,121,"f1",0.542550594037901
0.75,121,"f2",0.437965715948302
0.75,121,"h",1.26253738555473
0.75,122,"f1",0.550262516232873
0.75,122,"f2",0.41331979297448
0.75,122,"h",1.26543650378504
0.75,123,"f1",0.613632159846373
0.75,123,"f2",0.440503849322581
0.75,123,"h",1.20846137758849
0.75,124,"f1",0.483932578801557
0.75,124,"f2",0.429050820849629
0.75,124,"h",1.24407251190861
0.75,125,"f1",0.642761428102194
0.75,125,"f2",0.466922315734914
0.75,125,"h",1.3187733176223
0.75,126,"f1",0.588371328403172
0.75,126,"f2",0.404777443196604
0.75,126,"h",1.63433478217623
0.75,127,"f1",0.669577996629284
0.75,127,"f2",0.397838629679173
0.75,127,"h",1.39622244512171
0.75,128,"f1",0.617161944687025
0.75,128,"f2",0.390367644962478
0.75,128,"h",1.22365412474358
0.75,129,"f1",0.705537086870583
0.75,129,"f2",0.366716047732762
0.75,129,"h",1.26309750619311
0.75,130,"f1",0.695191174836727
0.75,130,"f2",0.41862926838638
0.75,130,"h",1.22815397905406
0.75,131,"f1",0.678061029033901
0.75,131,"f2",0.388772657309562
0.75,131,"h",1.23226682754777
0.75,132,"f1",0.638881514398739
0.75,132,"f2",0.402277521574836
0.75,132,"h",1.98223210479993
0.75,133,"f1",0.678579106187742
0.75,133,"f2",0.385007838321226
0.75,133,"h",1.21648647519524
0.75,134,"f1",0.729531557463785
0.75,134,"f2",0.422906888647305
0.75,134,"h",1.22408078057777
0.75,135,"f1",0.603111970184358
0.75,135,"f2",0.370962776978541
0.75,135,"h",1.2251684279249
0.75,136,"f1",0.623376026184899
0.75,136,"f2",0.435010208436311
0.75,136,"h",1.28432400651702
0.75,137,"f1",0.582234699709845
0.75,137,"f2",0.453520247262821
0.75,137,"h",1.3624223295391
0.75,138,"f1",0.50080243176665
0.75,138,"f2",0.418420116272459
0.75,138,"h",1.2545798043873
0.75,139,"f1",0.531662911829305
0.75,139,"f2",0.372238082140383
0.75,139,"h",1.29655673814297
0.75,140,"f1",0.703700185218965
0.75,140,"f2",0.465260602786131
0.75,140,"h",1.30035762160225
0.75,141,"f1",0.720455979135932
0.75,141,"f2",0.396813844140854
0.75,141,"h",1.40759443816876
0.75,142,"f1",0.664584174863131
0.75,142,"f2",0.382963078277568
0.75,142,"h",1.28793182431143
0.75,143,"f1",0.618072773060376
0.75,143,"f2",0.395026598270893
0.75,143,"h",1.2563679472337
0.75,144,"f1",0.666432042566798
0.75,144,"f2",0.400123238939245
0.75,144,"h",1.33333727406848
0.75,145,"f1",0.634942889867099
0.75,145,"f2",0.406583100193723
0.75,145,"h",1.24063468804882
0.75,146,"f1",0.602151724043713
0.75,146,"f2",0.378129628724728
0.75,146,"h",1.29318117914065
0.75,147,"f1",0.719473458263875
0.75,147,"f2",0.440999181448999
0.75,147,"h",1.34954894798946
0.75,148,"f1",0.333034267426323
0.75,148,"f2",0.456726114538613
0.75,148,"h",1.24549737787555
0.75,149,"f1",0.564669859123557
0.75,149,"f2",0.412230174297875
0.75,149,"h",1.29101259299433
0.75,150,"f1",0.619864196684994
0.75,150,"f2",0.405812014022593
0.75,150,"h",1.22016447829819
0.75,151,"f1",0.617529560091255
0.75,151,"f2",0.374662055967313
0.75,151,"h",1.25688619992506
0.75,152,"f1",0.540664281478953
0.75,152,"f2",0.4279577031369
0.75,152,"h",1.2452276337139
0.75,153,"f1",0.530352087152659
0.75,153,"f2",0.405706383072679
0.75,153,"h",1.30348543490595
0.75,154,"f1",0.61806752388509
0.75,154,"f2",0.413753184426288
0.75,154,"h",1.14433692764373
0.75,155,"f1",0.620175451249535
0.75,155,"f2",0.402821944653236
0.75,155,"h",1.25129331437756
0.75,156,"f1",0.653891819257202
0.75,156,"f2",0.381878189184818
0.75,156,"h",1.2202326128916
0.75,157,"f1",0.610974843319979
0.75,157,"f2",0.433629263933915
0.75,157,"h",1.74126276614644
0.75,158,"f1",0.533712436647489
0.75,158,"f2",0.42780805150121
0.75,158,"h",1.29546498896777
0.75,159,"f1",0.465782091621332
0.75,159,"f2",0.399359263659873
0.75,159,"h",1.23276290020318
0.75,160,"f1",0.498567559330593
0.75,160,"f2",0.395205535755102
0.75,160,"h",1.24863509711481
0.75,161,"f1",0.543060620032453
0.75,161,"f2",0.405093281447157
0.75,161,"h",1.30512217531372
0.75,162,"f1",0.694362216616055
0.75,162,"f2",0.364574028184491
0.75,162,"h",1.26020763874338
0.75,163,"f1",0.510589017630846
0.75,163,"f2",0.399750155454479
0.75,163,"h",1.27816952620394
0.75,164,"f1",0.601973547196925
0.75,164,"f2",0.437269539860809
0.75,164,"h",1.32759491373886
0.75,165,"f1",0.633437187598507
0.75,165,"f2",0.412192760595907
0.75,165,"h",1.56757209722435
0.75,166,"f1",0.667994442408698
0.75,166,"f2",0.433616731561293
0.75,166,"h",1.44604038805339
0.75,167,"f1",0.555366474943997
0.75,167,"f2",0.453674904001738
0.75,167,"h",1.25210542295686
0.75,168,"f1",0.5580864014509
0.75,168,"f2",0.439860028894128
0.75,168,"h",1.24710704012095
0.75,169,"f1",0.703737888481431
0.75,169,"f2",0.419485646048125
0.75,169,"h",1.22346654900355
0.75,170,"f1",0.571199806594726
0.75,170,"f2",0.390422683783066
0.75,170,"h",1.45329391733146
0.75,171,"f1",0.644585913914904
0.75,171,"f2",0.383912046502216
0.75,171,"h",1.24201459176318
0.75,172,"f1",0.55457530571307
0.75,172,"f2",0.409590880409225
0.75,172,"h",1.2015717818937
0.75,173,"f1",0.617269711721841
0.75,173,"f2",0.414533286327946
0.75,173,"h",1.35280931928344
0.75,174,"f1",0.569413854301268
0.75,174,"f2",0.37728348910155
0.75,174,"h",1.25403253555545
0.75,175,"f1",0.562670230226658
0.75,175,"f2",0.439474470225854
0.75,175,"h",1.22246673958733
0.75,176,"f1",0.696077467595829
0.75,176,"f2",0.431057291827428
0.75,176,"h",1.25945146291671
0.75,177,"f1",0.568484969766134
0.75,177,"f2",0.400717503543026
0.75,177,"h",1.18650818650795
0.75,178,"f1",0.667292628454632
0.75,178,"f2",0.401217117291004
0.75,178,"h",1.38416202636253
0.75,179,"f1",0.605897463412559
0.75,179,"f2",0.414127683552399
0.75,179,"h",1.24653805880245
0.75,180,"f1",0.691326668755008
0.75,180,"f2",0.422566088883773
0.75,180,"h",1.30214031456534
0.75,181,"f1",0.663147428362389
0.75,181,"f2",0.355535995010295
0.75,181,"h",1.23194051846375
0.75,182,"f1",0.61334437624708
0.75,182,"f2",0.372800982821066
0.75,182,"h",1.41190836102248
0.75,183,"f1",0.606739096508708
0.75,183,"f2",0.403489558425537
0.75,183,"h",1.24398167611457
0.75,184,"f1",0.659648099448107
0.75,184,"f2",0.439299131713856
0.75,184,"h",1.2902696163868
0.75,185,"f1",0.674165263990022
0.75,185,"f2",0.390083376388275
0.75,185,"h",1.29405081450348
0.75,186,"f1",0.69986293264599
0.75,186,"f2",0.360455418316519
0.75,186,"h",1.22975863196184
0.75,187,"f1",0.631840009877095
0.75,187,"f2",0.418610185138063
0.75,187,"h",1.30871005693251
0.75,188,"f1",0.628356761233513
0.75,188,"f2",0.407118711499307
0.75,188,"h",1.25897232592548
0.75,189,"f1",0.608793679872491
0.75,189,"f2",0.3795430343791
0.75,189,"h",1.41348035135059
0.75,190,"f1",0.717642256125231
0.75,190,"f2",0.40280018278242
0.75,190,"h",1.26366048996206
0.75,191,"f1",0.549335377342826
0.75,191,"f2",0.426852355713113
0.75,191,"h",1.34058323639557
0.75,192,"f1",0.656741721005445
0.75,192,"f2",0.485159554014932
0.75,192,"h",1.24585060900866
0.75,193,"f1",0.566987089241139
0.75,193,"f2",0.403007092638468
0.75,193,"h",1.23531552158223
0.75,194,"f1",0.719506641971263
0.75,194,"f2",0.374002964386724
0.75,194,"h",1.27419467604444
0.75,195,"f1",0.69315026752967
0.75,195,"f2",0.487340683307953
0.75,195,"h",1.20319018968297
0.75,196,"f1",0.555797378599704
0.75,196,"f2",0.419893595178495
0.75,196,"h",1.27737360194115
0.75,197,"f1",0.537928636875994
0.75,197,"f2",0.433670952196075
0.75,197,"h",1.23004081744285
0.75,198,"f1",0.660919757175841
0.75,198,"f2",0.398343158341945
0.75,198,"h",1.44105553315675
0.75,199,"f1",0.708885689565292
0.75,199,"f2",0.418915794121839
0.75,199,"h",1.24827465186807
0.75,200,"f1",0.571957525978159
0.75,200,"f2",0.451012613061037
0.75,200,"h",1.20577728716348
0.75,201,"f1",0.637375246589116
0.75,201,"f2",0.417009015648615
0.75,201,"h",1.28600926017144
0.75,202,"f1",0.680185860489614
0.75,202,"f2",0.408003803805429
0.75,202,"h",1.32819332468295
0.75,203,"f1",0.610638781778029
0.75,203,"f2",0.448900633679027
0.75,203,"h",1.43163781924975
0.75,204,"f1",0.591487128019729
0.75,204,"f2",0.421336278785144
0.75,204,"h",1.28147738857496
0.75,205,"f1",0.604231279751418
0.75,205,"f2",0.405637996904933
0.75,205,"h",1.21794538809427
0.75,206,"f1",0.617636342148986
0.75,206,"f2",0.401230144873757
0.75,206,"h",1.28119460788585
0.75,207,"f1",0.64134547190608
0.75,207,"f2",0.372313611193588
0.75,207,"h",1.2440351851095
0.75,208,"f1",0.544028928350152
0.75,208,"f2",0.415649154892404
0.75,208,"h",1.38338060009659
0.75,209,"f1",0.532028341978446
0.75,209,"f2",0.489178708317026
0.75,209,"h",1.32225094755104
0.75,210,"f1",0.49684718627902
0.75,210,"f2",0.468882888464385
0.75,210,"h",1.27452806672115
0.75,211,"f1",0.610520048125116
0.75,211,"f2",0.376305598042335
0.75,211,"h",1.25772697603576
0.75,212,"f1",0.637071618027768
0.75,212,"f2",0.384745633848452
0.75,212,"h",1.24226019747146
0.75,213,"f1",0.655595075417024
0.75,213,"f2",0.393179213347674
0.75,213,"h",1.30683838827867
0.75,214,"f1",0.530700149455559
0.75,214,"f2",0.36587657759191
0.75,214,"h",1.25307697134121
0.75,215,"f1",0.624074146394736
0.75,215,"f2",0.447332360020006
0.75,215,"h",1.23525510396651
0.75,216,"f1",0.726554499070178
0.75,216,"f2",0.43213092813107
0.75,216,"h",1.26006183363799
0.75,217,"f1",0.615991901819365
0.75,217,"f2",0.416093826443555
0.75,217,"h",1.22749842379302
0.75,218,"f1",0.590157537509039
0.75,218,"f2",0.390421703638964
0.75,218,"h",1.24019305977919
0.75,219,"f1",0.593795766859848
0.75,219,"f2",0.427555467035487
0.75,219,"h",1.23893611345295
0.75,220,"f1",0.53304749428715
0.75,220,"f2",0.346324340161887
0.75,220,"h",1.39205576826204
0.75,221,"f1",0.689257242580846
0.75,221,"f2",0.408532862780873
0.75,221,"h",1.28003703561734
0.75,222,"f1",0.630193696285825
0.75,222,"f2",0.381883003758707
0.75,222,"h",1.27293736051382
0.75,223,"f1",0.618336135216988
0.75,223,"f2",0.375501606809756
0.75,223,"h",1.14381957074225
0.75,224,"f1",0.695030518442528
0.75,224,"f2",0.401340898120047
0.75,224,"h",1.27446986942234
0.75,225,"f1",0.683592400371158
0.75,225,"f2",0.415609899457018
0.75,225,"h",1.44837625025729
0.75,226,"f1",0.630001355281882
0.75,226,"f2",0.432373599128923
0.75,226,"h",1.23135497478817
0.75,227,"f1",0.530813006247265
0.75,227,"f2",0.429015462435701
0.75,227,"h",1.56108620409806
0.75,228,"f1",0.718339944297049
0.75,228,"f2",0.429092932588832
0.75,228,"h",1.36237775088543
0.75,229,"f1",0.654697041782315
0.75,229,"f2",0.422256136313644
0.75,229,"h",1.21536029286625
0.75,230,"f1",0.493076743236157
0.75,230,"f2",0.424459125723998
0.75,230,"h",1.26614727365227
0.75,231,"f1",0.711196020495073
0.75,231,"f2",0.432808337025399
0.75,231,"h",1.32436704166815
0.75,232,"f1",0.559604109167171
0.75,232,"f2",0.450364561054383
0.75,232,"h",1.23561372563866
0.75,233,"f1",0.556040480186395
0.75,233,"f2",0.394230999282802
0.75,233,"h",1.48129365522033
0.75,234,"f1",0.47355901605883
0.75,234,"f2",0.360292163143809
0.75,234,"h",1.21275620452002
0.75,235,"f1",0.653042141109119
0.75,235,"f2",0.401281721348795
0.75,235,"h",1.25919101943538
0.75,236,"f1",0.492436734626209
0.75,236,"f2",0.451929029209258
0.75,236,"h",1.30650294401032
0.75,237,"f1",0.550271938031555
0.75,237,"f2",0.445553634830493
0.75,237,"h",1.38876168156153
0.75,238,"f1",0.70230426740866
0.75,238,"f2",0.404343736118837
0.75,238,"h",1.24625331935702
0.75,239,"f1",0.58951398327974
0.75,239,"f2",0.449915031624014
0.75,239,"h",1.24105078034993
0.75,240,"f1",0.593466569905895
0.75,240,"f2",0.434281989139948
0.75,240,"h",1.24460213130261
0.75,241,"f1",0.626399708757443
0.75,241,"f2",0.429791431411167
0.75,241,"h",1.19983957545608
0.75,242,"f1",0.466560625606436
0.75,242,"f2",0.454689972298598
0.75,242,"h",1.31210692485738
0.75,243,"f1",0.604967777189649
0.75,243,"f2",0.37217326869127
0.75,243,"h",1.51913935790292
0.75,244,"f1",0.667603009771361
0.75,244,"f2",0.427521790919161
0.75,244,"h",1.22295845248593
0.75,245,"f1",0.705434109996027
0.75,245,"f2",0.437674233947699
0.75,245,"h",1.27765037644698
0.75,246,"f1",0.729573871453146
0.75,246,"f2",0.39351622414583
0.75,246,"h",1.23770406953384
0.75,247,"f1",0.669946791280755
0.75,247,"f2",0.393157584477927
0.75,247,"h",1.27069494334765
0.75,248,"f1",0.521086193535297
0.75,248,"f2",0.415880307883762
0.75,248,"h",1.2532210319329
0.75,249,"f1",0.628003218103067
0.75,249,"f2",0.394395184796361
0.75,249,"h",1.23289488109554
0.75,250,"f1",0.660897113058618
0.75,250,"f2",0.369374528016205
0.75,250,"h",1.26846696563902
0.75,251,"f1",0.578011221858418
0.75,251,"f2",0.38888786903471
0.75,251,"h",1.3052943324939
0.75,252,"f1",0.555936500831136
0.75,252,"f2",0.406643649211782
0.75,252,"h",1.41443577163719
0.75,253,"f1",0.649757629132091
0.75,253,"f2",0.352995548930144
0.75,253,"h",1.52703880669023
0.75,254,"f1",0.690610447432725
0.75,254,"f2",0.393418970910072
0.75,254,"h",1.22042718672993
0.75,255,"f1",0.545377965883863
0.75,255,"f2",0.42451813680116
0.75,255,"h",1.40962516431507
0.75,256,"f1",0.519038486026748
0.75,256,"f2",0.446634598235761
0.75,256,"h",1.25201773065266
0.75,257,"f1",0.57623672627442
0.75,257,"f2",0.418689143647412
0.75,257,"h",1.24068056994385
0.75,258,"f1",0.71335166092127
0.75,258,"f2",0.411900954769599
0.75,258,"h",1.42517091615465
0.75,259,"f1",0.476650966526165
0.75,259,"f2",0.418375284323136
0.75,259,"h",1.21524509849848
0.75,260,"f1",0.582511547671041
0.75,260,"f2",0.454600710494633
0.75,260,"h",1.30935551378183
0.75,261,"f1",0.500609216182567
0.75,261,"f2",0.398392740267814
0.75,261,"h",1.26573880898602
0.75,262,"f1",0.542827035889831
0.75,262,"f2",0.430424432866826
0.75,262,"h",1.25092629596027
0.75,263,"f1",0.614369771604977
0.75,263,"f2",0.426630738856351
0.75,263,"h",1.22531921454811
0.75,264,"f1",0.594337988486976
0.75,264,"f2",0.41992908686722
0.75,264,"h",1.28054564460492
0.75,265,"f1",0.657886053696867
0.75,265,"f2",0.415175161731276
0.75,265,"h",1.28976434898356
0.75,266,"f1",0.518367655889818
0.75,266,"f2",0.433009852177021
0.75,266,"h",1.18891627295584
0.75,267,"f1",0.712965231311409
0.75,267,"f2",0.421391487233911
0.75,267,"h",1.22678874192664
0.75,268,"f1",0.661734301467359
0.75,268,"f2",0.366051604043204
0.75,268,"h",1.45574238850723
0.75,269,"f1",0.541790830335074
0.75,269,"f2",0.421007842111433
0.75,269,"h",1.43793691203177
0.75,270,"f1",0.538952843701643
0.75,270,"f2",0.421827627119951
0.75,270,"h",1.2667580062913
0.75,271,"f1",0.56631332177635
0.75,271,"f2",0.429328099093841
0.75,271,"h",1.23702187441211
0.75,272,"f1",0.535853515288219
0.75,272,"f2",0.41856039505174
0.75,272,"h",1.23803917999093
0.75,273,"f1",0.619306326807887
0.75,273,"f2",0.483725412854215
0.75,273,"h",1.42724236825253
0.75,274,"f1",0.614159868662176
0.75,274,"f2",0.388169406267488
0.75,274,"h",1.29462491685971
0.75,275,"f1",0.664564151029459
0.75,275,"f2",0.425980200860373
0.75,275,"h",1.22886935284783
0.75,276,"f1",0.71991121555399
0.75,276,"f2",0.409251986898202
0.75,276,"h",1.23550814881119
0.75,277,"f1",0.745285044920822
0.75,277,"f2",0.442265860280971
0.75,277,"h",1.24602499297498
0.75,278,"f1",0.650028069475355
0.75,278,"f2",0.413955808132095
0.75,278,"h",1.22156181246799
0.75,279,"f1",0.505975254690088
0.75,279,"f2",0.324875463873995
0.75,279,"h",1.74577264147883
0.75,280,"f1",0.600712371393986
0.75,280,"f2",0.42744813953763
0.75,280,"h",1.30866891317988
0.75,281,"f1",0.605729112006895
0.75,281,"f2",0.392269236107763
0.75,281,"h",1.25862578778528
0.75,282,"f1",0.666304956983406
0.75,282,"f2",0.430906790940232
0.75,282,"h",1.25871289426102
0.75,283,"f1",0.619965493059959
0.75,283,"f2",0.376305737008812
0.75,283,"h",1.6356374139634
0.75,284,"f1",0.630176522336859
0.75,284,"f2",0.423411501374718
0.75,284,"h",1.24090198433803
0.75,285,"f1",0.548029200014272
0.75,285,"f2",0.446554046596221
0.75,285,"h",1.24818941221675
0.75,286,"f1",0.678781532333309
0.75,286,"f2",0.416361810952786
0.75,286,"h",1.29206185233267
0.75,287,"f1",0.61519518617458
0.75,287,"f2",0.402191537836518
0.75,287,"h",1.22292445676827
0.75,288,"f1",0.673097412846697
0.75,288,"f2",0.406954066185002
0.75,288,"h",1.37978687191053
0.75,289,"f1",0.712307154511995
0.75,289,"f2",0.3717048784085
0.75,289,"h",1.31469095072761
0.75,290,"f1",0.605398351351841
0.75,290,"f2",0.421284288827033
0.75,290,"h",1.23429225589315
0.75,291,"f1",0.458810340317204
0.75,291,"f2",0.429224976250315
0.75,291,"h",1.23847927341454
0.75,292,"f1",0.700440813887731
0.75,292,"f2",0.441735590590133
0.75,292,"h",1.28251862892762
0.75,293,"f1",0.675038117953841
0.75,293,"f2",0.456891446248635
0.75,293,"h",1.31342431488298
0.75,294,"f1",0.62555042514874
0.75,294,"f2",0.409102877249757
0.75,294,"h",1.27332874508665
0.75,295,"f1",0.592203719785559
0.75,295,"f2",0.471411394648489
0.75,295,"h",1.21099962145996
0.75,296,"f1",0.546622063757318
0.75,296,"f2",0.400913245133806
0.75,296,"h",1.3756605555246
0.75,297,"f1",0.679684120421179
0.75,297,"f2",0.45371304759797
0.75,297,"h",1.58339126554488
0.75,298,"f1",0.679743284607906
0.75,298,"f2",0.404516732070148
0.75,298,"h",1.28185081072588
0.75,299,"f1",0.648612624910083
0.75,299,"f2",0.407802128509062
0.75,299,"h",1.20370201395168
0.75,300,"f1",0.515672685401295
0.75,300,"f2",0.468138519277878
0.75,300,"h",1.23650505889035
0.75,301,"f1",0.615543953520519
0.75,301,"f2",0.402567813435376
0.75,301,"h",1.26214720522652
0.75,302,"f1",0.590731306338074
0.75,302,"f2",0.439693841100978
0.75,302,"h",1.22967971360705
0.75,303,"f1",0.532409996951644
0.75,303,"f2",0.417817925551346
0.75,303,"h",1.25236379271558
0.75,304,"f1",0.596611111373327
0.75,304,"f2",0.384761634613061
0.75,304,"h",1.33742251442112
0.75,305,"f1",0.533059421932685
0.75,305,"f2",0.402686461904003
0.75,305,"h",1.23710951822677
0.75,306,"f1",0.52810420008838
0.75,306,"f2",0.419609883632773
0.75,306,"h",1.22749966262854
0.75,307,"f1",0.610060661856544
0.75,307,"f2",0.407562204371519
0.75,307,"h",1.45183501175765
0.75,308,"f1",0.586307458987639
0.75,308,"f2",0.411869245389861
0.75,308,"h",1.26534821441652
0.75,309,"f1",0.711756673330488
0.75,309,"f2",0.379183286703368
0.75,309,"h",1.19469267730832
0.75,310,"f1",0.594687133198857
0.75,310,"f2",0.401215669876763
0.75,310,"h",1.31224962840365
0.75,311,"f1",0.618567578064544
0.75,311,"f2",0.453992626859665
0.75,311,"h",1.25365646982151
0.75,312,"f1",0.653492335746689
0.75,312,"f2",0.431479280873594
0.75,312,"h",1.28311560808161
0.75,313,"f1",0.602059775407157
0.75,313,"f2",0.429478494631915
0.75,313,"h",1.26050608669007
0.75,314,"f1",0.783007720589966
0.75,314,"f2",0.410901996495607
0.75,314,"h",1.24553345132011
0.75,315,"f1",0.461537584697924
0.75,315,"f2",0.433854509195717
0.75,315,"h",1.28519071116622
0.75,316,"f1",0.468566406534451
0.75,316,"f2",0.401006840241868
0.75,316,"h",1.25837043670509
0.75,317,"f1",0.700100074209048
0.75,317,"f2",0.368811361904204
0.75,317,"h",1.28549448971466
0.75,318,"f1",0.717873128752361
0.75,318,"f2",0.385251232358971
0.75,318,"h",1.20542079116406
0.75,319,"f1",0.583409349140964
0.75,319,"f2",0.40218012568248
0.75,319,"h",1.6991164399081
0.75,320,"f1",0.687418985297595
0.75,320,"f2",0.400539230038092
0.75,320,"h",1.23705937843603
0.75,321,"f1",0.504238102131965
0.75,321,"f2",0.402076594823622
0.75,321,"h",1.22716793116422
0.75,322,"f1",0.618113488883398
0.75,322,"f2",0.403662937526766
0.75,322,"h",1.41773451683627
0.75,323,"f1",0.687306135120305
0.75,323,"f2",0.444322158724132
0.75,323,"h",1.26103774162671
0.75,324,"f1",0.527296143171993
0.75,324,"f2",0.392272310740927
0.75,324,"h",1.54773032636927
0.75,325,"f1",0.650516015809344
0.75,325,"f2",0.42442778423292
0.75,325,"h",1.26436469565105
0.75,326,"f1",0.658758946708468
0.75,326,"f2",0.456330687253479
0.75,326,"h",1.25101381644106
0.75,327,"f1",0.657269222355107
0.75,327,"f2",0.411525597987275
0.75,327,"h",1.41989221239132
0.75,328,"f1",0.677559851858867
0.75,328,"f2",0.442708450023946
0.75,328,"h",1.74132074314519
0.75,329,"f1",0.682614096346455
0.75,329,"f2",0.3868295527867
0.75,329,"h",1.25875415290692
0.75,330,"f1",0.647442228504979
0.75,330,"f2",0.36775986781808
0.75,330,"h",1.36250170240307
0.75,331,"f1",0.527979373777086
0.75,331,"f2",0.444837932257836
0.75,331,"h",1.32778050550109
0.75,332,"f1",0.541666783035352
0.75,332,"f2",0.387455340754784
0.75,332,"h",1.23053587136533
0.75,333,"f1",0.588694401979127
0.75,333,"f2",0.368684317814036
0.75,333,"h",1.60306064498253
0.75,334,"f1",0.620891773559809
0.75,334,"f2",0.405600980385749
0.75,334,"h",2.01273651784041
0.75,335,"f1",0.511701758486486
0.75,335,"f2",0.382971101201045
0.75,335,"h",1.2350933139979
0.75,336,"f1",0.636322675587871
0.75,336,"f2",0.467464304508549
0.75,336,"h",1.4234959959148
0.75,337,"f1",0.372999368867783
0.75,337,"f2",0.456341262184641
0.75,337,"h",1.29542253528626
0.75,338,"f1",0.620432897318997
0.75,338,"f2",0.407589989621255
0.75,338,"h",1.3643056764391
0.75,339,"f1",0.687500279444474
0.75,339,"f2",0.404189528704465
0.75,339,"h",1.2864551879452
0.75,340,"f1",0.60044600395808
0.75,340,"f2",0.401981572928742
0.75,340,"h",1.3796583090168
0.75,341,"f1",0.632835305594403
0.75,341,"f2",0.484226815093225
0.75,341,"h",1.24104057628337
0.75,342,"f1",0.665832816079948
0.75,342,"f2",0.370095491639931
0.75,342,"h",1.25477505386335
0.75,343,"f1",0.698152987144646
0.75,343,"f2",0.402089167651448
0.75,343,"h",1.33039896783781
0.75,344,"f1",0.625958714137849
0.75,344,"f2",0.448256366358315
0.75,344,"h",1.38284644015799
0.75,345,"f1",0.681762694989415
0.75,345,"f2",0.427545798297509
0.75,345,"h",1.46260611456513
0.75,346,"f1",0.682132888838894
0.75,346,"f2",0.444607870822609
0.75,346,"h",1.2314760348146
0.75,347,"f1",0.702451405092448
0.75,347,"f2",0.413976171828313
0.75,347,"h",1.33356796869932
0.75,348,"f1",0.636109965456693
0.75,348,"f2",0.397938901893466
0.75,348,"h",1.2536854734567
0.75,349,"f1",0.693260200081936
0.75,349,"f2",0.442296380726515
0.75,349,"h",1.2343641919217
0.75,350,"f1",0.684820218039164
0.75,350,"f2",0.419847746126601
0.75,350,"h",1.25383133096371
0.75,351,"f1",0.375951277993052
0.75,351,"f2",0.404407801597714
0.75,351,"h",1.29186741370241
0.75,352,"f1",0.580778983069523
0.75,352,"f2",0.391160778765877
0.75,352,"h",1.22242422120544
0.75,353,"f1",0.633273614365697
0.75,353,"f2",0.401601378433874
0.75,353,"h",1.23498904451195
0.75,354,"f1",0.596467575865553
0.75,354,"f2",0.425438101672965
0.75,354,"h",1.31519329441606
0.75,355,"f1",0.532561863218333
0.75,355,"f2",0.395878443372179
0.75,355,"h",1.57340640236747
0.75,356,"f1",0.559126295417557
0.75,356,"f2",0.414755623149575
0.75,356,"h",1.23188667042226
0.75,357,"f1",0.651470655475797
0.75,357,"f2",0.401481442875396
0.75,357,"h",1.23903482368262
0.75,358,"f1",0.366133615273621
0.75,358,"f2",0.357696230847095
0.75,358,"h",1.45689284686302
0.75,359,"f1",0.645075291847356
0.75,359,"f2",0.406955472156971
0.75,359,"h",1.21004365460668
0.75,360,"f1",0.604763230695424
0.75,360,"f2",0.382006845197614
0.75,360,"h",1.26035036252683
0.75,361,"f1",0.566867570452169
0.75,361,"f2",0.405431273523402
0.75,361,"h",1.20933860477202
0.75,362,"f1",0.641874151272189
0.75,362,"f2",0.379734813528551
0.75,362,"h",1.35541920163836
0.75,363,"f1",0.696211555089329
0.75,363,"f2",0.406625931820745
0.75,363,"h",1.23498755249675
0.75,364,"f1",0.58195749344043
0.75,364,"f2",0.441298807817696
0.75,364,"h",1.23954355984254
0.75,365,"f1",0.709266795266092
0.75,365,"f2",0.364874686476822
0.75,365,"h",1.56498358542971
0.75,366,"f1",0.475334442243898
0.75,366,"f2",0.407346880015716
0.75,366,"h",1.23427927257422
0.75,367,"f1",0.669057761655939
0.75,367,"f2",0.378582256597168
0.75,367,"h",1.36138452173659
0.75,368,"f1",0.602694690980996
0.75,368,"f2",0.417204293135557
0.75,368,"h",1.27624704743232
0.75,369,"f1",0.502174913875557
0.75,369,"f2",0.423180145348411
0.75,369,"h",1.30270951899159
0.75,370,"f1",0.507723469902707
0.75,370,"f2",0.427042514329339
0.75,370,"h",1.22324865913601
0.75,371,"f1",0.744996281239431
0.75,371,"f2",0.386898370058645
0.75,371,"h",1.62569681826358
0.75,372,"f1",0.559471076465475
0.75,372,"f2",0.419457499966107
0.75,372,"h",1.22435516638692
0.75,373,"f1",0.678300100738878
0.75,373,"f2",0.42448790900868
0.75,373,"h",1.24178646361961
0.75,374,"f1",0.701678776092951
0.75,374,"f2",0.426066213463459
0.75,374,"h",1.28096883571847
0.75,375,"f1",0.617066632300989
0.75,375,"f2",0.375461791729825
0.75,375,"h",1.20797454246654
0.75,376,"f1",0.576857605434593
0.75,376,"f2",0.437346028364814
0.75,376,"h",1.54763569197937
0.75,377,"f1",0.582156532048892
0.75,377,"f2",0.391044346480686
0.75,377,"h",1.2522571840366
0.75,378,"f1",0.568453307475468
0.75,378,"f2",0.450738127778676
0.75,378,"h",1.30088819204055
0.75,379,"f1",0.684721402317523
0.75,379,"f2",0.368792283489891
0.75,379,"h",1.51836874742917
0.75,380,"f1",0.742684041110572
0.75,380,"f2",0.38578130752364
0.75,380,"h",1.28212894073043
0.75,381,"f1",0.661918680944424
0.75,381,"f2",0.433658932768586
0.75,381,"h",1.23902094114822
0.75,382,"f1",0.607499715753918
0.75,382,"f2",0.411108698228603
0.75,382,"h",1.59683108427382
0.75,383,"f1",0.535633971827083
0.75,383,"f2",0.389154979007365
0.75,383,"h",1.35484379975051
0.75,384,"f1",0.640965446861358
0.75,384,"f2",0.397859508558672
0.75,384,"h",1.27044888473726
0.75,385,"f1",0.601700913087354
0.75,385,"f2",0.406330315038831
0.75,385,"h",1.25201662737073
0.75,386,"f1",0.558621536534088
0.75,386,"f2",0.438382616393239
0.75,386,"h",1.39162980514868
0.75,387,"f1",0.598457533643049
0.75,387,"f2",0.382033474425407
0.75,387,"h",1.29764962955917
0.75,388,"f1",0.641569152530646
0.75,388,"f2",0.41061029012695
0.75,388,"h",1.60962237384662
0.75,389,"f1",0.622311271078112
0.75,389,"f2",0.354227243206792
0.75,389,"h",1.30417598116705
0.75,390,"f1",0.686937528561534
0.75,390,"f2",0.383417842059775
0.75,390,"h",1.36688648928303
0.75,391,"f1",0.67448262760194
0.75,391,"f2",0.364589182959352
0.75,391,"h",1.35664812286045
0.75,392,"f1",0.757029322762808
0.75,392,"f2",0.419748386084414
0.75,392,"h",1.65403101191703
0.75,393,"f1",0.552828597206747
0.75,393,"f2",0.399493202664645
0.75,393,"h",1.46076281029437
0.75,394,"f1",0.698348151623803
0.75,394,"f2",0.412086855750207
0.75,394,"h",1.26987316688037
0.75,395,"f1",0.615031494354051
0.75,395,"f2",0.432342919258538
0.75,395,"h",1.29146928570103
0.75,396,"f1",0.589228683381305
0.75,396,"f2",0.423999177424443
0.75,396,"h",1.29889902252499
0.75,397,"f1",0.673235141356938
0.75,397,"f2",0.431175894752434
0.75,397,"h",1.39676509492998
0.75,398,"f1",0.653074555131601
0.75,398,"f2",0.428110120293599
0.75,398,"h",1.24788334605249
0.75,399,"f1",0.496695323040384
0.75,399,"f2",0.423463953286569
0.75,399,"h",1.24442871088282
0.75,400,"f1",0.646309265694294
0.75,400,"f2",0.445321020730781
0.75,400,"h",1.50587592184062
0.75,401,"f1",0.617100379133701
0.75,401,"f2",0.40305093569331
0.75,401,"h",1.35551612787775
0.75,402,"f1",0.542782071167488
0.75,402,"f2",0.386567617219355
0.75,402,"h",1.21837866538927
0.75,403,"f1",0.69021635528341
0.75,403,"f2",0.419262970969767
0.75,403,"h",1.22926480580645
0.75,404,"f1",0.669610999590059
0.75,404,"f2",0.406167928615557
0.75,404,"h",1.36388579155526
0.75,405,"f1",0.574983597195971
0.75,405,"f2",0.391898243566345
0.75,405,"h",1.5393257258259
0.75,406,"f1",0.480624701499161
0.75,406,"f2",0.403825917489143
0.75,406,"h",1.32449197811829
0.75,407,"f1",0.458411684846875
0.75,407,"f2",0.427399182530531
0.75,407,"h",1.3525911151129
0.75,408,"f1",0.458114910143547
0.75,408,"f2",0.438127075597855
0.75,408,"h",1.20773967561749
0.75,409,"f1",0.701823943552843
0.75,409,"f2",0.43653886253277
0.75,409,"h",1.22564434853982
0.75,410,"f1",0.564116316203206
0.75,410,"f2",0.44433787846284
0.75,410,"h",1.23606086315391
0.75,411,"f1",0.684366456710856
0.75,411,"f2",0.430684370666748
0.75,411,"h",1.22467949640762
0.75,412,"f1",0.634769894835192
0.75,412,"f2",0.425225526427452
0.75,412,"h",1.51848493998451
0.75,413,"f1",0.625499429663167
0.75,413,"f2",0.427232852562027
0.75,413,"h",1.25908247462227
0.75,414,"f1",0.620253173262847
0.75,414,"f2",0.389292689092413
0.75,414,"h",1.35635154168038
0.75,415,"f1",0.618579345111933
0.75,415,"f2",0.389582733442068
0.75,415,"h",1.3634310550085
0.75,416,"f1",0.636151389661438
0.75,416,"f2",0.416071501004573
0.75,416,"h",1.44713722858111
0.75,417,"f1",0.535977230862126
0.75,417,"f2",0.392586052361263
0.75,417,"h",1.29281338881464
0.75,418,"f1",0.527432740730559
0.75,418,"f2",0.449784566695525
0.75,418,"h",1.23263075173194
0.75,419,"f1",0.599898134842941
0.75,419,"f2",0.426315802593465
0.75,419,"h",1.23957399285466
0.75,420,"f1",0.521426793679804
0.75,420,"f2",0.40749462011831
0.75,420,"h",1.3625119477256
0.75,421,"f1",0.665150047299817
0.75,421,"f2",0.387971835496215
0.75,421,"h",1.26438103623611
0.75,422,"f1",0.595199946768289
0.75,422,"f2",0.395453063379675
0.75,422,"h",2.05309482117737
0.75,423,"f1",0.63177841973337
0.75,423,"f2",0.461678967590762
0.75,423,"h",1.3301062225372
0.75,424,"f1",0.696234063814147
0.75,424,"f2",0.437456666476858
0.75,424,"h",1.27730027933017
0.75,425,"f1",0.571452042216306
0.75,425,"f2",0.394979463332521
0.75,425,"h",1.26337577315992
0.75,426,"f1",0.58823814236091
0.75,426,"f2",0.388448154313508
0.75,426,"h",1.2353198371194
0.75,427,"f1",0.549320755617003
0.75,427,"f2",0.388988927652114
0.75,427,"h",1.32239689096568
0.75,428,"f1",0.680257900959584
0.75,428,"f2",0.410967884051106
0.75,428,"h",1.25345368253606
0.75,429,"f1",0.738393565032656
0.75,429,"f2",0.419848214532157
0.75,429,"h",1.35840437680535
0.75,430,"f1",0.588643911765331
0.75,430,"f2",0.421077228133888
0.75,430,"h",1.27688930382835
0.75,431,"f1",0.532616482404622
0.75,431,"f2",0.434252649199882
0.75,431,"h",1.27189986722232
0.75,432,"f1",0.542831062727711
0.75,432,"f2",0.426374080543062
0.75,432,"h",1.35835608446398
0.75,433,"f1",0.682801028007711
0.75,433,"f2",0.445274264744666
0.75,433,"h",1.24461390868352
0.75,434,"f1",0.666017892414989
0.75,434,"f2",0.425773816832298
0.75,434,"h",1.74547132448913
0.75,435,"f1",0.683996736199998
0.75,435,"f2",0.408179069220783
0.75,435,"h",1.25697520157555
0.75,436,"f1",0.437235358453847
0.75,436,"f2",0.40894580757489
0.75,436,"h",1.21876041905119
0.75,437,"f1",0.649532441909773
0.75,437,"f2",0.379384680625671
0.75,437,"h",1.32107918464467
0.75,438,"f1",0.661544526265309
0.75,438,"f2",0.409388734756269
0.75,438,"h",1.2277689983848
0.75,439,"f1",0.614157701645618
0.75,439,"f2",0.444066534302436
0.75,439,"h",1.2388565608637
0.75,440,"f1",0.641760617426071
0.75,440,"f2",0.44537677384732
0.75,440,"h",1.28376805021246
0.75,441,"f1",0.533786746453165
0.75,441,"f2",0.388324028477143
0.75,441,"h",1.6282246800402
0.75,442,"f1",0.585792704767831
0.75,442,"f2",0.390716446249637
0.75,442,"h",1.33394380249096
0.75,443,"f1",0.493892883671747
0.75,443,"f2",0.449490093534683
0.75,443,"h",1.23091202844596
0.75,444,"f1",0.697276048150368
0.75,444,"f2",0.388197276225178
0.75,444,"h",1.38139503950895
0.75,445,"f1",0.561580445460443
0.75,445,"f2",0.377788170106887
0.75,445,"h",1.26742929924044
0.75,446,"f1",0.628460762300164
0.75,446,"f2",0.414308099148325
0.75,446,"h",1.26401127659051
0.75,447,"f1",0.606362875792933
0.75,447,"f2",0.419322277953363
0.75,447,"h",1.22981060503004
0.75,448,"f1",0.573005182038453
0.75,448,"f2",0.37504431494714
0.75,448,"h",1.5000538312842
0.75,449,"f1",0.58830691591499
0.75,449,"f2",0.426834538457857
0.75,449,"h",1.28391505487963
0.75,450,"f1",0.643458486633388
0.75,450,"f2",0.416371159646036
0.75,450,"h",1.28811511677538
0.75,451,"f1",0.675187858502457
0.75,451,"f2",0.397444830589706
0.75,451,"h",1.24033833496945
0.75,452,"f1",0.606992107918128
0.75,452,"f2",0.393050616911198
0.75,452,"h",1.22860694431048
0.75,453,"f1",0.525735954638703
0.75,453,"f2",0.479841022347973
0.75,453,"h",1.13966748078784
0.75,454,"f1",0.668154858828743
0.75,454,"f2",0.409169844211356
0.75,454,"h",1.42840588403953
0.75,455,"f1",0.479171658645507
0.75,455,"f2",0.498507453981388
0.75,455,"h",1.19802221412936
0.75,456,"f1",0.655580729040134
0.75,456,"f2",0.384315249225896
0.75,456,"h",1.27227920710522
0.75,457,"f1",0.664772924541916
0.75,457,"f2",0.432414151275395
0.75,457,"h",1.27122102184775
0.75,458,"f1",0.614967057051663
0.75,458,"f2",0.404208299015772
0.75,458,"h",1.20983304255889
0.75,459,"f1",0.643607984524375
0.75,459,"f2",0.397361063403267
0.75,459,"h",1.22145859281089
0.75,460,"f1",0.572579390579034
0.75,460,"f2",0.444498831101054
0.75,460,"h",1.27135371873897
0.75,461,"f1",0.719700005892719
0.75,461,"f2",0.402372416456307
0.75,461,"h",1.30944801601934
0.75,462,"f1",0.507442094390887
0.75,462,"f2",0.435548064646533
0.75,462,"h",1.24054794840779
0.75,463,"f1",0.580825620755325
0.75,463,"f2",0.384172565325199
0.75,463,"h",1.55018516247193
0.75,464,"f1",0.473463100912497
0.75,464,"f2",0.426211954165624
0.75,464,"h",1.3018112983779
0.75,465,"f1",0.682207310592809
0.75,465,"f2",0.38618940491749
0.75,465,"h",1.22860098250853
0.75,466,"f1",0.423784599342131
0.75,466,"f2",0.437503916325255
0.75,466,"h",1.31564634610608
0.75,467,"f1",0.680450114848562
0.75,467,"f2",0.394831452228793
0.75,467,"h",1.89329745234264
0.75,468,"f1",0.640767187678292
0.75,468,"f2",0.469854559543877
0.75,468,"h",1.29533111651902
0.75,469,"f1",0.667653382872581
0.75,469,"f2",0.396005444492813
0.75,469,"h",1.98123055179371
0.75,470,"f1",0.550064580427938
0.75,470,"f2",0.401775346718268
0.75,470,"h",1.30572082578
0.75,471,"f1",0.574252829750185
0.75,471,"f2",0.402565431802443
0.75,471,"h",1.20589932164715
0.75,472,"f1",0.746312848825068
0.75,472,"f2",0.384133056210951
0.75,472,"h",1.28290235618716
0.75,473,"f1",0.623964796981847
0.75,473,"f2",0.397025697168931
0.75,473,"h",1.38842180760955
0.75,474,"f1",0.708537500629132
0.75,474,"f2",0.395166322437079
0.75,474,"h",1.28765523312247
0.75,475,"f1",0.579755853314493
0.75,475,"f2",0.390371255835778
0.75,475,"h",1.20196755505892
0.75,476,"f1",0.620435755941746
0.75,476,"f2",0.400490981698936
0.75,476,"h",1.29197918203665
0.75,477,"f1",0.574673398304443
0.75,477,"f2",0.463176271921626
0.75,477,"h",1.42226792003921
0.75,478,"f1",0.608772794148913
0.75,478,"f2",0.446444641044164
0.75,478,"h",1.24032867686957
0.75,479,"f1",0.652856472101002
0.75,479,"f2",0.383137002345833
0.75,479,"h",1.37042921479919
0.75,480,"f1",0.638261606080546
0.75,480,"f2",0.366124195335808
0.75,480,"h",1.28140054233341
0.75,481,"f1",0.588721240641145
0.75,481,"f2",0.426296167169493
0.75,481,"h",1.45167400245389
0.75,482,"f1",0.571524742072052
0.75,482,"f2",0.398219769381894
0.75,482,"h",1.25644684190015
0.75,483,"f1",0.551922144117945
0.75,483,"f2",0.387236430821363
0.75,483,"h",1.18578845897431
0.75,484,"f1",0.56274486138901
0.75,484,"f2",0.405040876958651
0.75,484,"h",1.18714870033743
0.75,485,"f1",0.698551225642918
0.75,485,"f2",0.417088732862806
0.75,485,"h",1.26564478923792
0.75,486,"f1",0.473568365879676
0.75,486,"f2",0.369775802861328
0.75,486,"h",1.20466396663962
0.75,487,"f1",0.544247272656522
0.75,487,"f2",0.418331872749381
0.75,487,"h",1.23261211212823
0.75,488,"f1",0.649740622741821
0.75,488,"f2",0.406138091146406
0.75,488,"h",1.2895215042344
0.75,489,"f1",0.527005172726483
0.75,489,"f2",0.432787981617155
0.75,489,"h",1.27044507852654
0.75,490,"f1",0.796685882523364
0.75,490,"f2",0.428433746888305
0.75,490,"h",1.22220517168109
0.75,491,"f1",0.589673237840958
0.75,491,"f2",0.446277219452507
0.75,491,"h",1.34342830902891
0.75,492,"f1",0.683514535333713
0.75,492,"f2",0.372509942353573
0.75,492,"h",1.33600392097897
0.75,493,"f1",0.738924841277015
0.75,493,"f2",0.411222609769264
0.75,493,"h",1.26195757658308
0.75,494,"f1",0.620744491747843
0.75,494,"f2",0.374366764499921
0.75,494,"h",1.33736392492734
0.75,495,"f1",0.673935083972927
0.75,495,"f2",0.411696901709204
0.75,495,"h",1.44657719917682
0.75,496,"f1",0.635506911444104
0.75,496,"f2",0.433718213891685
0.75,496,"h",1.22961494334162
0.75,497,"f1",0.658450431415394
0.75,497,"f2",0.391060838926401
0.75,497,"h",1.26391200242954
0.75,498,"f1",0.636034651509223
0.75,498,"f2",0.440313572009806
0.75,498,"h",1.20346759310653
0.75,499,"f1",0.612754236017888
0.75,499,"f2",0.390731280447388
0.75,499,"h",1.59347197168026
0.75,500,"f1",0.57028526385005
0.75,500,"f2",0.418893819747643
0.75,500,"h",1.31595816681215
0.75,501,"f1",0.678684967844279
0.75,501,"f2",0.389531657052347
0.75,501,"h",1.29378287283028
0.75,502,"f1",0.610726417901458
0.75,502,"f2",0.412005862788833
0.75,502,"h",1.24246702538171
0.75,503,"f1",0.61197885746767
0.75,503,"f2",0.391531777181805
0.75,503,"h",1.29113791182696
0.75,504,"f1",0.52836707322005
0.75,504,"f2",0.427650326750494
0.75,504,"h",1.23414689219705
0.75,505,"f1",0.501547197140578
0.75,505,"f2",0.42816759550571
0.75,505,"h",1.23073286358781
0.75,506,"f1",0.588480332824258
0.75,506,"f2",0.402719045204592
0.75,506,"h",1.28548922466895
0.75,507,"f1",0.629237313319183
0.75,507,"f2",0.433319195076338
0.75,507,"h",1.24028265777047
0.75,508,"f1",0.509926769534083
0.75,508,"f2",0.424502863883592
0.75,508,"h",1.23046711941212
0.75,509,"f1",0.646225626239954
0.75,509,"f2",0.472467634449331
0.75,509,"h",1.2334012219598
0.75,510,"f1",0.37735758725989
0.75,510,"f2",0.443525880807464
0.75,510,"h",1.26725562347082
0.75,511,"f1",0.720375236728977
0.75,511,"f2",0.37547501127262
0.75,511,"h",1.29536987880968
0.75,512,"f1",0.595954997704183
0.75,512,"f2",0.416844156145862
0.75,512,"h",1.22343196063789
0.75,513,"f1",0.650597137341711
0.75,513,"f2",0.436180061303689
0.75,513,"h",1.22985809695285
0.75,514,"f1",0.519061231530934
0.75,514,"f2",0.415692881498224
0.75,514,"h",1.23547861286036
0.75,515,"f1",0.66813586657567
0.75,515,"f2",0.417274896972577
0.75,515,"h",1.26097807510287
0.75,516,"f1",0.641825957196523
0.75,516,"f2",0.397600585203939
0.75,516,"h",1.2479117914078
0.75,517,"f1",0.656284803178981
0.75,517,"f2",0.399216437967761
0.75,517,"h",1.72616051274363
0.75,518,"f1",0.778245592515584
0.75,518,"f2",0.381194763427897
0.75,518,"h",1.21754024185121
0.75,519,"f1",0.653156773789707
0.75,519,"f2",0.409072347999045
0.75,519,"h",1.41153315608163
0.75,520,"f1",0.562499710830316
0.75,520,"f2",0.425120257271639
0.75,520,"h",1.21931352232363
0.75,521,"f1",0.592422036071523
0.75,521,"f2",0.432268787052162
0.75,521,"h",1.24483185861962
0.75,522,"f1",0.685693574182093
0.75,522,"f2",0.398955533155616
0.75,522,"h",1.24006564294228
0.75,523,"f1",0.685765478872728
0.75,523,"f2",0.399975741200007
0.75,523,"h",1.27090437011932
0.75,524,"f1",0.649278319654373
0.75,524,"f2",0.413165050618211
0.75,524,"h",1.27790359046178
0.75,525,"f1",0.54163071619823
0.75,525,"f2",0.388873936718779
0.75,525,"h",1.3052157090417
0.75,526,"f1",0.644668112767275
0.75,526,"f2",0.475509073400424
0.75,526,"h",1.31237667486355
0.75,527,"f1",0.651964311889109
0.75,527,"f2",0.438182962496701
0.75,527,"h",1.233106432746
0.75,528,"f1",0.590124332412339
0.75,528,"f2",0.429445801694963
0.75,528,"h",1.2742884218874
0.75,529,"f1",0.575786951649106
0.75,529,"f2",0.393072476407408
0.75,529,"h",1.23883633240016
0.75,530,"f1",0.71332463711629
0.75,530,"f2",0.418223145974301
0.75,530,"h",1.20571023955344
0.75,531,"f1",0.514428075842176
0.75,531,"f2",0.363497493780591
0.75,531,"h",1.26361715357699
0.75,532,"f1",0.630060916262974
0.75,532,"f2",0.434312562914438
0.75,532,"h",1.227939118444
0.75,533,"f1",0.727586271692327
0.75,533,"f2",0.406144861337454
0.75,533,"h",1.28724658656935
0.75,534,"f1",0.508354372567109
0.75,534,"f2",0.436277919878982
0.75,534,"h",1.24897445010218
0.75,535,"f1",0.559310903797307
0.75,535,"f2",0.402671978637729
0.75,535,"h",1.16919259267979
0.75,536,"f1",0.616560626441152
0.75,536,"f2",0.404228920247136
0.75,536,"h",1.31680499806915
0.75,537,"f1",0.6686880510337
0.75,537,"f2",0.36996160862606
0.75,537,"h",1.2832877253633
0.75,538,"f1",0.697711233794091
0.75,538,"f2",0.40852695239987
0.75,538,"h",1.27120916346016
0.75,539,"f1",0.618263873235173
0.75,539,"f2",0.44479060185107
0.75,539,"h",1.30749905273324
0.75,540,"f1",0.696818198317605
0.75,540,"f2",0.376061120110125
0.75,540,"h",1.2317991000583
0.75,541,"f1",0.574867798571004
0.75,541,"f2",0.433792747040005
0.75,541,"h",1.99584799312825
0.75,542,"f1",0.589492873863757
0.75,542,"f2",0.368762597297485
0.75,542,"h",1.16477844126044
0.75,543,"f1",0.553266114511349
0.75,543,"f2",0.393824460867351
0.75,543,"h",1.39323176403507
0.75,544,"f1",0.459500230080493
0.75,544,"f2",0.368555316072054
0.75,544,"h",1.23894314147131
0.75,545,"f1",0.702782425713911
0.75,545,"f2",0.428084942518402
0.75,545,"h",1.56734797757911
0.75,546,"f1",0.559589554859503
0.75,546,"f2",0.475270075829481
0.75,546,"h",1.211135138256
0.75,547,"f1",0.632872483544711
0.75,547,"f2",0.404265956716438
0.75,547,"h",1.40018542410049
0.75,548,"f1",0.547994790441756
0.75,548,"f2",0.42359285287643
0.75,548,"h",1.2373970071412
0.75,549,"f1",0.690091004856551
0.75,549,"f2",0.45041493662128
0.75,549,"h",1.27176676005682
0.75,550,"f1",0.624673900423465
0.75,550,"f2",0.434259985581208
0.75,550,"h",1.33055459277422
0.75,551,"f1",0.455354207443909
0.75,551,"f2",0.42919529003708
0.75,551,"h",1.27566925462072
0.75,552,"f1",0.591465781328904
0.75,552,"f2",0.450465669716334
0.75,552,"h",1.19508681659673
0.75,553,"f1",0.629663320960704
0.75,553,"f2",0.400712572057813
0.75,553,"h",1.37016318577148
0.75,554,"f1",0.657899065713766
0.75,554,"f2",0.384367074418589
0.75,554,"h",1.23519443482505
0.75,555,"f1",0.692479510831799
0.75,555,"f2",0.363884335435402
0.75,555,"h",1.20532752337776
0.75,556,"f1",0.631360859174079
0.75,556,"f2",0.415985951878279
0.75,556,"h",1.24693171667666
0.75,557,"f1",0.710406233422948
0.75,557,"f2",0.395360868684906
0.75,557,"h",1.2898167684606
0.75,558,"f1",0.658115451215014
0.75,558,"f2",0.416553810092835
0.75,558,"h",1.27926379643054
0.75,559,"f1",0.463954378883722
0.75,559,"f2",0.442834611306649
0.75,559,"h",1.21714929074523
0.75,560,"f1",0.609939639438106
0.75,560,"f2",0.391021418515904
0.75,560,"h",1.47243670245764
0.75,561,"f1",0.627202234686383
0.75,561,"f2",0.449855408329087
0.75,561,"h",1.23780573308575
0.75,562,"f1",0.557440667689795
0.75,562,"f2",0.414933285690123
0.75,562,"h",1.27510856581163
0.75,563,"f1",0.54251873492847
0.75,563,"f2",0.36748823041987
0.75,563,"h",1.30365466100139
0.75,564,"f1",0.528727842935592
0.75,564,"f2",0.406802975909405
0.75,564,"h",1.22321643664312
0.75,565,"f1",0.630514193056869
0.75,565,"f2",0.410979671865662
0.75,565,"h",1.22684584029856
0.75,566,"f1",0.593824936600884
0.75,566,"f2",0.419663971651164
0.75,566,"h",1.21673427630788
0.75,567,"f1",0.673161191335787
0.75,567,"f2",0.426567038259734
0.75,567,"h",1.42817740189042
0.75,568,"f1",0.54523029024497
0.75,568,"f2",0.414075606909162
0.75,568,"h",1.30394716361211
0.75,569,"f1",0.641669113663956
0.75,569,"f2",0.454627075102314
0.75,569,"h",1.28105593650381
0.75,570,"f1",0.642822108878594
0.75,570,"f2",0.40736028328346
0.75,570,"h",1.31852240688351
0.75,571,"f1",0.638431757480783
0.75,571,"f2",0.409999093933706
0.75,571,"h",1.2407094369298
0.75,572,"f1",0.492235041064662
0.75,572,"f2",0.408948645701878
0.75,572,"h",1.30224090652832
0.75,573,"f1",0.71011677193283
0.75,573,"f2",0.423685363230519
0.75,573,"h",2.01170677851707
0.75,574,"f1",0.557221683438584
0.75,574,"f2",0.378796872099316
0.75,574,"h",1.30096850776477
0.75,575,"f1",0.566785480065667
0.75,575,"f2",0.393682346532388
0.75,575,"h",1.30236046580301
0.75,576,"f1",0.672523901353709
0.75,576,"f2",0.395597046632103
0.75,576,"h",1.28741096481892
0.75,577,"f1",0.550815151943686
0.75,577,"f2",0.417126662999364
0.75,577,"h",1.24511419978447
0.75,578,"f1",0.572164485001402
0.75,578,"f2",0.45340186039996
0.75,578,"h",1.30733481465865
0.75,579,"f1",0.689825587673208
0.75,579,"f2",0.467074876600083
0.75,579,"h",1.26286590502749
0.75,580,"f1",0.613113352146458
0.75,580,"f2",0.416766059838693
0.75,580,"h",1.2866250125557
0.75,581,"f1",0.665245165770397
0.75,581,"f2",0.389611021981571
0.75,581,"h",1.25406864609785
0.75,582,"f1",0.550776318070029
0.75,582,"f2",0.467477986874509
0.75,582,"h",1.23717902166165
0.75,583,"f1",0.599710336068746
0.75,583,"f2",0.383416490445159
0.75,583,"h",1.21521049548951
0.75,584,"f1",0.703572570903814
0.75,584,"f2",0.392567165363278
0.75,584,"h",1.49575009480426
0.75,585,"f1",0.432350225067365
0.75,585,"f2",0.425034212528923
0.75,585,"h",1.2195817259553
0.75,586,"f1",0.695130800111406
0.75,586,"f2",0.414616054806926
0.75,586,"h",1.36519545112408
0.75,587,"f1",0.510830593072061
0.75,587,"f2",0.361441028025017
0.75,587,"h",1.27136479886641
0.75,588,"f1",0.617525900113779
0.75,588,"f2",0.455680458677611
0.75,588,"h",1.2231274313413
0.75,589,"f1",0.566875800710802
0.75,589,"f2",0.445381862828761
0.75,589,"h",1.2589996707432
0.75,590,"f1",0.588309382103884
0.75,590,"f2",0.429243112828173
0.75,590,"h",1.23365572718005
0.75,591,"f1",0.652846907368104
0.75,591,"f2",0.407398998401039
0.75,591,"h",1.25204441524131
0.75,592,"f1",0.749480329488887
0.75,592,"f2",0.382682865199941
0.75,592,"h",1.40168052696083
0.75,593,"f1",0.65197805936096
0.75,593,"f2",0.392968668700754
0.75,593,"h",1.3157618148481
0.75,594,"f1",0.454672883618835
0.75,594,"f2",0.455533286397124
0.75,594,"h",1.25656130939362
0.75,595,"f1",0.655999098345456
0.75,595,"f2",0.410071896292246
0.75,595,"h",1.26886564131973
0.75,596,"f1",0.642361697641741
0.75,596,"f2",0.396545372837407
0.75,596,"h",1.19617259205423
0.75,597,"f1",0.583450320889078
0.75,597,"f2",0.411201069649277
0.75,597,"h",1.38739438340967
0.75,598,"f1",0.549889553197151
0.75,598,"f2",0.398232677624142
0.75,598,"h",1.65930664503472
0.75,599,"f1",0.600799609572501
0.75,599,"f2",0.445545730035184
0.75,599,"h",1.41223441432352
0.75,600,"f1",0.53180949409251
0.75,600,"f2",0.409287716706958
0.75,600,"h",1.22787764253401
0.75,601,"f1",0.635143839328478
0.75,601,"f2",0.389703133810655
0.75,601,"h",1.28903495629624
0.75,602,"f1",0.588913322094652
0.75,602,"f2",0.406997187594954
0.75,602,"h",1.29635351932721
0.75,603,"f1",0.613730114384891
0.75,603,"f2",0.415840615179652
0.75,603,"h",1.23902852884369
0.75,604,"f1",0.610338259704966
0.75,604,"f2",0.422840092769283
0.75,604,"h",1.29943867332977
0.75,605,"f1",0.492508055938106
0.75,605,"f2",0.421759361063412
0.75,605,"h",1.32763153975295
0.75,606,"f1",0.624945533393035
0.75,606,"f2",0.4193862320175
0.75,606,"h",1.59480371037754
0.75,607,"f1",0.663688582519741
0.75,607,"f2",0.401489608346518
0.75,607,"h",1.25794206953458
0.75,608,"f1",0.702191555610169
0.75,608,"f2",0.441385976766068
0.75,608,"h",1.32272481870407
0.75,609,"f1",0.611481096343542
0.75,609,"f2",0.393017541589852
0.75,609,"h",1.37135945357376
0.75,610,"f1",0.592260903666575
0.75,610,"f2",0.395808729875546
0.75,610,"h",1.2023873539982
0.75,611,"f1",0.583553420443499
0.75,611,"f2",0.421173438828159
0.75,611,"h",1.26211093026529
0.75,612,"f1",0.617978543292854
0.75,612,"f2",0.430266964586659
0.75,612,"h",1.2252810582421
0.75,613,"f1",0.50012400810209
0.75,613,"f2",0.426899998351202
0.75,613,"h",1.28075223076196
0.75,614,"f1",0.585739051304228
0.75,614,"f2",0.44070242571775
0.75,614,"h",1.20709276760801
0.75,615,"f1",0.48164644323811
0.75,615,"f2",0.411654694327841
0.75,615,"h",1.28214951631542
0.75,616,"f1",0.636142916308702
0.75,616,"f2",0.440137250668699
0.75,616,"h",1.27574377017504
0.75,617,"f1",0.555938487961539
0.75,617,"f2",0.445596088487769
0.75,617,"h",1.22704213545337
0.75,618,"f1",0.633393074526448
0.75,618,"f2",0.410286897869997
0.75,618,"h",1.32946922810359
0.75,619,"f1",0.432759134407026
0.75,619,"f2",0.427093218770475
0.75,619,"h",1.26746243693218
0.75,620,"f1",0.649784823946593
0.75,620,"f2",0.386743967305384
0.75,620,"h",1.18679945194577
0.75,621,"f1",0.637315196919556
0.75,621,"f2",0.411854380408564
0.75,621,"h",1.24991152987827
0.75,622,"f1",0.640380010410396
0.75,622,"f2",0.412440372809979
0.75,622,"h",1.32143502467871
0.75,623,"f1",0.660003511109227
0.75,623,"f2",0.407944735239215
0.75,623,"h",1.48696871517279
0.75,624,"f1",0.717241477457202
0.75,624,"f2",0.344811078002993
0.75,624,"h",1.21112505500333
0.75,625,"f1",0.559658042449141
0.75,625,"f2",0.386790717728423
0.75,625,"h",1.23360950934782
0.75,626,"f1",0.588086846443596
0.75,626,"f2",0.456039414217624
0.75,626,"h",1.30589159847994
0.75,627,"f1",0.566167181288206
0.75,627,"f2",0.390949775990103
0.75,627,"h",1.6730306404808
0.75,628,"f1",0.494546173187694
0.75,628,"f2",0.473133096793369
0.75,628,"h",1.27775180681131
0.75,629,"f1",0.657900728470703
0.75,629,"f2",0.431392604583919
0.75,629,"h",1.31474866334302
0.75,630,"f1",0.645693142539918
0.75,630,"f2",0.393725449512161
0.75,630,"h",1.28224892497522
0.75,631,"f1",0.649661160452235
0.75,631,"f2",0.395165706567933
0.75,631,"h",1.25547108555628
0.75,632,"f1",0.636354386351602
0.75,632,"f2",0.367724253048395
0.75,632,"h",1.18196425909477
0.75,633,"f1",0.644731245469078
0.75,633,"f2",0.384831085414064
0.75,633,"h",1.40668022078946
0.75,634,"f1",0.483183157251521
0.75,634,"f2",0.450488172164164
0.75,634,"h",1.26438041022784
0.75,635,"f1",0.66345360319509
0.75,635,"f2",0.400934558584848
0.75,635,"h",1.28120397727847
0.75,636,"f1",0.567175760539424
0.75,636,"f2",0.425719810372128
0.75,636,"h",1.25485470155064
0.75,637,"f1",0.611207871210635
0.75,637,"f2",0.390232622172591
0.75,637,"h",1.27638149053923
0.75,638,"f1",0.635456667764864
0.75,638,"f2",0.438476641109057
0.75,638,"h",1.25311938627942
0.75,639,"f1",0.59854423908599
0.75,639,"f2",0.38555189947488
0.75,639,"h",1.33834735287186
0.75,640,"f1",0.626174715856752
0.75,640,"f2",0.405345153079673
0.75,640,"h",1.33626615945113
0.75,641,"f1",0.677052042094865
0.75,641,"f2",0.423152592913179
0.75,641,"h",1.24815752744448
0.75,642,"f1",0.703423790358823
0.75,642,"f2",0.430815699855359
0.75,642,"h",1.31234014796251
0.75,643,"f1",0.683826208343873
0.75,643,"f2",0.416672899445316
0.75,643,"h",1.25996076706264
0.75,644,"f1",0.654232202998241
0.75,644,"f2",0.420274052721983
0.75,644,"h",1.22313670585668
0.75,645,"f1",0.65253814833379
0.75,645,"f2",0.39380077426084
0.75,645,"h",1.24423232753901
0.75,646,"f1",0.622822003419182
0.75,646,"f2",0.413920376692
0.75,646,"h",1.23718324560236
0.75,647,"f1",0.474441390812651
0.75,647,"f2",0.377104922057473
0.75,647,"h",1.33500486445753
0.75,648,"f1",0.556073743115035
0.75,648,"f2",0.394838788709052
0.75,648,"h",1.42623629462427
0.75,649,"f1",0.685828213141596
0.75,649,"f2",0.37943556179319
0.75,649,"h",1.33443205346211
0.75,650,"f1",0.673259433649191
0.75,650,"f2",0.434490992518119
0.75,650,"h",1.24326978513752
0.75,651,"f1",0.581485683849578
0.75,651,"f2",0.441549785044599
0.75,651,"h",1.22998147732468
0.75,652,"f1",0.652118193641475
0.75,652,"f2",0.401056489880295
0.75,652,"h",1.25616634499999
0.75,653,"f1",0.421241222589995
0.75,653,"f2",0.41982242103421
0.75,653,"h",1.23620700017848
0.75,654,"f1",0.482024229724355
0.75,654,"f2",0.393666836787901
0.75,654,"h",1.58898111385172
0.75,655,"f1",0.562895044957468
0.75,655,"f2",0.397159005506663
0.75,655,"h",1.23366224924645
0.75,656,"f1",0.611441546033213
0.75,656,"f2",0.418545213908773
0.75,656,"h",1.25970132587214
0.75,657,"f1",0.585288871140346
0.75,657,"f2",0.411519307933301
0.75,657,"h",1.24122838889977
0.75,658,"f1",0.627152302415548
0.75,658,"f2",0.427293632078431
0.75,658,"h",1.24743248580938
0.75,659,"f1",0.544144630232231
0.75,659,"f2",0.414279707426892
0.75,659,"h",1.26537185980631
0.75,660,"f1",0.6154159436749
0.75,660,"f2",0.396844027301781
0.75,660,"h",1.31586822652002
0.75,661,"f1",0.570335427388959
0.75,661,"f2",0.404615847421918
0.75,661,"h",1.26651483861856
0.75,662,"f1",0.56603941113811
0.75,662,"f2",0.394210727409114
0.75,662,"h",1.2243008153463
0.75,663,"f1",0.681781751690557
0.75,663,"f2",0.425969762640201
0.75,663,"h",1.28811226199255
0.75,664,"f1",0.689779795958213
0.75,664,"f2",0.393063076645407
0.75,664,"h",1.27669764353096
0.75,665,"f1",0.620640338199142
0.75,665,"f2",0.390363110574206
0.75,665,"h",1.29357386694749
0.75,666,"f1",0.572832322049693
0.75,666,"f2",0.422190318794146
0.75,666,"h",1.25157973360935
0.75,667,"f1",0.567915177657656
0.75,667,"f2",0.43432095332493
0.75,667,"h",1.23180668841623
0.75,668,"f1",0.545965636687049
0.75,668,"f2",0.375930154646297
0.75,668,"h",1.18441262126233
0.75,669,"f1",0.548521815549242
0.75,669,"f2",0.39503964854831
0.75,669,"h",1.23545198805901
0.75,670,"f1",0.67186251427887
0.75,670,"f2",0.394621751901213
0.75,670,"h",1.25542201675109
0.75,671,"f1",0.535958746195746
0.75,671,"f2",0.392104845965244
0.75,671,"h",1.24580103763089
0.75,672,"f1",0.575439822727487
0.75,672,"f2",0.4127722345582
0.75,672,"h",1.23880913312376
0.75,673,"f1",0.708853715834972
0.75,673,"f2",0.362640980645439
0.75,673,"h",1.30270934440552
0.75,674,"f1",0.608641332591464
0.75,674,"f2",0.394562821362643
0.75,674,"h",1.20482842379252
0.75,675,"f1",0.579057511941991
0.75,675,"f2",0.429191222004943
0.75,675,"h",1.30440926089832
0.75,676,"f1",0.546648412872149
0.75,676,"f2",0.377935044970383
0.75,676,"h",1.2227885022609
0.75,677,"f1",0.64632187755146
0.75,677,"f2",0.404338990739925
0.75,677,"h",1.25467981241926
0.75,678,"f1",0.500286900439948
0.75,678,"f2",0.426386845312694
0.75,678,"h",1.24623731292791
0.75,679,"f1",0.652890623017868
0.75,679,"f2",0.363459141102266
0.75,679,"h",1.27381854884751
0.75,680,"f1",0.592560235885627
0.75,680,"f2",0.418019915320739
0.75,680,"h",1.30785371309393
0.75,681,"f1",0.658823718477753
0.75,681,"f2",0.439688726840298
0.75,681,"h",1.22858651068696
0.75,682,"f1",0.461756626919007
0.75,682,"f2",0.409828203471162
0.75,682,"h",1.67995671968883
0.75,683,"f1",0.653771176209158
0.75,683,"f2",0.396031833942443
0.75,683,"h",1.24011227271587
0.75,684,"f1",0.571498226050816
0.75,684,"f2",0.404545031371696
0.75,684,"h",1.2392681962493
0.75,685,"f1",0.682238273544498
0.75,685,"f2",0.43218546881558
0.75,685,"h",1.30821512511964
0.75,686,"f1",0.540550353780056
0.75,686,"f2",0.419616758592949
0.75,686,"h",1.23027553401947
0.75,687,"f1",0.619219407574885
0.75,687,"f2",0.424437804974425
0.75,687,"h",1.25323225620431
0.75,688,"f1",0.566344037398455
0.75,688,"f2",0.396681687382776
0.75,688,"h",1.36466908885839
0.75,689,"f1",0.710439730439168
0.75,689,"f2",0.416083997515321
0.75,689,"h",1.23425993504729
0.75,690,"f1",0.660667950481978
0.75,690,"f2",0.433559552370389
0.75,690,"h",1.25572327422757
0.75,691,"f1",0.642783357858622
0.75,691,"f2",0.422524088496869
0.75,691,"h",1.24945139382657
0.75,692,"f1",0.592119638864951
0.75,692,"f2",0.421006640874386
0.75,692,"h",1.39821845615987
0.75,693,"f1",0.576913619192208
0.75,693,"f2",0.408612285770493
0.75,693,"h",1.26590082454791
0.75,694,"f1",0.618869137017117
0.75,694,"f2",0.421673925332252
0.75,694,"h",1.25070793328548
0.75,695,"f1",0.601477930218989
0.75,695,"f2",0.387594758577222
0.75,695,"h",1.3069211540962
0.75,696,"f1",0.455906521807509
0.75,696,"f2",0.392064606323702
0.75,696,"h",1.6988750094663
0.75,697,"f1",0.698551997531099
0.75,697,"f2",0.395062370348402
0.75,697,"h",1.2345434775912
0.75,698,"f1",0.613184439101397
0.75,698,"f2",0.421026802622448
0.75,698,"h",1.26453564880152
0.75,699,"f1",0.649432991624519
0.75,699,"f2",0.442483395846332
0.75,699,"h",1.22582720537887
0.75,700,"f1",0.644387613512362
0.75,700,"f2",0.443000308475727
0.75,700,"h",1.45271790298687
0.75,701,"f1",0.724945758702712
0.75,701,"f2",0.438164617660071
0.75,701,"h",1.17288862462904
0.75,702,"f1",0.662340673685284
0.75,702,"f2",0.392165748467551
0.75,702,"h",1.22011775407496
0.75,703,"f1",0.745762303059573
0.75,703,"f2",0.416534911776036
0.75,703,"h",1.26031974603024
0.75,704,"f1",0.568980011486635
0.75,704,"f2",0.419834079717485
0.75,704,"h",1.28318680890883
0.75,705,"f1",0.525590103427551
0.75,705,"f2",0.451107060236964
0.75,705,"h",1.31953883359445
0.75,706,"f1",0.704336544947422
0.75,706,"f2",0.440684846269592
0.75,706,"h",1.43673352187707
0.75,707,"f1",0.667889572637206
0.75,707,"f2",0.411392793975051
0.75,707,"h",1.30243248729125
0.75,708,"f1",0.658513202579314
0.75,708,"f2",0.446138095299549
0.75,708,"h",1.35327440374169
0.75,709,"f1",0.622620207225712
0.75,709,"f2",0.387953666998545
0.75,709,"h",1.32925041536758
0.75,710,"f1",0.517406271507818
0.75,710,"f2",0.396146210714184
0.75,710,"h",1.37764726186655
0.75,711,"f1",0.711536852688899
0.75,711,"f2",0.414639543156784
0.75,711,"h",1.29000655068815
0.75,712,"f1",0.49736643636405
0.75,712,"f2",0.421966849070688
0.75,712,"h",1.21236037605716
0.75,713,"f1",0.610057748175932
0.75,713,"f2",0.42857940906376
0.75,713,"h",1.25237873404181
0.75,714,"f1",0.667660558151399
0.75,714,"f2",0.383605968271931
0.75,714,"h",1.39196351262183
0.75,715,"f1",0.570181699643204
0.75,715,"f2",0.421132430364109
0.75,715,"h",1.22853727012892
0.75,716,"f1",0.693021331895362
0.75,716,"f2",0.488335370331741
0.75,716,"h",1.26337381179715
0.75,717,"f1",0.563953248405292
0.75,717,"f2",0.456332474731138
0.75,717,"h",1.22762748437217
0.75,718,"f1",0.562548290692309
0.75,718,"f2",0.440586260597928
0.75,718,"h",1.23375704097124
0.75,719,"f1",0.66232849246059
0.75,719,"f2",0.465596229016458
0.75,719,"h",1.23760558651561
0.75,720,"f1",0.627480118911532
0.75,720,"f2",0.370746188715079
0.75,720,"h",1.23352140926941
0.75,721,"f1",0.67888421770365
0.75,721,"f2",0.389454377589231
0.75,721,"h",1.24269706468136
0.75,722,"f1",0.638270517001679
0.75,722,"f2",0.390711496019794
0.75,722,"h",1.24052501640371
0.75,723,"f1",0.665085373787657
0.75,723,"f2",0.396548649654797
0.75,723,"h",1.29310752605886
0.75,724,"f1",0.522755352619963
0.75,724,"f2",0.419802092253152
0.75,724,"h",1.54407208501645
0.75,725,"f1",0.545046254784608
0.75,725,"f2",0.384420189708262
0.75,725,"h",1.24223868463866
0.75,726,"f1",0.569295086334136
0.75,726,"f2",0.439716817013553
0.75,726,"h",1.23154200796363
0.75,727,"f1",0.567804740766236
0.75,727,"f2",0.486441443467099
0.75,727,"h",1.19190578371373
0.75,728,"f1",0.622657445932491
0.75,728,"f2",0.438183002821475
0.75,728,"h",1.2280834971388
0.75,729,"f1",0.671245007437402
0.75,729,"f2",0.409145478974236
0.75,729,"h",1.27277982901114
0.75,730,"f1",0.672147916066541
0.75,730,"f2",0.413313006939417
0.75,730,"h",1.24119944245004
0.75,731,"f1",0.446272828230978
0.75,731,"f2",0.427504296105549
0.75,731,"h",1.2645462973218
0.75,732,"f1",0.515247911398044
0.75,732,"f2",0.390397146133697
0.75,732,"h",1.28890247796427
0.75,733,"f1",0.46681038776808
0.75,733,"f2",0.440930987819005
0.75,733,"h",1.2347658783519
0.75,734,"f1",0.479760720101397
0.75,734,"f2",0.354893553283808
0.75,734,"h",1.24175607348062
0.75,735,"f1",0.59448058246141
0.75,735,"f2",0.41269911221173
0.75,735,"h",1.48895461763433
0.75,736,"f1",0.584960424817426
0.75,736,"f2",0.40126895662273
0.75,736,"h",1.26720057153863
0.75,737,"f1",0.629744669178259
0.75,737,"f2",0.45474077748426
0.75,737,"h",1.2361217887191
0.75,738,"f1",0.57604495999361
0.75,738,"f2",0.455391642704404
0.75,738,"h",1.1912857535423
0.75,739,"f1",0.707358366540576
0.75,739,"f2",0.401379092638047
0.75,739,"h",1.44931192831945
0.75,740,"f1",0.574943542074939
0.75,740,"f2",0.456394647462986
0.75,740,"h",1.20554554065484
0.75,741,"f1",0.620403353016729
0.75,741,"f2",0.425769079950725
0.75,741,"h",1.39488397737986
0.75,742,"f1",0.749729455806922
0.75,742,"f2",0.442434430712456
0.75,742,"h",1.22749416715635
0.75,743,"f1",0.574577844272493
0.75,743,"f2",0.360273140353745
0.75,743,"h",1.20331412251183
0.75,744,"f1",0.461088997961283
0.75,744,"f2",0.42545695200372
0.75,744,"h",1.24236522893568
0.75,745,"f1",0.55885077788791
0.75,745,"f2",0.389849459316745
0.75,745,"h",1.36087791324922
0.75,746,"f1",0.694542378335144
0.75,746,"f2",0.399043086565864
0.75,746,"h",1.39443224753753
0.75,747,"f1",0.543425423621779
0.75,747,"f2",0.403111955848251
0.75,747,"h",1.25971980456014
0.75,748,"f1",0.590786190741725
0.75,748,"f2",0.438230811780887
0.75,748,"h",1.24871368572745
0.75,749,"f1",0.620037437491661
0.75,749,"f2",0.400350451285448
0.75,749,"h",1.26121194578468
0.75,750,"f1",0.537627440398973
0.75,750,"f2",0.434029058974141
0.75,750,"h",1.26074306143531
0.75,751,"f1",0.696471655734071
0.75,751,"f2",0.420845607703129
0.75,751,"h",1.28903079181192
0.75,752,"f1",0.594073313534699
0.75,752,"f2",0.44736716130934
0.75,752,"h",1.24351199794473
0.75,753,"f1",0.563903131999514
0.75,753,"f2",0.363019467076959
0.75,753,"h",1.39656272384325
0.75,754,"f1",0.651901008202741
0.75,754,"f2",0.460054715497299
0.75,754,"h",1.24243538166358
0.75,755,"f1",0.585176091428873
0.75,755,"f2",0.425811123102413
0.75,755,"h",1.23076933389852
0.75,756,"f1",0.687907987405271
0.75,756,"f2",0.36635586132609
0.75,756,"h",1.3332963285922
0.75,757,"f1",0.66921059327512
0.75,757,"f2",0.421758904755543
0.75,757,"h",1.19062730101799
0.75,758,"f1",0.751222836388663
0.75,758,"f2",0.424389922816595
0.75,758,"h",1.23202887860294
0.75,759,"f1",0.715508954039462
0.75,759,"f2",0.345701595310348
0.75,759,"h",1.24843617765426
0.75,760,"f1",0.648759471995872
0.75,760,"f2",0.412636340226934
0.75,760,"h",1.23352581245549
0.75,761,"f1",0.693748220354276
0.75,761,"f2",0.388497744247783
0.75,761,"h",1.2307277968037
0.75,762,"f1",0.664418012034449
0.75,762,"f2",0.405279681303141
0.75,762,"h",1.42769837815764
0.75,763,"f1",0.540370245454365
0.75,763,"f2",0.409089581281593
0.75,763,"h",1.24933120182174
0.75,764,"f1",0.637991916726756
0.75,764,"f2",0.420428009883528
0.75,764,"h",1.49739168955041
0.75,765,"f1",0.742290098615945
0.75,765,"f2",0.418547844276306
0.75,765,"h",1.21940258571631
0.75,766,"f1",0.620734187985206
0.75,766,"f2",0.414525174864296
0.75,766,"h",1.1809622941113
0.75,767,"f1",0.714021298749614
0.75,767,"f2",0.412483009387904
0.75,767,"h",1.31619820000126
0.75,768,"f1",0.561872534186691
0.75,768,"f2",0.456565271099122
0.75,768,"h",1.26893565867598
0.75,769,"f1",0.576887705461949
0.75,769,"f2",0.410841504317989
0.75,769,"h",1.34572348036641
0.75,770,"f1",0.402449920698112
0.75,770,"f2",0.429781442189026
0.75,770,"h",1.2501244291302
0.75,771,"f1",0.641896059155547
0.75,771,"f2",0.494821411743223
0.75,771,"h",1.26457852781745
0.75,772,"f1",0.599933578361591
0.75,772,"f2",0.404119091851053
0.75,772,"h",1.33256068298421
0.75,773,"f1",0.608257196441348
0.75,773,"f2",0.376231700922385
0.75,773,"h",1.19624423969525
0.75,774,"f1",0.608668564565746
0.75,774,"f2",0.402490186504838
0.75,774,"h",1.31058641832047
0.75,775,"f1",0.575638083651434
0.75,775,"f2",0.44358468119389
0.75,775,"h",1.23178449201706
0.75,776,"f1",0.614739603657714
0.75,776,"f2",0.461570947619729
0.75,776,"h",1.37080499996519
0.75,777,"f1",0.531608127283357
0.75,777,"f2",0.405964719485121
0.75,777,"h",1.39861272621016
0.75,778,"f1",0.385358892087739
0.75,778,"f2",0.434329724104792
0.75,778,"h",1.271798429194
0.75,779,"f1",0.576628749004551
0.75,779,"f2",0.432771436830965
0.75,779,"h",1.23456866520391
0.75,780,"f1",0.670988976929949
0.75,780,"f2",0.421567642565509
0.75,780,"h",1.24944931711463
0.75,781,"f1",0.583419258964379
0.75,781,"f2",0.425254674281196
0.75,781,"h",1.23030273336266
0.75,782,"f1",0.667233108240515
0.75,782,"f2",0.403254636436841
0.75,782,"h",1.26656379435735
0.75,783,"f1",0.639672751647465
0.75,783,"f2",0.393000410665375
0.75,783,"h",1.20891825603434
0.75,784,"f1",0.58516890634421
0.75,784,"f2",0.417967750460165
0.75,784,"h",1.3188975768587
0.75,785,"f1",0.598780660806616
0.75,785,"f2",0.450841274263492
0.75,785,"h",1.23485974629678
0.75,786,"f1",0.425834143824251
0.75,786,"f2",0.425165619600484
0.75,786,"h",1.34213925903408
0.75,787,"f1",0.580832612949319
0.75,787,"f2",0.45429349317552
0.75,787,"h",1.2384956842292
0.75,788,"f1",0.728306790467585
0.75,788,"f2",0.430116402282458
0.75,788,"h",1.40645116396854
0.75,789,"f1",0.649204273800344
0.75,789,"f2",0.42682622863187
0.75,789,"h",1.6281677990035
0.75,790,"f1",0.726285255014383
0.75,790,"f2",0.487697079473606
0.75,790,"h",1.27195479581888
0.75,791,"f1",0.639768258767257
0.75,791,"f2",0.413738374651321
0.75,791,"h",1.48815578734348
0.75,792,"f1",0.557890245403645
0.75,792,"f2",0.40621953918926
0.75,792,"h",1.29524459500174
0.75,793,"f1",0.698755606934823
0.75,793,"f2",0.410256015422959
0.75,793,"h",1.29690259091884
0.75,794,"f1",0.690449928536871
0.75,794,"f2",0.434458727452128
0.75,794,"h",1.22629346384259
0.75,795,"f1",0.66395647376731
0.75,795,"f2",0.407740021981682
0.75,795,"h",1.24654870213996
0.75,796,"f1",0.412190782083645
0.75,796,"f2",0.433433313187087
0.75,796,"h",1.24040139653599
0.75,797,"f1",0.595901562143173
0.75,797,"f2",0.485943397847926
0.75,797,"h",1.31517370454265
0.75,798,"f1",0.618300451032086
0.75,798,"f2",0.414854094439599
0.75,798,"h",1.21180589724937
0.75,799,"f1",0.62476927101906
0.75,799,"f2",0.448103375572822
0.75,799,"h",1.22015828327537
0.75,800,"f1",0.541750952339546
0.75,800,"f2",0.397650554185923
0.75,800,"h",1.37605195581746
0.75,801,"f1",0.62399776392576
0.75,801,"f2",0.447087001731359
0.75,801,"h",1.24228104772718
0.75,802,"f1",0.630756060415536
0.75,802,"f2",0.406487142933507
0.75,802,"h",1.56263710448993
0.75,803,"f1",0.4524907866468
0.75,803,"f2",0.434384496408954
0.75,803,"h",1.23668376562354
0.75,804,"f1",0.575308169297077
0.75,804,"f2",0.424788831021237
0.75,804,"h",1.22771455241929
0.75,805,"f1",0.494249042369773
0.75,805,"f2",0.462937039247281
0.75,805,"h",1.20333273566278
0.75,806,"f1",0.56878707377168
0.75,806,"f2",0.441596708366548
0.75,806,"h",1.24972115781565
0.75,807,"f1",0.646896986741137
0.75,807,"f2",0.444084287098951
0.75,807,"h",1.23914449886206
0.75,808,"f1",0.72546722580362
0.75,808,"f2",0.418670913436289
0.75,808,"h",1.2516937035443
0.75,809,"f1",0.704456768252281
0.75,809,"f2",0.394080938676368
0.75,809,"h",1.26080152922428
0.75,810,"f1",0.639451417141496
0.75,810,"f2",0.419182428842864
0.75,810,"h",1.27961661644294
0.75,811,"f1",0.59370819583897
0.75,811,"f2",0.395557840998956
0.75,811,"h",1.23651638075528
0.75,812,"f1",0.703910712905134
0.75,812,"f2",0.402855672677489
0.75,812,"h",1.79351544583868
0.75,813,"f1",0.697604291772716
0.75,813,"f2",0.379357599595023
0.75,813,"h",1.24321071213648
0.75,814,"f1",0.568338923852922
0.75,814,"f2",0.387731808842576
0.75,814,"h",1.19377634178358
0.75,815,"f1",0.517300097972762
0.75,815,"f2",0.383506865536439
0.75,815,"h",1.72291492115086
0.75,816,"f1",0.618759867445955
0.75,816,"f2",0.385279866586092
0.75,816,"h",1.27778803785751
0.75,817,"f1",0.586712604417902
0.75,817,"f2",0.403041994409035
0.75,817,"h",1.42078149747964
0.75,818,"f1",0.660996782630134
0.75,818,"f2",0.430189989104227
0.75,818,"h",1.2313303361199
0.75,819,"f1",0.650198325324854
0.75,819,"f2",0.408573685533134
0.75,819,"h",1.3642106642227
0.75,820,"f1",0.660080273725829
0.75,820,"f2",0.403151612960315
0.75,820,"h",1.21377627368695
0.75,821,"f1",0.538734529224918
0.75,821,"f2",0.425831324007269
0.75,821,"h",1.18211766278442
0.75,822,"f1",0.620681513752895
0.75,822,"f2",0.399560472934779
0.75,822,"h",1.58654151879897
0.75,823,"f1",0.653524769981483
0.75,823,"f2",0.402294485817822
0.75,823,"h",1.25828511459264
0.75,824,"f1",0.627509262604776
0.75,824,"f2",0.429449660918664
0.75,824,"h",1.21340825529779
0.75,825,"f1",0.559722326046916
0.75,825,"f2",0.410666769189742
0.75,825,"h",1.28236148496599
0.75,826,"f1",0.563407217424971
0.75,826,"f2",0.442061704121254
0.75,826,"h",1.24603737606388
0.75,827,"f1",0.663136779740662
0.75,827,"f2",0.40927721858261
0.75,827,"h",1.26318166977438
0.75,828,"f1",0.658089009111595
0.75,828,"f2",0.4217162935194
0.75,828,"h",1.25079800339865
0.75,829,"f1",0.62207241298992
0.75,829,"f2",0.407222214648826
0.75,829,"h",1.46164267396833
0.75,830,"f1",0.572431024637134
0.75,830,"f2",0.476619483126711
0.75,830,"h",1.22141851163881
0.75,831,"f1",0.57288927629194
0.75,831,"f2",0.410969680615455
0.75,831,"h",1.22453327850139
0.75,832,"f1",0.635893525577193
0.75,832,"f2",0.423902051950232
0.75,832,"h",1.22657740693826
0.75,833,"f1",0.545479677841088
0.75,833,"f2",0.453356108090925
0.75,833,"h",1.23294519173911
0.75,834,"f1",0.728261194670063
0.75,834,"f2",0.399291277962727
0.75,834,"h",1.54297827960217
0.75,835,"f1",0.663531164029167
0.75,835,"f2",0.379383450762987
0.75,835,"h",1.30833033678885
0.75,836,"f1",0.668910155175178
0.75,836,"f2",0.402179087416197
0.75,836,"h",1.35106121121844
0.75,837,"f1",0.668072005731396
0.75,837,"f2",0.409987807858539
0.75,837,"h",1.2826034067907
0.75,838,"f1",0.647037806787452
0.75,838,"f2",0.39018196936545
0.75,838,"h",1.89946431513774
0.75,839,"f1",0.581070161946968
0.75,839,"f2",0.411979391348049
0.75,839,"h",1.23264810928608
0.75,840,"f1",0.667674334009147
0.75,840,"f2",0.416393060841929
0.75,840,"h",1.32448217467704
0.75,841,"f1",0.641179833542559
0.75,841,"f2",0.404653243836792
0.75,841,"h",1.3029961383089
0.75,842,"f1",0.625726277959164
0.75,842,"f2",0.34166866203566
0.75,842,"h",1.38190970231367
0.75,843,"f1",0.621318534426982
0.75,843,"f2",0.390087184858015
0.75,843,"h",1.24178021294343
0.75,844,"f1",0.510956427353998
0.75,844,"f2",0.444264672024958
0.75,844,"h",1.27894261887427
0.75,845,"f1",0.67936108924372
0.75,845,"f2",0.452461701303798
0.75,845,"h",1.23027464442707
0.75,846,"f1",0.630313985216194
0.75,846,"f2",0.393512714925926
0.75,846,"h",1.30293331462056
0.75,847,"f1",0.605645731640677
0.75,847,"f2",0.425280482421457
0.75,847,"h",1.23569492669477
0.75,848,"f1",0.564086499768933
0.75,848,"f2",0.419517551068198
0.75,848,"h",1.21988690865565
0.75,849,"f1",0.613758179092067
0.75,849,"f2",0.437983719531592
0.75,849,"h",1.67606959233156
0.75,850,"f1",0.645817834260956
0.75,850,"f2",0.410858232781348
0.75,850,"h",1.25236269130396
0.75,851,"f1",0.614680172864458
0.75,851,"f2",0.454534280207834
0.75,851,"h",1.37227620197551
0.75,852,"f1",0.657494157974054
0.75,852,"f2",0.352610709875925
0.75,852,"h",1.25913047440461
0.75,853,"f1",0.694062161706781
0.75,853,"f2",0.387627615192662
0.75,853,"h",1.60488685896267
0.75,854,"f1",0.615461958670514
0.75,854,"f2",0.409609504705033
0.75,854,"h",1.23519243182114
0.75,855,"f1",0.545933603505879
0.75,855,"f2",0.407217657319274
0.75,855,"h",1.31282099339328
0.75,856,"f1",0.634634319559034
0.75,856,"f2",0.413898020388972
0.75,856,"h",1.26262094854401
0.75,857,"f1",0.696749144889128
0.75,857,"f2",0.446737259725996
0.75,857,"h",1.29437608416531
0.75,858,"f1",0.616785152725295
0.75,858,"f2",0.416869867842352
0.75,858,"h",1.23369415362327
0.75,859,"f1",0.580792195047931
0.75,859,"f2",0.415999706982549
0.75,859,"h",1.22923609629107
0.75,860,"f1",0.572197150781207
0.75,860,"f2",0.387292860958977
0.75,860,"h",1.30780539654988
0.75,861,"f1",0.398731998782464
0.75,861,"f2",0.388363942287745
0.75,861,"h",1.20934457047376
0.75,862,"f1",0.65829746639577
0.75,862,"f2",0.385294619818138
0.75,862,"h",1.40817049614848
0.75,863,"f1",0.602948876236852
0.75,863,"f2",0.422576322452055
0.75,863,"h",1.24039632317244
0.75,864,"f1",0.580828330413176
0.75,864,"f2",0.4199553463125
0.75,864,"h",1.27312023364673
0.75,865,"f1",0.572095317298361
0.75,865,"f2",0.450013068489553
0.75,865,"h",1.44662716434336
0.75,866,"f1",0.636647127565908
0.75,866,"f2",0.418541630240063
0.75,866,"h",1.29197403529097
0.75,867,"f1",0.53239917689546
0.75,867,"f2",0.470057873110806
0.75,867,"h",1.23493722200267
0.75,868,"f1",0.514796440498661
0.75,868,"f2",0.396419602993962
0.75,868,"h",1.36168588818785
0.75,869,"f1",0.578623543936539
0.75,869,"f2",0.344688719090131
0.75,869,"h",1.29662173991315
0.75,870,"f1",0.658315421165101
0.75,870,"f2",0.385134142316014
0.75,870,"h",1.23561463790855
0.75,871,"f1",0.664902921335274
0.75,871,"f2",0.404918918732738
0.75,871,"h",1.40801270052796
0.75,872,"f1",0.728723695756012
0.75,872,"f2",0.432484875816745
0.75,872,"h",1.23767723727689
0.75,873,"f1",0.614985335789416
0.75,873,"f2",0.410442567311727
0.75,873,"h",1.44309419110653
0.75,874,"f1",0.564588960056641
0.75,874,"f2",0.407510228414248
0.75,874,"h",1.50653318347301
0.75,875,"f1",0.617489890712427
0.75,875,"f2",0.434563449242065
0.75,875,"h",1.64758120621557
0.75,876,"f1",0.620590732861851
0.75,876,"f2",0.365586623979688
0.75,876,"h",1.16792467601295
0.75,877,"f1",0.574323553570821
0.75,877,"f2",0.397185389621505
0.75,877,"h",1.38565296658607
0.75,878,"f1",0.620192101445386
0.75,878,"f2",0.409146013826317
0.75,878,"h",1.81789255278517
0.75,879,"f1",0.55189730896658
0.75,879,"f2",0.434386132100212
0.75,879,"h",1.22446746385205
0.75,880,"f1",0.404431131366191
0.75,880,"f2",0.418213756962738
0.75,880,"h",1.26736938208646
0.75,881,"f1",0.558342499505263
0.75,881,"f2",0.392802246898172
0.75,881,"h",1.27717701289554
0.75,882,"f1",0.690012564274196
0.75,882,"f2",0.405634934648112
0.75,882,"h",1.32088063046185
0.75,883,"f1",0.626492127343525
0.75,883,"f2",0.383162338205953
0.75,883,"h",1.23568197011612
0.75,884,"f1",0.687806371003662
0.75,884,"f2",0.422881996820332
0.75,884,"h",1.38695742764028
0.75,885,"f1",0.650493840217077
0.75,885,"f2",0.4407159733599
0.75,885,"h",1.38493797166577
0.75,886,"f1",0.568049255607494
0.75,886,"f2",0.426559637190272
0.75,886,"h",1.23652437194644
0.75,887,"f1",0.644113169077599
0.75,887,"f2",0.41847287419837
0.75,887,"h",1.28578713250068
0.75,888,"f1",0.607245751106733
0.75,888,"f2",0.423674150627225
0.75,888,"h",1.3741883669674
0.75,889,"f1",0.635610738848766
0.75,889,"f2",0.392465842565078
0.75,889,"h",1.24553990975426
0.75,890,"f1",0.725727723985597
0.75,890,"f2",0.430448498063939
0.75,890,"h",1.23277731665175
0.75,891,"f1",0.637644369945265
0.75,891,"f2",0.372682650762547
0.75,891,"h",1.20759153042883
0.75,892,"f1",0.520501560635983
0.75,892,"f2",0.401595244161451
0.75,892,"h",1.25922601894626
0.75,893,"f1",0.662563820105474
0.75,893,"f2",0.415062205817235
0.75,893,"h",1.26681561810501
0.75,894,"f1",0.675970841664034
0.75,894,"f2",0.402921613655463
0.75,894,"h",1.30781476691021
0.75,895,"f1",0.647638296899973
0.75,895,"f2",0.412961242544102
0.75,895,"h",1.24681960536834
0.75,896,"f1",0.642019712255712
0.75,896,"f2",0.383773814607827
0.75,896,"h",1.28319245483791
0.75,897,"f1",0.625265311166627
0.75,897,"f2",0.392810771249591
0.75,897,"h",1.50658661894549
0.75,898,"f1",0.518322423142821
0.75,898,"f2",0.403397742417145
0.75,898,"h",1.27572493710504
0.75,899,"f1",0.450521988933838
0.75,899,"f2",0.447712458117977
0.75,899,"h",1.33231093940573
0.75,900,"f1",0.565729264139413
0.75,900,"f2",0.409127313078243
0.75,900,"h",1.38165614238573
0.75,901,"f1",0.664770453000476
0.75,901,"f2",0.40816892578238
0.75,901,"h",1.23185184587332
0.75,902,"f1",0.670000845247921
0.75,902,"f2",0.435097256151768
0.75,902,"h",1.25975630427353
0.75,903,"f1",0.540167958566105
0.75,903,"f2",0.439393882091755
0.75,903,"h",1.27613414692315
0.75,904,"f1",0.631628962356272
0.75,904,"f2",0.383678867427567
0.75,904,"h",1.23192482569435
0.75,905,"f1",0.526419717225239
0.75,905,"f2",0.448283604256099
0.75,905,"h",1.26466102929934
0.75,906,"f1",0.541821451621211
0.75,906,"f2",0.389115116549681
0.75,906,"h",1.2481661593721
0.75,907,"f1",0.594585966790987
0.75,907,"f2",0.378443610980704
0.75,907,"h",1.41113658770762
0.75,908,"f1",0.698780186917553
0.75,908,"f2",0.417528534130538
0.75,908,"h",1.2457321056094
0.75,909,"f1",0.674545689965136
0.75,909,"f2",0.40863130009088
0.75,909,"h",1.46828074723542
0.75,910,"f1",0.687251922983742
0.75,910,"f2",0.452470230299065
0.75,910,"h",1.35026113798337
0.75,911,"f1",0.608121791364521
0.75,911,"f2",0.385475563301016
0.75,911,"h",1.22246742764972
0.75,912,"f1",0.686761925236032
0.75,912,"f2",0.411973938292207
0.75,912,"h",1.24203383471212
0.75,913,"f1",0.619941938574424
0.75,913,"f2",0.426389876527406
0.75,913,"h",1.25744731469011
0.75,914,"f1",0.556871118409605
0.75,914,"f2",0.39389017452372
0.75,914,"h",1.23004226619704
0.75,915,"f1",0.441820584021325
0.75,915,"f2",0.412880988236099
0.75,915,"h",1.18826927215511
0.75,916,"f1",0.674852134627558
0.75,916,"f2",0.39615690392964
0.75,916,"h",1.33716284713887
0.75,917,"f1",0.602329358361742
0.75,917,"f2",0.44380546960853
0.75,917,"h",1.23986134284372
0.75,918,"f1",0.703972123163793
0.75,918,"f2",0.424896562514486
0.75,918,"h",1.22071233338776
0.75,919,"f1",0.636619177377136
0.75,919,"f2",0.407249437117415
0.75,919,"h",1.56656245250985
0.75,920,"f1",0.543452778665925
0.75,920,"f2",0.38119432591019
0.75,920,"h",1.68636431449508
0.75,921,"f1",0.606524297100351
0.75,921,"f2",0.405911036183807
0.75,921,"h",1.25571922749734
0.75,922,"f1",0.565297618253562
0.75,922,"f2",0.385594366548152
0.75,922,"h",1.45627511358817
0.75,923,"f1",0.521116784213332
0.75,923,"f2",0.429580398862994
0.75,923,"h",1.84939046295448
0.75,924,"f1",0.693788205270699
0.75,924,"f2",0.397410129494724
0.75,924,"h",1.63939792865209
0.75,925,"f1",0.636748988928624
0.75,925,"f2",0.399142457720701
0.75,925,"h",1.24340369075311
0.75,926,"f1",0.470752569461057
0.75,926,"f2",0.430343407368385
0.75,926,"h",1.22146765056548
0.75,927,"f1",0.612542883608793
0.75,927,"f2",0.383221556203972
0.75,927,"h",1.2542825437639
0.75,928,"f1",0.624963805244961
0.75,928,"f2",0.424332835355883
0.75,928,"h",1.22519306025943
0.75,929,"f1",0.565585359762984
0.75,929,"f2",0.432209845721939
0.75,929,"h",1.8043636119306
0.75,930,"f1",0.585874324504623
0.75,930,"f2",0.43538579569283
0.75,930,"h",1.24094226460367
0.75,931,"f1",0.548432486417992
0.75,931,"f2",0.389514757953492
0.75,931,"h",1.31049790430782
0.75,932,"f1",0.646348803014121
0.75,932,"f2",0.436108567213203
0.75,932,"h",1.34494287293571
0.75,933,"f1",0.658788303346782
0.75,933,"f2",0.441378239770941
0.75,933,"h",1.23871754169062
0.75,934,"f1",0.737144845726729
0.75,934,"f2",0.501110515783109
0.75,934,"h",1.21873350424207
0.75,935,"f1",0.637671950072044
0.75,935,"f2",0.416864537479001
0.75,935,"h",1.34428492589495
0.75,936,"f1",0.722208423782293
0.75,936,"f2",0.448716545017311
0.75,936,"h",1.23418457082347
0.75,937,"f1",0.559994055173665
0.75,937,"f2",0.485300557113937
0.75,937,"h",1.23007511964393
0.75,938,"f1",0.596718489006649
0.75,938,"f2",0.374437056526415
0.75,938,"h",1.21776270494702
0.75,939,"f1",0.589686362560584
0.75,939,"f2",0.463083512771966
0.75,939,"h",1.22983970548093
0.75,940,"f1",0.643859474594381
0.75,940,"f2",0.440981507690184
0.75,940,"h",1.15135522612402
0.75,941,"f1",0.433231870069587
0.75,941,"f2",0.390537941449207
0.75,941,"h",1.23083979765227
0.75,942,"f1",0.564631015535371
0.75,942,"f2",0.408066692936283
0.75,942,"h",1.19959803005627
0.75,943,"f1",0.435775679397592
0.75,943,"f2",0.41940934647836
0.75,943,"h",1.27322244409828
0.75,944,"f1",0.630159232305943
0.75,944,"f2",0.373854576158291
0.75,944,"h",1.2203368947107
0.75,945,"f1",0.579080802656542
0.75,945,"f2",0.440083822807484
0.75,945,"h",1.22288323252206
0.75,946,"f1",0.641418175028821
0.75,946,"f2",0.389879310050684
0.75,946,"h",1.29848457415791
0.75,947,"f1",0.595837522548022
0.75,947,"f2",0.394049401881275
0.75,947,"h",1.29670691511792
0.75,948,"f1",0.634072939335502
0.75,948,"f2",0.388325514748188
0.75,948,"h",1.62871534784986
0.75,949,"f1",0.552693234017656
0.75,949,"f2",0.474258631397654
0.75,949,"h",1.26973753700343
0.75,950,"f1",0.708695798292366
0.75,950,"f2",0.418869435226778
0.75,950,"h",1.23551010566472
0.75,951,"f1",0.375242208057235
0.75,951,"f2",0.404088471731586
0.75,951,"h",1.34004344119824
0.75,952,"f1",0.675949026172478
0.75,952,"f2",0.436947798554916
0.75,952,"h",1.30112038652793
0.75,953,"f1",0.725131801105559
0.75,953,"f2",0.397502426066859
0.75,953,"h",1.48735976036061
0.75,954,"f1",0.621719100830129
0.75,954,"f2",0.425319636104174
0.75,954,"h",1.23425159910099
0.75,955,"f1",0.531486530816821
0.75,955,"f2",0.389342273651126
0.75,955,"h",1.40253192585725
0.75,956,"f1",0.503175170626542
0.75,956,"f2",0.361495370728502
0.75,956,"h",1.57470140968793
0.75,957,"f1",0.60520517180036
0.75,957,"f2",0.424914588537528
0.75,957,"h",1.32825939228277
0.75,958,"f1",0.534566366310463
0.75,958,"f2",0.435598418457324
0.75,958,"h",1.25667080461904
0.75,959,"f1",0.528376059950013
0.75,959,"f2",0.413921215514353
0.75,959,"h",1.21599613600032
0.75,960,"f1",0.590243938120065
0.75,960,"f2",0.367802655941406
0.75,960,"h",1.6251446559307
0.75,961,"f1",0.61548973433432
0.75,961,"f2",0.405319487040395
0.75,961,"h",1.24365375918764
0.75,962,"f1",0.661872074099416
0.75,962,"f2",0.43598746557492
0.75,962,"h",1.49091595842918
0.75,963,"f1",0.689212663727533
0.75,963,"f2",0.426258307451665
0.75,963,"h",1.22580024482768
0.75,964,"f1",0.672187268061829
0.75,964,"f2",0.376929538072577
0.75,964,"h",1.26740173990379
0.75,965,"f1",0.652876304373961
0.75,965,"f2",0.398455648196451
0.75,965,"h",1.2609309655992
0.75,966,"f1",0.613211636352612
0.75,966,"f2",0.372436135886809
0.75,966,"h",1.23007573473142
0.75,967,"f1",0.630872982289959
0.75,967,"f2",0.400565079758232
0.75,967,"h",1.24219657625109
0.75,968,"f1",0.675346318478999
0.75,968,"f2",0.436487313639014
0.75,968,"h",1.24083198194554
0.75,969,"f1",0.654193385489598
0.75,969,"f2",0.396509996093497
0.75,969,"h",1.24755791739322
0.75,970,"f1",0.693221495516542
0.75,970,"f2",0.397303074965382
0.75,970,"h",1.37124154486476
0.75,971,"f1",0.515075115901869
0.75,971,"f2",0.377761157365625
0.75,971,"h",1.20000842844724
0.75,972,"f1",0.500201049779713
0.75,972,"f2",0.408028338511369
0.75,972,"h",1.27374072087229
0.75,973,"f1",0.541983751872534
0.75,973,"f2",0.415315649401166
0.75,973,"h",1.2278921985196
0.75,974,"f1",0.647761107764746
0.75,974,"f2",0.412117711914171
0.75,974,"h",1.3418345998955
0.75,975,"f1",0.62586911598789
0.75,975,"f2",0.449583290383826
0.75,975,"h",1.2362164187649
0.75,976,"f1",0.669419940821673
0.75,976,"f2",0.403025121954862
0.75,976,"h",1.40608675337288
0.75,977,"f1",0.593722890700836
0.75,977,"f2",0.422186780204257
0.75,977,"h",1.53549115094234
0.75,978,"f1",0.670262764326006
0.75,978,"f2",0.402115990622963
0.75,978,"h",1.73587330793156
0.75,979,"f1",0.595871521506175
0.75,979,"f2",0.440364679321272
0.75,979,"h",1.24462053152211
0.75,980,"f1",0.521375166649714
0.75,980,"f2",0.378528369889668
0.75,980,"h",1.39540741500296
0.75,981,"f1",0.735219128084994
0.75,981,"f2",0.3522807369616
0.75,981,"h",1.23154484572003
0.75,982,"f1",0.583428187706348
0.75,982,"f2",0.419884898688097
0.75,982,"h",1.27281222471154
0.75,983,"f1",0.613677685579646
0.75,983,"f2",0.407935554095265
0.75,983,"h",1.29864866524351
0.75,984,"f1",0.729487808234545
0.75,984,"f2",0.450807953394822
0.75,984,"h",1.27726611935885
0.75,985,"f1",0.646662152384941
0.75,985,"f2",0.422939059323688
0.75,985,"h",1.2639207708426
0.75,986,"f1",0.490287112264836
0.75,986,"f2",0.406831553684915
0.75,986,"h",1.24620880048326
0.75,987,"f1",0.680072778110803
0.75,987,"f2",0.431843915328238
0.75,987,"h",1.22253482682407
0.75,988,"f1",0.569734275191248
0.75,988,"f2",0.452077428510692
0.75,988,"h",1.26740607018173
0.75,989,"f1",0.570451493414776
0.75,989,"f2",0.445771433726434
0.75,989,"h",1.23735248216624
0.75,990,"f1",0.630309715581298
0.75,990,"f2",0.505392143456676
0.75,990,"h",1.25814010734786
0.75,991,"f1",0.649020302976149
0.75,991,"f2",0.432793747410309
0.75,991,"h",1.23223331789021
0.75,992,"f1",0.768901058074767
0.75,992,"f2",0.365477922943572
0.75,992,"h",1.25064227603686
0.75,993,"f1",0.63984627881197
0.75,993,"f2",0.423626368673865
0.75,993,"h",1.22410702762427
0.75,994,"f1",0.543890298275116
0.75,994,"f2",0.351209621455232
0.75,994,"h",1.40174410139872
0.75,995,"f1",0.574805354674498
0.75,995,"f2",0.40650693128612
0.75,995,"h",1.22660614099983
0.75,996,"f1",0.588168839747842
0.75,996,"f2",0.366457072248662
0.75,996,"h",1.29321040863897
0.75,997,"f1",0.693544866552411
0.75,997,"f2",0.425472949033616
0.75,997,"h",1.22830338468564
0.75,998,"f1",0.583307502543017
0.75,998,"f2",0.442275404221325
0.75,998,"h",1.40322461291482
0.75,999,"f1",0.62346936899618
0.75,999,"f2",0.364918015871756
0.75,999,"h",1.18363559691549
0.75,1000,"f1",0.602710844869378
0.75,1000,"f2",0.386062400726499
0.75,1000,"h",1.34289809009382
1,1,"f1",0.494296365058966
1,1,"f2",0.415186849144747
1,1,"h",1.29721130013078
1,2,"f1",0.661350667848697
1,2,"f2",0.395425227383237
1,2,"h",1.27864724726096
1,3,"f1",0.636762579357209
1,3,"f2",0.371588558057513
1,3,"h",1.23484060395059
1,4,"f1",0.611268778934075
1,4,"f2",0.405170891973467
1,4,"h",1.26389703177447
1,5,"f1",0.656584860090243
1,5,"f2",0.405479552124163
1,5,"h",1.26700741398785
1,6,"f1",0.575319724411325
1,6,"f2",0.426927707785762
1,6,"h",1.27632626475084
1,7,"f1",0.60788250696045
1,7,"f2",0.430095060681903
1,7,"h",1.22878700645864
1,8,"f1",0.637889906428908
1,8,"f2",0.40184921953214
1,8,"h",2.04674465838316
1,9,"f1",0.521810708758858
1,9,"f2",0.370399887850271
1,9,"h",1.22346369772473
1,10,"f1",0.65065603920243
1,10,"f2",0.40670210638366
1,10,"h",1.23947283399423
1,11,"f1",0.475907851566373
1,11,"f2",0.401808570985631
1,11,"h",1.32478035803456
1,12,"f1",0.620293748949921
1,12,"f2",0.414825967105774
1,12,"h",1.33506231246298
1,13,"f1",0.439903817622697
1,13,"f2",0.433237579418639
1,13,"h",1.30758209189327
1,14,"f1",0.517575459222667
1,14,"f2",0.397512790991756
1,14,"h",1.35183686084864
1,15,"f1",0.547217953411526
1,15,"f2",0.428254287422835
1,15,"h",1.28890432706234
1,16,"f1",0.698852094677428
1,16,"f2",0.406406610638259
1,16,"h",1.35817339510971
1,17,"f1",0.725354639425281
1,17,"f2",0.391034114948588
1,17,"h",1.41037365410253
1,18,"f1",0.65969139706099
1,18,"f2",0.39696184740341
1,18,"h",1.33865215089933
1,19,"f1",0.537244661558164
1,19,"f2",0.393466408112436
1,19,"h",1.51954981167618
1,20,"f1",0.638995647933337
1,20,"f2",0.4217582430299
1,20,"h",1.24223305391779
1,21,"f1",0.510971710089387
1,21,"f2",0.409097394403377
1,21,"h",1.24684573404601
1,22,"f1",0.766969184039086
1,22,"f2",0.459519021118127
1,22,"h",1.23770980114808
1,23,"f1",0.574484409747033
1,23,"f2",0.427607292484016
1,23,"h",1.23693931989186
1,24,"f1",0.569980803013251
1,24,"f2",0.357255982292836
1,24,"h",1.26214863571749
1,25,"f1",0.653878091727986
1,25,"f2",0.449255890936057
1,25,"h",1.24915145214194
1,26,"f1",0.589756640533776
1,26,"f2",0.435027446536012
1,26,"h",1.73125036885153
1,27,"f1",0.651286311733735
1,27,"f2",0.425948588923187
1,27,"h",1.21154458171342
1,28,"f1",0.545521500625985
1,28,"f2",0.410057860160642
1,28,"h",1.27945266692713
1,29,"f1",0.643458549640922
1,29,"f2",0.379089778039006
1,29,"h",1.25075784902274
1,30,"f1",0.620047190103336
1,30,"f2",0.439164338796786
1,30,"h",1.23705357115231
1,31,"f1",0.712838609804076
1,31,"f2",0.519138106140977
1,31,"h",1.21217664940141
1,32,"f1",0.547677677371981
1,32,"f2",0.422065915489266
1,32,"h",1.27276195897533
1,33,"f1",0.619571284085366
1,33,"f2",0.416654035538289
1,33,"h",1.22395156775442
1,34,"f1",0.621324999578559
1,34,"f2",0.427643931074157
1,34,"h",1.2290049592945
1,35,"f1",0.397940353335154
1,35,"f2",0.378815563205116
1,35,"h",1.41570708709461
1,36,"f1",0.522794711869528
1,36,"f2",0.443679227963473
1,36,"h",1.23813817817192
1,37,"f1",0.657034085915857
1,37,"f2",0.428871213491141
1,37,"h",1.17497679291696
1,38,"f1",0.487692076997112
1,38,"f2",0.444938808513654
1,38,"h",1.27965920251979
1,39,"f1",0.548676211117524
1,39,"f2",0.421328026610611
1,39,"h",1.24922390561021
1,40,"f1",0.373219990982257
1,40,"f2",0.412818076958419
1,40,"h",1.26047304181472
1,41,"f1",0.715085990232878
1,41,"f2",0.380096936383941
1,41,"h",1.18135496845728
1,42,"f1",0.516769953816622
1,42,"f2",0.345330821809055
1,42,"h",1.13234266156085
1,43,"f1",0.469718642561901
1,43,"f2",0.345301539989714
1,43,"h",1.49590907616494
1,44,"f1",0.44669010109666
1,44,"f2",0.436422930340505
1,44,"h",1.20217708720673
1,45,"f1",0.683478275765731
1,45,"f2",0.397856174215132
1,45,"h",1.68381350290546
1,46,"f1",0.608415273270129
1,46,"f2",0.376378936312404
1,46,"h",1.39719050641467
1,47,"f1",0.656131401542794
1,47,"f2",0.396856913018546
1,47,"h",1.26988001687632
1,48,"f1",0.593261793612262
1,48,"f2",0.411863173926105
1,48,"h",1.23928765587986
1,49,"f1",0.694614004625527
1,49,"f2",0.396133901961918
1,49,"h",1.23836209832184
1,50,"f1",0.487586347247688
1,50,"f2",0.435996171002624
1,50,"h",1.22724937515257
1,51,"f1",0.498004298905055
1,51,"f2",0.357799941740712
1,51,"h",1.21365855853938
1,52,"f1",0.547271898226663
1,52,"f2",0.474836634972404
1,52,"h",1.13598257156861
1,53,"f1",0.68645861834982
1,53,"f2",0.415588613449756
1,53,"h",1.22893591068103
1,54,"f1",0.577560174073286
1,54,"f2",0.407653995074094
1,54,"h",1.21845475548351
1,55,"f1",0.582306260907402
1,55,"f2",0.398081032145055
1,55,"h",1.24948868061957
1,56,"f1",0.640638686589
1,56,"f2",0.416517829238155
1,56,"h",1.30144947457555
1,57,"f1",0.670274082988906
1,57,"f2",0.389944292120893
1,57,"h",1.23195664475419
1,58,"f1",0.659682733544756
1,58,"f2",0.404151577553203
1,58,"h",1.23405488086371
1,59,"f1",0.549780758890395
1,59,"f2",0.39392391711331
1,59,"h",1.27933725840179
1,60,"f1",0.494650580432728
1,60,"f2",0.403480324998542
1,60,"h",1.50151278091835
1,61,"f1",0.608945530616071
1,61,"f2",0.448841655681653
1,61,"h",1.24082668887671
1,62,"f1",0.624080915809877
1,62,"f2",0.426928993424318
1,62,"h",1.27694396221461
1,63,"f1",0.552883123017901
1,63,"f2",0.398710254012355
1,63,"h",1.26429211822716
1,64,"f1",0.697377096043971
1,64,"f2",0.460947371585536
1,64,"h",1.65223533271097
1,65,"f1",0.588507664675016
1,65,"f2",0.540915971696316
1,65,"h",1.33242864788983
1,66,"f1",0.632144138935823
1,66,"f2",0.373087001467386
1,66,"h",1.25234495623039
1,67,"f1",0.603643623545689
1,67,"f2",0.433268836923658
1,67,"h",1.21028095284133
1,68,"f1",0.62635856221513
1,68,"f2",0.463853398270437
1,68,"h",1.20407012017314
1,69,"f1",0.576787045182085
1,69,"f2",0.342213606056588
1,69,"h",1.41947762755284
1,70,"f1",0.540027516939631
1,70,"f2",0.346487227588816
1,70,"h",1.21817382619731
1,71,"f1",0.667376648977087
1,71,"f2",0.409368650515146
1,71,"h",1.3247681363302
1,72,"f1",0.546089086811068
1,72,"f2",0.392019943954774
1,72,"h",1.79883820189495
1,73,"f1",0.626958145104458
1,73,"f2",0.440345864685078
1,73,"h",1.23300821464969
1,74,"f1",0.645909472997101
1,74,"f2",0.400785009095947
1,74,"h",1.23130537890111
1,75,"f1",0.471213522884229
1,75,"f2",0.432139129854772
1,75,"h",1.2040401117743
1,76,"f1",0.713913028529795
1,76,"f2",0.439645311770158
1,76,"h",1.62280462203422
1,77,"f1",0.645726123629004
1,77,"f2",0.353438421730955
1,77,"h",1.2035949957812
1,78,"f1",0.575504199544256
1,78,"f2",0.331470867480452
1,78,"h",1.24427854117485
1,79,"f1",0.635709212269745
1,79,"f2",0.449515356098507
1,79,"h",1.22747362110604
1,80,"f1",0.690563221908625
1,80,"f2",0.407253282391594
1,80,"h",1.252032565562
1,81,"f1",0.581275888052172
1,81,"f2",0.41309987739134
1,81,"h",1.24465319779839
1,82,"f1",0.483169022792881
1,82,"f2",0.408562085432355
1,82,"h",1.27404584952693
1,83,"f1",0.653333873564606
1,83,"f2",0.384966275906514
1,83,"h",1.27446622242999
1,84,"f1",0.590990205354599
1,84,"f2",0.413114884287406
1,84,"h",1.27345995054915
1,85,"f1",0.570074200397011
1,85,"f2",0.42271833225327
1,85,"h",1.34710726577282
1,86,"f1",0.564057288964119
1,86,"f2",0.450339805990855
1,86,"h",1.25068330568845
1,87,"f1",0.518728295130501
1,87,"f2",0.404536965703553
1,87,"h",1.22207597410691
1,88,"f1",0.661875726443617
1,88,"f2",0.389866590742178
1,88,"h",1.24477138115046
1,89,"f1",0.608301263935071
1,89,"f2",0.408485667309745
1,89,"h",1.26085056288777
1,90,"f1",0.518512929067645
1,90,"f2",0.393856267089588
1,90,"h",1.36084436938203
1,91,"f1",0.536967936802525
1,91,"f2",0.369099019166802
1,91,"h",1.25984370534917
1,92,"f1",0.646623866368436
1,92,"f2",0.417858649321169
1,92,"h",1.1802868369936
1,93,"f1",0.704011776945507
1,93,"f2",0.422594750911272
1,93,"h",1.32334580083517
1,94,"f1",0.493719480215303
1,94,"f2",0.40449563740171
1,94,"h",1.2358264239988
1,95,"f1",0.560987778757971
1,95,"f2",0.403802833238463
1,95,"h",1.28886570333288
1,96,"f1",0.382542570754607
1,96,"f2",0.39373516088562
1,96,"h",1.35776107258996
1,97,"f1",0.652603052906891
1,97,"f2",0.432497721905673
1,97,"h",1.2444946596944
1,98,"f1",0.492644172301515
1,98,"f2",0.42640605532582
1,98,"h",1.33544556542928
1,99,"f1",0.479146536047579
1,99,"f2",0.421829551516253
1,99,"h",1.22239308643964
1,100,"f1",0.710608714877619
1,100,"f2",0.350418808741475
1,100,"h",1.73097410452566
1,101,"f1",0.447142948892631
1,101,"f2",0.404157317466347
1,101,"h",1.71009859883368
1,102,"f1",0.526306349871394
1,102,"f2",0.432004199665819
1,102,"h",1.39553042814537
1,103,"f1",0.557350122474886
1,103,"f2",0.446202936412115
1,103,"h",1.6486892760518
1,104,"f1",0.608417153917048
1,104,"f2",0.453470973343653
1,104,"h",1.23959044456346
1,105,"f1",0.450512281229589
1,105,"f2",0.374358104869321
1,105,"h",1.37596520246641
1,106,"f1",0.637176936433528
1,106,"f2",0.426800445032926
1,106,"h",1.23484264970982
1,107,"f1",0.529506703374169
1,107,"f2",0.415883285915377
1,107,"h",1.46427118954255
1,108,"f1",0.765961674420286
1,108,"f2",0.397013562387481
1,108,"h",1.22360778023071
1,109,"f1",0.554270319808856
1,109,"f2",0.427803461697296
1,109,"h",1.21185693530185
1,110,"f1",0.647653259427145
1,110,"f2",0.437540732084143
1,110,"h",1.21320635409241
1,111,"f1",0.6951627118274
1,111,"f2",0.381893497828515
1,111,"h",1.41985627518697
1,112,"f1",0.682115675212916
1,112,"f2",0.421248886699014
1,112,"h",1.23472851551823
1,113,"f1",0.607628385165261
1,113,"f2",0.399962672163963
1,113,"h",1.34392061040999
1,114,"f1",0.490689676580853
1,114,"f2",0.408104299926049
1,114,"h",1.24870131005167
1,115,"f1",0.563643480950991
1,115,"f2",0.403632519341638
1,115,"h",1.46340015096833
1,116,"f1",0.586452595036196
1,116,"f2",0.340971939222529
1,116,"h",1.12940125938133
1,117,"f1",0.67411605534059
1,117,"f2",0.422155134053828
1,117,"h",1.22572279652524
1,118,"f1",0.46894331196756
1,118,"f2",0.40305337229875
1,118,"h",1.23481546600375
1,119,"f1",0.62271517886115
1,119,"f2",0.422488220268566
1,119,"h",3.14939578915349
1,120,"f1",0.708372421080432
1,120,"f2",0.372063406287849
1,120,"h",1.23723242792955
1,121,"f1",0.601517599817264
1,121,"f2",0.391572757986767
1,121,"h",1.28486687217624
1,122,"f1",0.533902677549353
1,122,"f2",0.475468647724612
1,122,"h",1.17843700361503
1,123,"f1",0.423990395486072
1,123,"f2",0.425670583124718
1,123,"h",1.25015364425413
1,124,"f1",0.52997478783316
1,124,"f2",0.397732104979967
1,124,"h",1.61344403789573
1,125,"f1",0.66595990856939
1,125,"f2",0.387982702099882
1,125,"h",1.2521663181981
1,126,"f1",0.693083507554651
1,126,"f2",0.392804576480423
1,126,"h",1.23641981397344
1,127,"f1",0.573248875582726
1,127,"f2",0.362792374277374
1,127,"h",1.58638585897456
1,128,"f1",0.547165602340028
1,128,"f2",0.40665963837508
1,128,"h",1.22194510392973
1,129,"f1",0.525945640727417
1,129,"f2",0.421534726238734
1,129,"h",1.22969597928847
1,130,"f1",0.66011718331343
1,130,"f2",0.373132919090088
1,130,"h",1.23465124666432
1,131,"f1",0.647669827301083
1,131,"f2",0.332745675844829
1,131,"h",1.24278288100073
1,132,"f1",0.68419912327369
1,132,"f2",0.407034007005946
1,132,"h",1.30194503136188
1,133,"f1",0.396395622287522
1,133,"f2",0.408261614448354
1,133,"h",1.22374593496848
1,134,"f1",0.633880577307663
1,134,"f2",0.462836262654247
1,134,"h",1.25477584401009
1,135,"f1",0.719196000871229
1,135,"f2",0.427646003383294
1,135,"h",1.49669042416351
1,136,"f1",0.591686217800346
1,136,"f2",0.394121335238112
1,136,"h",1.25834446104258
1,137,"f1",0.52788615413519
1,137,"f2",0.422707487251557
1,137,"h",1.26060661506886
1,138,"f1",0.615602108030475
1,138,"f2",0.393246983992997
1,138,"h",1.2405318384898
1,139,"f1",0.712951335654185
1,139,"f2",0.377014478868945
1,139,"h",1.30287400951851
1,140,"f1",0.708886328853747
1,140,"f2",0.399071450232887
1,140,"h",1.29206492057716
1,141,"f1",0.447099595553766
1,141,"f2",0.404140227366554
1,141,"h",1.3626133294431
1,142,"f1",0.670877730582519
1,142,"f2",0.441168413552518
1,142,"h",1.23203810396798
1,143,"f1",0.677922066109417
1,143,"f2",0.400234928685231
1,143,"h",1.24039836978912
1,144,"f1",0.740144142278931
1,144,"f2",0.426188394183069
1,144,"h",1.41432663486062
1,145,"f1",0.680228141366897
1,145,"f2",0.433445968372332
1,145,"h",1.80919325635483
1,146,"f1",0.472876646971966
1,146,"f2",0.384855028129802
1,146,"h",1.18506029175983
1,147,"f1",0.610745438714533
1,147,"f2",0.483648978767806
1,147,"h",1.67107313251089
1,148,"f1",0.576718831998453
1,148,"f2",0.440775954063287
1,148,"h",1.24196784944017
1,149,"f1",0.448648158239416
1,149,"f2",0.452099483952849
1,149,"h",1.3668391442874
1,150,"f1",0.681343355818394
1,150,"f2",0.399287258119589
1,150,"h",1.3652961341971
1,151,"f1",0.714675538725813
1,151,"f2",0.42395866779759
1,151,"h",1.29667588173631
1,152,"f1",0.569456356888138
1,152,"f2",0.389468693275819
1,152,"h",1.6237023141141
1,153,"f1",0.513247248298946
1,153,"f2",0.413015600541402
1,153,"h",1.53904378420747
1,154,"f1",0.627188324955573
1,154,"f2",0.324913002386826
1,154,"h",1.16526560828575
1,155,"f1",0.661631770618416
1,155,"f2",0.375839946815936
1,155,"h",1.29370729323289
1,156,"f1",0.697898325952698
1,156,"f2",0.372899767486461
1,156,"h",1.23339152311
1,157,"f1",0.583706944647022
1,157,"f2",0.424884793650154
1,157,"h",1.35637917543914
1,158,"f1",0.638918855107371
1,158,"f2",0.43096681190872
1,158,"h",1.26084894665736
1,159,"f1",0.703067611122694
1,159,"f2",0.436544298083956
1,159,"h",1.21250465717078
1,160,"f1",0.52483945353225
1,160,"f2",0.444148434681303
1,160,"h",1.24179997297756
1,161,"f1",0.605454756291204
1,161,"f2",0.409232744082728
1,161,"h",1.18950826748758
1,162,"f1",0.496604242553879
1,162,"f2",0.396914052055992
1,162,"h",1.22690152451278
1,163,"f1",0.569754174951127
1,163,"f2",0.442179588760802
1,163,"h",1.20228197976949
1,164,"f1",0.597870390904499
1,164,"f2",0.39370371847087
1,164,"h",1.65844187120779
1,165,"f1",0.734178551401287
1,165,"f2",0.359888053345128
1,165,"h",1.26285260758455
1,166,"f1",0.592214623636581
1,166,"f2",0.404842624542396
1,166,"h",1.24315995345813
1,167,"f1",0.485154076244991
1,167,"f2",0.450199571912461
1,167,"h",1.24120945354854
1,168,"f1",0.633692107586878
1,168,"f2",0.400682923349494
1,168,"h",1.24840235168015
1,169,"f1",0.62501945905229
1,169,"f2",0.41173078616347
1,169,"h",1.16861579088836
1,170,"f1",0.580952682316732
1,170,"f2",0.379879949015798
1,170,"h",1.1403220745312
1,171,"f1",0.543459562917553
1,171,"f2",0.438941213298326
1,171,"h",1.22987974013774
1,172,"f1",0.544936723619285
1,172,"f2",0.405529099836774
1,172,"h",1.42584767195894
1,173,"f1",0.640072500895813
1,173,"f2",0.422537484095495
1,173,"h",1.23826419579916
1,174,"f1",0.600079889637722
1,174,"f2",0.383553856395754
1,174,"h",1.27726497832416
1,175,"f1",0.627848818030897
1,175,"f2",0.410060535459443
1,175,"h",1.18973977904402
1,176,"f1",0.600202865088441
1,176,"f2",0.440224394864202
1,176,"h",1.163919855947
1,177,"f1",0.451199270525309
1,177,"f2",0.407033136462655
1,177,"h",1.20910586374338
1,178,"f1",0.541324300843355
1,178,"f2",0.42791030186955
1,178,"h",1.22469020832646
1,179,"f1",0.307101377794265
1,179,"f2",0.434874469645002
1,179,"h",1.2488887909802
1,180,"f1",0.623270475649526
1,180,"f2",0.383211165178774
1,180,"h",1.18372697208879
1,181,"f1",0.488966924922143
1,181,"f2",0.418637843100478
1,181,"h",1.23375852893135
1,182,"f1",0.666175870388136
1,182,"f2",0.401409624365605
1,182,"h",1.53464227712219
1,183,"f1",0.520963255983885
1,183,"f2",0.387535077506072
1,183,"h",1.25050675694392
1,184,"f1",0.574854035185862
1,184,"f2",0.409232418137327
1,184,"h",1.28281893537573
1,185,"f1",0.568061699733555
1,185,"f2",0.423728266143285
1,185,"h",1.24492951236501
1,186,"f1",0.754867953054756
1,186,"f2",0.384753352671194
1,186,"h",1.2857683650716
1,187,"f1",0.596643179056584
1,187,"f2",0.408845703709515
1,187,"h",1.24944402403859
1,188,"f1",0.686092451520151
1,188,"f2",0.381608292938302
1,188,"h",1.24706128829813
1,189,"f1",0.647139327363371
1,189,"f2",0.397931835811457
1,189,"h",1.1905847429308
1,190,"f1",0.510957801286708
1,190,"f2",0.392851258312297
1,190,"h",1.22248284029521
1,191,"f1",0.536368429490182
1,191,"f2",0.385699944464297
1,191,"h",1.90310866039661
1,192,"f1",0.467325422442958
1,192,"f2",0.390461400563872
1,192,"h",1.18148061978509
1,193,"f1",0.670416183512481
1,193,"f2",0.367869280938029
1,193,"h",1.18620260252831
1,194,"f1",0.580210341640801
1,194,"f2",0.419801623647676
1,194,"h",1.4283875143373
1,195,"f1",0.513276986198546
1,195,"f2",0.432344652722773
1,195,"h",1.27050753532615
1,196,"f1",0.632451268390786
1,196,"f2",0.434370558379692
1,196,"h",1.22574741001452
1,197,"f1",0.611488739499599
1,197,"f2",0.376390973179403
1,197,"h",1.21727272017077
1,198,"f1",0.679592073503905
1,198,"f2",0.411844066491051
1,198,"h",1.85702680560238
1,199,"f1",0.504342829688921
1,199,"f2",0.394919950533867
1,199,"h",1.14374127624654
1,200,"f1",0.593489244832481
1,200,"f2",0.382978923360177
1,200,"h",1.2602254155748
1,201,"f1",0.588213664999097
1,201,"f2",0.428463588424416
1,201,"h",1.26372112698768
1,202,"f1",0.657014374213426
1,202,"f2",0.401981440902029
1,202,"h",1.2550431049234
1,203,"f1",0.696056554006155
1,203,"f2",0.372437197284119
1,203,"h",1.25049843074596
1,204,"f1",0.532937617419025
1,204,"f2",0.40464907100186
1,204,"h",1.26858213613851
1,205,"f1",0.49734525329176
1,205,"f2",0.404264614405845
1,205,"h",1.2045379042334
1,206,"f1",0.689623807322884
1,206,"f2",0.386151375678893
1,206,"h",1.24318450290009
1,207,"f1",0.69479838137304
1,207,"f2",0.415592786790995
1,207,"h",1.32884593608955
1,208,"f1",0.666385769373905
1,208,"f2",0.448268162699
1,208,"h",1.8026233957223
1,209,"f1",0.633858833558734
1,209,"f2",0.400468389813975
1,209,"h",1.31813880427254
1,210,"f1",0.676769450595815
1,210,"f2",0.369395371786732
1,210,"h",1.16913970165199
1,211,"f1",0.588114635757006
1,211,"f2",0.404724113787021
1,211,"h",1.24649879284146
1,212,"f1",0.681975196735879
1,212,"f2",0.398722733717356
1,212,"h",1.24634324335082
1,213,"f1",0.574881521010822
1,213,"f2",0.358976849431636
1,213,"h",1.23528896827181
1,214,"f1",0.624220738296514
1,214,"f2",0.348686249624929
1,214,"h",1.37044179977867
1,215,"f1",0.660525557072586
1,215,"f2",0.417473293958088
1,215,"h",1.23318279998999
1,216,"f1",0.522421838273185
1,216,"f2",0.396012090622999
1,216,"h",1.29193528037673
1,217,"f1",0.624912016262221
1,217,"f2",0.404245327761539
1,217,"h",1.26326994109711
1,218,"f1",0.629842971840754
1,218,"f2",0.425752220310599
1,218,"h",1.23534890103764
1,219,"f1",0.536024772966104
1,219,"f2",0.45534077589001
1,219,"h",1.4471717427329
1,220,"f1",0.577103671310229
1,220,"f2",0.390952916452952
1,220,"h",1.2481300460984
1,221,"f1",0.657715727681491
1,221,"f2",0.414645919712112
1,221,"h",1.2432803447253
1,222,"f1",0.565571745714429
1,222,"f2",0.388404488528327
1,222,"h",1.23759751035539
1,223,"f1",0.509691187833766
1,223,"f2",0.390581228760156
1,223,"h",1.61574954318578
1,224,"f1",0.665394243064967
1,224,"f2",0.394667666254743
1,224,"h",1.53052507484771
1,225,"f1",0.601640870388981
1,225,"f2",0.38463112322646
1,225,"h",1.24586664822004
1,226,"f1",0.579394131058169
1,226,"f2",0.447040029234404
1,226,"h",1.23778810195675
1,227,"f1",0.57094964156371
1,227,"f2",0.431226963115263
1,227,"h",1.23989477592502
1,228,"f1",0.392940643641729
1,228,"f2",0.414756671030303
1,228,"h",1.20248797149185
1,229,"f1",0.625744981536498
1,229,"f2",0.414965382949443
1,229,"h",1.2735431810795
1,230,"f1",0.538565167977597
1,230,"f2",0.402532220862111
1,230,"h",1.21009378738768
1,231,"f1",0.594984270488145
1,231,"f2",0.424809894882408
1,231,"h",1.49596075914525
1,232,"f1",0.543466924453234
1,232,"f2",0.419700081719099
1,232,"h",1.33348695374789
1,233,"f1",0.681808450432622
1,233,"f2",0.411547827510413
1,233,"h",1.52664413488403
1,234,"f1",0.467018186293122
1,234,"f2",0.438631614917451
1,234,"h",1.22672679976018
1,235,"f1",0.622771131485324
1,235,"f2",0.450029122153011
1,235,"h",1.48341821711797
1,236,"f1",0.637025371486108
1,236,"f2",0.437468515870648
1,236,"h",1.26127854291329
1,237,"f1",0.47977479527819
1,237,"f2",0.414981152952519
1,237,"h",1.25519073166292
1,238,"f1",0.558880611070168
1,238,"f2",0.425949030784979
1,238,"h",1.22266402528436
1,239,"f1",0.638920251170164
1,239,"f2",0.428715063697401
1,239,"h",1.24317540077618
1,240,"f1",0.45290609235872
1,240,"f2",0.399220085054332
1,240,"h",1.57047933425822
1,241,"f1",0.676848361163465
1,241,"f2",0.365696175461912
1,241,"h",1.23329177725185
1,242,"f1",0.59823883113488
1,242,"f2",0.418352809413113
1,242,"h",1.23545188378017
1,243,"f1",0.551861981614158
1,243,"f2",0.414217878111803
1,243,"h",1.23998307071104
1,244,"f1",0.612730556929119
1,244,"f2",0.464342644780607
1,244,"h",1.78785965730638
1,245,"f1",0.588885718984836
1,245,"f2",0.47837163343499
1,245,"h",1.19453997453205
1,246,"f1",0.463402161038706
1,246,"f2",0.522040197088955
1,246,"h",1.20906813657571
1,247,"f1",0.571196513958129
1,247,"f2",0.444188747050919
1,247,"h",1.24267486103638
1,248,"f1",0.602173181201696
1,248,"f2",0.392678703801399
1,248,"h",1.28071980846765
1,249,"f1",0.682027055850948
1,249,"f2",0.405435224987621
1,249,"h",1.26972193001947
1,250,"f1",0.732833189796107
1,250,"f2",0.408400366723563
1,250,"h",1.23931659631813
1,251,"f1",0.719628370009078
1,251,"f2",0.413679036999653
1,251,"h",1.22420211204647
1,252,"f1",0.677142241197077
1,252,"f2",0.409835847366014
1,252,"h",1.26517617434645
1,253,"f1",0.593185846582843
1,253,"f2",0.416742684090146
1,253,"h",1.52899187175666
1,254,"f1",0.505534876418592
1,254,"f2",0.470758632238609
1,254,"h",1.25176729582805
1,255,"f1",0.477920517966616
1,255,"f2",0.424342253315121
1,255,"h",1.54935572777098
1,256,"f1",0.540001807286237
1,256,"f2",0.41396847940155
1,256,"h",1.18982053132677
1,257,"f1",0.333964054663999
1,257,"f2",0.423544217990322
1,257,"h",1.36626580126288
1,258,"f1",0.632659062387067
1,258,"f2",0.395664681355817
1,258,"h",1.56435461165487
1,259,"f1",0.718213235381036
1,259,"f2",0.435661561958998
1,259,"h",1.26473369167167
1,260,"f1",0.549417421722214
1,260,"f2",0.439472190731891
1,260,"h",1.2614187650079
1,261,"f1",0.631603537216038
1,261,"f2",0.418092487470218
1,261,"h",1.20620294790807
1,262,"f1",0.503819989610443
1,262,"f2",0.419041583563925
1,262,"h",1.20629727947917
1,263,"f1",0.674874289154946
1,263,"f2",0.386501384324375
1,263,"h",1.23060456672928
1,264,"f1",0.549895746344793
1,264,"f2",0.39401299050154
1,264,"h",1.17643802617511
1,265,"f1",0.361867522411946
1,265,"f2",0.434508543446944
1,265,"h",1.23485782654632
1,266,"f1",0.569182782504054
1,266,"f2",0.372551472065455
1,266,"h",1.23005581104681
1,267,"f1",0.635014558695709
1,267,"f2",0.358554473640148
1,267,"h",1.43278932820196
1,268,"f1",0.531688827189621
1,268,"f2",0.390554261715278
1,268,"h",1.25557182005741
1,269,"f1",0.461210896646538
1,269,"f2",0.416839376680118
1,269,"h",1.25617611661425
1,270,"f1",0.541427203364709
1,270,"f2",0.420719334946358
1,270,"h",1.23344192121762
1,271,"f1",0.604916167054915
1,271,"f2",0.45636782874789
1,271,"h",1.23468801935404
1,272,"f1",0.643775081099111
1,272,"f2",0.407175887911602
1,272,"h",1.22464423685858
1,273,"f1",0.507078340105718
1,273,"f2",0.385579076740456
1,273,"h",1.24779928614235
1,274,"f1",0.511124591804924
1,274,"f2",0.495931394645607
1,274,"h",1.22519243166479
1,275,"f1",0.591667420841407
1,275,"f2",0.402776806277375
1,275,"h",1.33086359982934
1,276,"f1",0.717093480482211
1,276,"f2",0.364872379178154
1,276,"h",1.24835670554216
1,277,"f1",0.743468690175726
1,277,"f2",0.377032050159015
1,277,"h",1.24480829966403
1,278,"f1",0.540200261055743
1,278,"f2",0.381294894430018
1,278,"h",1.31359290353365
1,279,"f1",0.646583174285037
1,279,"f2",0.39784978041808
1,279,"h",1.64714048795422
1,280,"f1",0.499413535589786
1,280,"f2",0.416046462858891
1,280,"h",1.69712256080704
1,281,"f1",0.774920971160737
1,281,"f2",0.400265768794734
1,281,"h",1.22681757586249
1,282,"f1",0.51812889549327
1,282,"f2",0.41873784251004
1,282,"h",1.24178300942758
1,283,"f1",0.62456522676155
1,283,"f2",0.466261980503401
1,283,"h",1.22029611329739
1,284,"f1",0.515882043570614
1,284,"f2",0.41149499309002
1,284,"h",1.25926597454509
1,285,"f1",0.61844584250537
1,285,"f2",0.43477554718219
1,285,"h",1.23170895910649
1,286,"f1",0.567043142168091
1,286,"f2",0.391911662575046
1,286,"h",1.37567246822175
1,287,"f1",0.496134124227595
1,287,"f2",0.38982313771875
1,287,"h",1.27340425515434
1,288,"f1",0.616257633969385
1,288,"f2",0.367041786964085
1,288,"h",1.26190676050792
1,289,"f1",0.728609021807407
1,289,"f2",0.359077716129695
1,289,"h",1.2249620123679
1,290,"f1",0.695053990821904
1,290,"f2",0.361446269242764
1,290,"h",1.23137272493261
1,291,"f1",0.519038022042678
1,291,"f2",0.414821868849463
1,291,"h",1.21434935468312
1,292,"f1",0.739739045428388
1,292,"f2",0.432711934329381
1,292,"h",1.37191459412624
1,293,"f1",0.688667635909328
1,293,"f2",0.373969989219476
1,293,"h",1.30889957804178
1,294,"f1",0.524162477394603
1,294,"f2",0.442841195842071
1,294,"h",1.24373187641236
1,295,"f1",0.656396997762708
1,295,"f2",0.409321540324818
1,295,"h",1.20921309918368
1,296,"f1",0.614591807115133
1,296,"f2",0.397268615031962
1,296,"h",1.25280477841749
1,297,"f1",0.635009839689886
1,297,"f2",0.416043454129598
1,297,"h",1.46496511091762
1,298,"f1",0.692800301490434
1,298,"f2",0.471493510198552
1,298,"h",1.40209213001944
1,299,"f1",0.635432405048077
1,299,"f2",0.383943988332563
1,299,"h",1.19859355322462
1,300,"f1",0.528293122422733
1,300,"f2",0.41434177666588
1,300,"h",1.22945027734072
1,301,"f1",0.718111753841179
1,301,"f2",0.433822435767599
1,301,"h",1.22638070694195
1,302,"f1",0.598649405078998
1,302,"f2",0.42241374343723
1,302,"h",1.22426819301224
1,303,"f1",0.602665101355493
1,303,"f2",0.405039223026213
1,303,"h",1.23153667836999
1,304,"f1",0.64346556124108
1,304,"f2",0.417826719855584
1,304,"h",1.24303578336806
1,305,"f1",0.714292693319478
1,305,"f2",0.447879574648083
1,305,"h",1.23459573712557
1,306,"f1",0.681448119292381
1,306,"f2",0.358345108961982
1,306,"h",1.09464041715559
1,307,"f1",0.637938487473025
1,307,"f2",0.450838798605245
1,307,"h",1.39423778937359
1,308,"f1",0.531488153623646
1,308,"f2",0.426987852919104
1,308,"h",1.23013941321699
1,309,"f1",0.560491979545993
1,309,"f2",0.434238147750294
1,309,"h",1.19825614631112
1,310,"f1",0.646652469685281
1,310,"f2",0.417273306859053
1,310,"h",1.31731167825086
1,311,"f1",0.572238203525396
1,311,"f2",0.416286253908434
1,311,"h",1.2267820729582
1,312,"f1",0.585324474324333
1,312,"f2",0.378051578948607
1,312,"h",1.40927120079211
1,313,"f1",0.612213720886591
1,313,"f2",0.406796918746313
1,313,"h",1.23335684444841
1,314,"f1",0.74777530679469
1,314,"f2",0.372696445524013
1,314,"h",1.23487291100943
1,315,"f1",0.496084898460905
1,315,"f2",0.447940871082824
1,315,"h",1.206032154399
1,316,"f1",0.605555241173758
1,316,"f2",0.368061772513169
1,316,"h",1.44510292413935
1,317,"f1",0.453846931415728
1,317,"f2",0.420088363699529
1,317,"h",1.28566560662947
1,318,"f1",0.562726246397298
1,318,"f2",0.445811084725368
1,318,"h",1.31511795749563
1,319,"f1",0.513596661219122
1,319,"f2",0.374741661055798
1,319,"h",1.25277626656147
1,320,"f1",0.697753601230028
1,320,"f2",0.458688691972091
1,320,"h",1.21627582862361
1,321,"f1",0.597868686203544
1,321,"f2",0.393006679436367
1,321,"h",1.25720028974695
1,322,"f1",0.567033629012066
1,322,"f2",0.403946371436013
1,322,"h",1.19704690974616
1,323,"f1",0.57436152603126
1,323,"f2",0.37926350456223
1,323,"h",1.29414718499504
1,324,"f1",0.5518836059515
1,324,"f2",0.385645382442181
1,324,"h",1.25295747595376
1,325,"f1",0.629497403585105
1,325,"f2",0.374198697889032
1,325,"h",1.26841756155662
1,326,"f1",0.527669144468991
1,326,"f2",0.432470038370128
1,326,"h",1.26168587329259
1,327,"f1",0.676249683226204
1,327,"f2",0.40470947641456
1,327,"h",1.48288852104176
1,328,"f1",0.589024312503727
1,328,"f2",0.404594127986171
1,328,"h",1.30599935134213
1,329,"f1",0.552318746624832
1,329,"f2",0.445367515462376
1,329,"h",1.25468675519702
1,330,"f1",0.641375137612839
1,330,"f2",0.400810472139372
1,330,"h",1.70658329915597
1,331,"f1",0.492936397456063
1,331,"f2",0.369434307949882
1,331,"h",1.24246478430954
1,332,"f1",0.673307126073375
1,332,"f2",0.44674217685783
1,332,"h",1.48628831408707
1,333,"f1",0.660794723086803
1,333,"f2",0.467340843434226
1,333,"h",1.30730239882511
1,334,"f1",0.519549477794344
1,334,"f2",0.431020637663941
1,334,"h",1.26706053474055
1,335,"f1",0.602995369842146
1,335,"f2",0.402130049491238
1,335,"h",1.31498002911559
1,336,"f1",0.562059534004922
1,336,"f2",0.410191508483451
1,336,"h",1.23128677949335
1,337,"f1",0.547325281020533
1,337,"f2",0.35960255712188
1,337,"h",1.52674383896
1,338,"f1",0.442656390201768
1,338,"f2",0.429349456386127
1,338,"h",1.21338463420994
1,339,"f1",0.560353891200293
1,339,"f2",0.451689295147812
1,339,"h",1.5915547321597
1,340,"f1",0.668015234760685
1,340,"f2",0.43349051992775
1,340,"h",1.96468547491456
1,341,"f1",0.585905435259815
1,341,"f2",0.398752061384191
1,341,"h",1.25327009765745
1,342,"f1",0.707444513912767
1,342,"f2",0.385950709339364
1,342,"h",1.2861185617664
1,343,"f1",0.623980400624687
1,343,"f2",0.404494846157183
1,343,"h",1.23291657209473
1,344,"f1",0.629074109233261
1,344,"f2",0.412485059892567
1,344,"h",1.25730060811429
1,345,"f1",0.437622416246886
1,345,"f2",0.458387315095985
1,345,"h",1.27893329401288
1,346,"f1",0.529881115396971
1,346,"f2",0.462391571783942
1,346,"h",1.23533377777576
1,347,"f1",0.679684373895567
1,347,"f2",0.382942297094008
1,347,"h",1.26446413745043
1,348,"f1",0.478478340336852
1,348,"f2",0.42588015185421
1,348,"h",1.21511118905471
1,349,"f1",0.545551675518051
1,349,"f2",0.400716241511904
1,349,"h",1.46387302178752
1,350,"f1",0.500016673161195
1,350,"f2",0.395890274624147
1,350,"h",1.2313511577985
1,351,"f1",0.691434809813066
1,351,"f2",0.425581009842374
1,351,"h",1.20202432190873
1,352,"f1",0.545383178643087
1,352,"f2",0.395575008094812
1,352,"h",1.22359025109694
1,353,"f1",0.630828609893145
1,353,"f2",0.402207182044482
1,353,"h",2.57281008091998
1,354,"f1",0.635805826719866
1,354,"f2",0.436936460673133
1,354,"h",1.26344907416506
1,355,"f1",0.67995547780445
1,355,"f2",0.370212028706018
1,355,"h",1.58029595882993
1,356,"f1",0.462229834517192
1,356,"f2",0.416239569391365
1,356,"h",1.24666581761366
1,357,"f1",0.652817060762212
1,357,"f2",0.407188918143948
1,357,"h",1.23335920507511
1,358,"f1",0.529134762240728
1,358,"f2",0.407591651810336
1,358,"h",1.15263061454676
1,359,"f1",0.601219333754379
1,359,"f2",0.369120800620898
1,359,"h",1.44132864885058
1,360,"f1",0.646874779756595
1,360,"f2",0.361484394327106
1,360,"h",1.17014737675965
1,361,"f1",0.610549248564211
1,361,"f2",0.398208577890119
1,361,"h",2.09786320974592
1,362,"f1",0.47049454542569
1,362,"f2",0.412387444423864
1,362,"h",1.22939069793783
1,363,"f1",0.669834958204734
1,363,"f2",0.391069193406845
1,363,"h",1.56837805351721
1,364,"f1",0.58106878141004
1,364,"f2",0.375917798862241
1,364,"h",1.19898683089067
1,365,"f1",0.729396940478852
1,365,"f2",0.437507767379725
1,365,"h",1.31254534814226
1,366,"f1",0.520136814061521
1,366,"f2",0.439269848248553
1,366,"h",1.58144334880109
1,367,"f1",0.457147970243494
1,367,"f2",0.439676827224413
1,367,"h",1.33940316922732
1,368,"f1",0.60626916225903
1,368,"f2",0.391252856655742
1,368,"h",1.35365787934371
1,369,"f1",0.239757323450383
1,369,"f2",0.368844037765237
1,369,"h",1.21748843620832
1,370,"f1",0.513147210857673
1,370,"f2",0.426791307544357
1,370,"h",1.25500190628891
1,371,"f1",0.654503330055418
1,371,"f2",0.385806137972769
1,371,"h",1.30468609742106
1,372,"f1",0.562006261840208
1,372,"f2",0.397124131255908
1,372,"h",1.25337797648478
1,373,"f1",0.642203744157708
1,373,"f2",0.376305375049792
1,373,"h",1.59004027432998
1,374,"f1",0.653078943505779
1,374,"f2",0.452852418295021
1,374,"h",1.23762210462904
1,375,"f1",0.461007070672863
1,375,"f2",0.403827935033738
1,375,"h",1.2812945997695
1,376,"f1",0.443982009881288
1,376,"f2",0.446442118683585
1,376,"h",1.19200784113331
1,377,"f1",0.656224956775267
1,377,"f2",0.395803796764363
1,377,"h",1.39117893512127
1,378,"f1",0.664258309457667
1,378,"f2",0.375171429349772
1,378,"h",1.19796413351163
1,379,"f1",0.57183308172735
1,379,"f2",0.405669557279433
1,379,"h",1.23804451202511
1,380,"f1",0.604207160676018
1,380,"f2",0.412282087206332
1,380,"h",1.27937615946077
1,381,"f1",0.456261253334712
1,381,"f2",0.387977794201801
1,381,"h",1.15987656415708
1,382,"f1",0.564598918963349
1,382,"f2",0.386342658681015
1,382,"h",1.2224287304193
1,383,"f1",0.590865416477768
1,383,"f2",0.40923413866572
1,383,"h",1.20868486014462
1,384,"f1",0.508632218464133
1,384,"f2",0.447678257376109
1,384,"h",1.21296064702162
1,385,"f1",0.578648214464929
1,385,"f2",0.400649983890772
1,385,"h",1.2198662935279
1,386,"f1",0.611352788876696
1,386,"f2",0.408196552817431
1,386,"h",1.30828030548196
1,387,"f1",0.638928287963839
1,387,"f2",0.43929592758811
1,387,"h",1.27294806105283
1,388,"f1",0.66952491790343
1,388,"f2",0.368978092244121
1,388,"h",1.77184718374846
1,389,"f1",0.507799978115242
1,389,"f2",0.41205142750281
1,389,"h",1.36383130130627
1,390,"f1",0.632963449921071
1,390,"f2",0.403077049569081
1,390,"h",1.30408068309227
1,391,"f1",0.74509732060706
1,391,"f2",0.388273741346257
1,391,"h",1.3377950458418
1,392,"f1",0.710965778035845
1,392,"f2",0.398647024070139
1,392,"h",1.28629493947724
1,393,"f1",0.466161551818309
1,393,"f2",0.371889485697756
1,393,"h",1.28952472344004
1,394,"f1",0.587002347578679
1,394,"f2",0.365205063637017
1,394,"h",1.34179183862291
1,395,"f1",0.559315980835057
1,395,"f2",0.445676525852375
1,395,"h",1.21168656280985
1,396,"f1",0.413554047316762
1,396,"f2",0.405590136858964
1,396,"h",1.19587531906663
1,397,"f1",0.602714832581664
1,397,"f2",0.37387753113257
1,397,"h",1.32070117788028
1,398,"f1",0.388871080798486
1,398,"f2",0.373459356741056
1,398,"h",2.27140984731473
1,399,"f1",0.523994654632156
1,399,"f2",0.423427002230594
1,399,"h",1.42331770158115
1,400,"f1",0.481936258820499
1,400,"f2",0.414437174221557
1,400,"h",1.17800519437344
1,401,"f1",0.398982911422306
1,401,"f2",0.415103545483659
1,401,"h",1.33661440961227
1,402,"f1",0.40851553175687
1,402,"f2",0.380692676106297
1,402,"h",1.25563687412178
1,403,"f1",0.631174598673089
1,403,"f2",0.43493079303046
1,403,"h",1.24308438004159
1,404,"f1",0.615747745568443
1,404,"f2",0.448318442330597
1,404,"h",1.24411647723724
1,405,"f1",0.712886223830188
1,405,"f2",0.421984755019301
1,405,"h",1.21915641732861
1,406,"f1",0.590909317857793
1,406,"f2",0.377623023049638
1,406,"h",1.14459613329083
1,407,"f1",0.42099261631025
1,407,"f2",0.419872294015788
1,407,"h",1.33064234237061
1,408,"f1",0.782882355027744
1,408,"f2",0.445405263033596
1,408,"h",1.27086802634399
1,409,"f1",0.567352014394637
1,409,"f2",0.41206040090506
1,409,"h",1.23544357997907
1,410,"f1",0.627230427080778
1,410,"f2",0.36280070470227
1,410,"h",1.21079027451815
1,411,"f1",0.547941867741195
1,411,"f2",0.407362008654715
1,411,"h",1.48489666747717
1,412,"f1",0.528185936688749
1,412,"f2",0.41941233605035
1,412,"h",1.20177941798467
1,413,"f1",0.662844521244486
1,413,"f2",0.431986088560299
1,413,"h",1.31837063247043
1,414,"f1",0.654064279836207
1,414,"f2",0.414052103549896
1,414,"h",2.14484341854874
1,415,"f1",0.637375626635185
1,415,"f2",0.430417078761839
1,415,"h",1.26254997220471
1,416,"f1",0.566402419010072
1,416,"f2",0.407948824687256
1,416,"h",1.27288045989714
1,417,"f1",0.636188668552968
1,417,"f2",0.363559200010993
1,417,"h",1.20192301289652
1,418,"f1",0.500312501937374
1,418,"f2",0.467750515269196
1,418,"h",1.2342961533556
1,419,"f1",0.60631798256974
1,419,"f2",0.399361105488429
1,419,"h",1.60205987108197
1,420,"f1",0.566219623114205
1,420,"f2",0.406820803099426
1,420,"h",1.22914781740972
1,421,"f1",0.633527484611315
1,421,"f2",0.42349250147501
1,421,"h",1.21257036896412
1,422,"f1",0.577573867482346
1,422,"f2",0.420803068708716
1,422,"h",1.22872019391688
1,423,"f1",0.469408524922584
1,423,"f2",0.453988861876147
1,423,"h",1.26243046964543
1,424,"f1",0.6170439717636
1,424,"f2",0.435411927753833
1,424,"h",1.38161201601059
1,425,"f1",0.721582915922169
1,425,"f2",0.383238017806585
1,425,"h",1.27358894505982
1,426,"f1",0.702001776746443
1,426,"f2",0.422008823894455
1,426,"h",1.21104371092261
1,427,"f1",0.440737160543442
1,427,"f2",0.445424099594097
1,427,"h",1.24806686041756
1,428,"f1",0.58187746853784
1,428,"f2",0.388023869318271
1,428,"h",1.60271366308983
1,429,"f1",0.601823822663821
1,429,"f2",0.399986972693307
1,429,"h",1.32660805777389
1,430,"f1",0.594499869458908
1,430,"f2",0.371906622790101
1,430,"h",1.71208210911648
1,431,"f1",0.339881685860173
1,431,"f2",0.446868869007286
1,431,"h",1.35981986192209
1,432,"f1",0.478584681490556
1,432,"f2",0.427585408741205
1,432,"h",1.22704153231104
1,433,"f1",0.607481692258274
1,433,"f2",0.437899711666771
1,433,"h",1.50921014897683
1,434,"f1",0.65331945442332
1,434,"f2",0.454850357470252
1,434,"h",1.23458578606886
1,435,"f1",0.621526269212918
1,435,"f2",0.417528047323327
1,435,"h",1.25212914195602
1,436,"f1",0.545401656957691
1,436,"f2",0.411412523173841
1,436,"h",1.23624751301645
1,437,"f1",0.646357676550409
1,437,"f2",0.406024174050972
1,437,"h",1.28300587835642
1,438,"f1",0.474457101184148
1,438,"f2",0.397801749757953
1,438,"h",1.14657435663984
1,439,"f1",0.465915049065089
1,439,"f2",0.414980412085071
1,439,"h",1.26348596659208
1,440,"f1",0.708290849398847
1,440,"f2",0.370272770646146
1,440,"h",1.33103578629619
1,441,"f1",0.483650315978213
1,441,"f2",0.4313137729595
1,441,"h",1.22183366244572
1,442,"f1",0.568955223306143
1,442,"f2",0.422461231458119
1,442,"h",1.77189191148583
1,443,"f1",0.723548312089821
1,443,"f2",0.381444556659158
1,443,"h",1.23929408318138
1,444,"f1",0.552883989928158
1,444,"f2",0.444499727007263
1,444,"h",1.27226880541817
1,445,"f1",0.57665372772208
1,445,"f2",0.384164089280413
1,445,"h",1.23634148616761
1,446,"f1",0.467630750776918
1,446,"f2",0.384424296648436
1,446,"h",1.287300697978
1,447,"f1",0.407175007423805
1,447,"f2",0.443251968366446
1,447,"h",1.28159041845027
1,448,"f1",0.469621428675623
1,448,"f2",0.397451406882399
1,448,"h",1.17427453308714
1,449,"f1",0.694306177708899
1,449,"f2",0.368999400640963
1,449,"h",1.28311525453757
1,450,"f1",0.63031563114033
1,450,"f2",0.429883765095926
1,450,"h",1.23907249135752
1,451,"f1",0.63416349832707
1,451,"f2",0.340122132122348
1,451,"h",1.23041211788302
1,452,"f1",0.614354489831261
1,452,"f2",0.447674989006872
1,452,"h",1.22623149454829
1,453,"f1",0.623331764364604
1,453,"f2",0.413365947800972
1,453,"h",1.25169646996878
1,454,"f1",0.659848537401784
1,454,"f2",0.452019214933968
1,454,"h",1.45553359084162
1,455,"f1",0.606722987345692
1,455,"f2",0.402593917634698
1,455,"h",1.30125154618035
1,456,"f1",0.46534008453449
1,456,"f2",0.430527725438654
1,456,"h",1.27614759054085
1,457,"f1",0.558099865450152
1,457,"f2",0.408548406003247
1,457,"h",1.27750360121939
1,458,"f1",0.582335470561211
1,458,"f2",0.415028347943089
1,458,"h",1.1992500539425
1,459,"f1",0.4615671435525
1,459,"f2",0.402648932195002
1,459,"h",1.34650943619709
1,460,"f1",0.526647843968681
1,460,"f2",0.393895247655248
1,460,"h",1.32805488528965
1,461,"f1",0.704704915795821
1,461,"f2",0.37746641956773
1,461,"h",1.2273949961674
1,462,"f1",0.56272520954367
1,462,"f2",0.434225761949116
1,462,"h",1.2193957313709
1,463,"f1",0.515464810630992
1,463,"f2",0.435635624875099
1,463,"h",1.25380603497072
1,464,"f1",0.695087584533242
1,464,"f2",0.408003908020067
1,464,"h",1.22206395377779
1,465,"f1",0.644862426358562
1,465,"f2",0.38509581512957
1,465,"h",1.24468069038667
1,466,"f1",0.713489424357154
1,466,"f2",0.385303983800199
1,466,"h",1.29022279073501
1,467,"f1",0.59917908175372
1,467,"f2",0.436452792172373
1,467,"h",1.22985526685649
1,468,"f1",0.608744553077563
1,468,"f2",0.379711088185493
1,468,"h",1.34611452742683
1,469,"f1",0.697109054903263
1,469,"f2",0.451555744632067
1,469,"h",1.22224992556282
1,470,"f1",0.642226850284035
1,470,"f2",0.434340911575948
1,470,"h",1.21747493453312
1,471,"f1",0.459737718191663
1,471,"f2",0.416710585183357
1,471,"h",1.23577169246153
1,472,"f1",0.466960794947387
1,472,"f2",0.389224104941592
1,472,"h",1.35588405504433
1,473,"f1",0.427156009412238
1,473,"f2",0.456145534201331
1,473,"h",1.23161191763141
1,474,"f1",0.604594302988719
1,474,"f2",0.411388205309215
1,474,"h",1.17506798618778
1,475,"f1",0.420003931459104
1,475,"f2",0.415908310489916
1,475,"h",1.30867900344695
1,476,"f1",0.50562976633666
1,476,"f2",0.399274871097265
1,476,"h",1.19196967985766
1,477,"f1",0.678457699476867
1,477,"f2",0.419934483120252
1,477,"h",1.22913573058758
1,478,"f1",0.565844858229949
1,478,"f2",0.387924660540415
1,478,"h",1.26218429668482
1,479,"f1",0.434679402606431
1,479,"f2",0.429326885500834
1,479,"h",1.30558796558734
1,480,"f1",0.711549857356211
1,480,"f2",0.405020558814948
1,480,"h",1.25308407427876
1,481,"f1",0.303868858820734
1,481,"f2",0.425823968511386
1,481,"h",1.22958548219233
1,482,"f1",0.49797938556289
1,482,"f2",0.380466183078126
1,482,"h",1.2830410292247
1,483,"f1",0.566544719757447
1,483,"f2",0.407643383685783
1,483,"h",1.2411333526781
1,484,"f1",0.552056001043062
1,484,"f2",0.401680821675276
1,484,"h",1.23094515089003
1,485,"f1",0.548174443394016
1,485,"f2",0.464710958510485
1,485,"h",1.22335625480989
1,486,"f1",0.674922857193666
1,486,"f2",0.342715078821859
1,486,"h",1.34375771599761
1,487,"f1",0.63147236146341
1,487,"f2",0.406209181562007
1,487,"h",1.58223940852371
1,488,"f1",0.632781695321393
1,488,"f2",0.442131925276794
1,488,"h",1.25337326052821
1,489,"f1",0.569050884580725
1,489,"f2",0.502129396850499
1,489,"h",1.23038623380543
1,490,"f1",0.581185552618134
1,490,"f2",0.335596566833938
1,490,"h",1.20385303436092
1,491,"f1",0.625801941621283
1,491,"f2",0.398820361564195
1,491,"h",1.31467160901708
1,492,"f1",0.608454159440768
1,492,"f2",0.400410869463627
1,492,"h",1.23359986005392
1,493,"f1",0.660225163660803
1,493,"f2",0.396738066369199
1,493,"h",1.57234144544707
1,494,"f1",0.558493390606707
1,494,"f2",0.430253134072887
1,494,"h",1.25879695954098
1,495,"f1",0.711256040741441
1,495,"f2",0.398903835295745
1,495,"h",1.51034822507796
1,496,"f1",0.537625619542474
1,496,"f2",0.428665208499164
1,496,"h",1.28775683351376
1,497,"f1",0.657249648010932
1,497,"f2",0.359158849077509
1,497,"h",1.46769190235496
1,498,"f1",0.680423203712453
1,498,"f2",0.392788329284022
1,498,"h",1.3950766189531
1,499,"f1",0.552968644986895
1,499,"f2",0.450848893422062
1,499,"h",1.73761474113264
1,500,"f1",0.593228329867505
1,500,"f2",0.459147059416704
1,500,"h",1.43919498107985
1,501,"f1",0.613530889380095
1,501,"f2",0.422234629397566
1,501,"h",1.20838073273662
1,502,"f1",0.675074500786836
1,502,"f2",0.425144054183244
1,502,"h",1.28330832860068
1,503,"f1",0.64080837437205
1,503,"f2",0.393461986143569
1,503,"h",1.27252365304727
1,504,"f1",0.562760309447868
1,504,"f2",0.414746373502663
1,504,"h",1.24410844435388
1,505,"f1",0.549303758912133
1,505,"f2",0.407518838440977
1,505,"h",1.22658967191193
1,506,"f1",0.357947909592768
1,506,"f2",0.460286672795995
1,506,"h",1.23667167303396
1,507,"f1",0.687439219839007
1,507,"f2",0.425930237609953
1,507,"h",1.23357417520546
1,508,"f1",0.640867091750295
1,508,"f2",0.412377250060142
1,508,"h",1.24635597035175
1,509,"f1",0.651459217563198
1,509,"f2",0.410034616916022
1,509,"h",1.5324984633362
1,510,"f1",0.399712973472391
1,510,"f2",0.401216787560391
1,510,"h",1.24605087723249
1,511,"f1",0.622546361036183
1,511,"f2",0.445420174541901
1,511,"h",1.41961601344218
1,512,"f1",0.675633463240226
1,512,"f2",0.41091737567212
1,512,"h",1.37854607969141
1,513,"f1",0.578574513130319
1,513,"f2",0.416795277366084
1,513,"h",1.29737453809381
1,514,"f1",0.598674281173097
1,514,"f2",0.423482990214051
1,514,"h",1.25136586141063
1,515,"f1",0.693590471558823
1,515,"f2",0.436966812736134
1,515,"h",1.84942872001835
1,516,"f1",0.551877147879319
1,516,"f2",0.446918072506931
1,516,"h",1.24130620935987
1,517,"f1",0.449320738106649
1,517,"f2",0.459194466174581
1,517,"h",1.25867340797342
1,518,"f1",0.752393469328293
1,518,"f2",0.427047571066702
1,518,"h",1.2358979802278
1,519,"f1",0.609690414990713
1,519,"f2",0.422557294600829
1,519,"h",1.21946540918631
1,520,"f1",0.591081075206288
1,520,"f2",0.364767308320357
1,520,"h",1.14971221178221
1,521,"f1",0.522767979098422
1,521,"f2",0.410152825318668
1,521,"h",1.76799406087604
1,522,"f1",0.618441590299117
1,522,"f2",0.370353193312267
1,522,"h",1.94862992827596
1,523,"f1",0.433904590934721
1,523,"f2",0.431598512620336
1,523,"h",1.23106165707484
1,524,"f1",0.449212507530057
1,524,"f2",0.426834425697268
1,524,"h",1.23376436996172
1,525,"f1",0.588201841843658
1,525,"f2",0.370641634247054
1,525,"h",1.25947884959791
1,526,"f1",0.675500235634899
1,526,"f2",0.456892948063797
1,526,"h",1.24825825470346
1,527,"f1",0.61702335223863
1,527,"f2",0.376761348423319
1,527,"h",1.42795443137159
1,528,"f1",0.527740148413884
1,528,"f2",0.42525657816013
1,528,"h",1.26442878294689
1,529,"f1",0.513487064906163
1,529,"f2",0.426132564670579
1,529,"h",1.24032780220584
1,530,"f1",0.468427928295638
1,530,"f2",0.410395206820681
1,530,"h",1.25368633109288
1,531,"f1",0.583081494746115
1,531,"f2",0.447024945053436
1,531,"h",1.22849997280898
1,532,"f1",0.566814050453354
1,532,"f2",0.449203921664265
1,532,"h",1.42290696108693
1,533,"f1",0.598198712858616
1,533,"f2",0.35414507144382
1,533,"h",0.868728129091032
1,534,"f1",0.541667882513442
1,534,"f2",0.392373821914565
1,534,"h",1.38711880315691
1,535,"f1",0.292999206389012
1,535,"f2",0.400101231971278
1,535,"h",1.30183814908155
1,536,"f1",0.597644929353209
1,536,"f2",0.430207404963081
1,536,"h",1.46612764034791
1,537,"f1",0.555341674370043
1,537,"f2",0.401306966372245
1,537,"h",1.26496522994048
1,538,"f1",0.699658720078424
1,538,"f2",0.414218788198514
1,538,"h",1.28243494306208
1,539,"f1",0.585147214236236
1,539,"f2",0.420009850927567
1,539,"h",1.23958606766335
1,540,"f1",0.613379780009506
1,540,"f2",0.400001536485545
1,540,"h",1.67976226024645
1,541,"f1",0.54208413057529
1,541,"f2",0.407365618689449
1,541,"h",1.23824419723546
1,542,"f1",0.65018263862287
1,542,"f2",0.442517552652677
1,542,"h",1.25654807577496
1,543,"f1",0.617154776462044
1,543,"f2",0.404172458705461
1,543,"h",1.30222253880311
1,544,"f1",0.443700021991608
1,544,"f2",0.375376945688497
1,544,"h",1.22414781740556
1,545,"f1",0.48704457525476
1,545,"f2",0.393762675247403
1,545,"h",1.45081521689956
1,546,"f1",0.427118126611783
1,546,"f2",0.455057151850305
1,546,"h",1.33396440128651
1,547,"f1",0.667306694301494
1,547,"f2",0.402529574622497
1,547,"h",1.28507125750569
1,548,"f1",0.606280791167482
1,548,"f2",0.430042944053099
1,548,"h",1.54767440538875
1,549,"f1",0.540081053942654
1,549,"f2",0.400054391707669
1,549,"h",1.26539176602758
1,550,"f1",0.623408326598304
1,550,"f2",0.434789794355047
1,550,"h",1.83438311689872
1,551,"f1",0.53137669269039
1,551,"f2",0.424627399976312
1,551,"h",1.22754919533223
1,552,"f1",0.523928527344942
1,552,"f2",0.422067697901089
1,552,"h",1.33309909706604
1,553,"f1",0.586120698249353
1,553,"f2",0.423641283419525
1,553,"h",1.23431299601138
1,554,"f1",0.540958176413723
1,554,"f2",0.414024697269952
1,554,"h",1.28398742691642
1,555,"f1",0.570773170982954
1,555,"f2",0.402773777727138
1,555,"h",1.23230780051119
1,556,"f1",0.763582008963087
1,556,"f2",0.39538842475142
1,556,"h",1.37326437196363
1,557,"f1",0.584081683917659
1,557,"f2",0.44291106420917
1,557,"h",1.2619474892538
1,558,"f1",0.591267879112412
1,558,"f2",0.381778639620119
1,558,"h",1.23919971439447
1,559,"f1",0.525839723445304
1,559,"f2",0.403803786346346
1,559,"h",1.31717593711418
1,560,"f1",0.505708538584316
1,560,"f2",0.435617562216578
1,560,"h",1.26740958020023
1,561,"f1",0.382689688612109
1,561,"f2",0.429708239518579
1,561,"h",1.21217638425478
1,562,"f1",0.688631500464251
1,562,"f2",0.41063741661523
1,562,"h",1.2569213228146
1,563,"f1",0.542949233696506
1,563,"f2",0.416790250693515
1,563,"h",1.23393106432633
1,564,"f1",0.436061706252251
1,564,"f2",0.434947203061803
1,564,"h",1.32977805802781
1,565,"f1",0.597846284093385
1,565,"f2",0.422535957594386
1,565,"h",1.3063111153135
1,566,"f1",0.566778596681222
1,566,"f2",0.406600761616859
1,566,"h",1.13856416004478
1,567,"f1",0.63367909006262
1,567,"f2",0.404624253451794
1,567,"h",1.22758483367228
1,568,"f1",0.61063156592123
1,568,"f2",0.359814930360341
1,568,"h",1.28014445193576
1,569,"f1",0.596895525561637
1,569,"f2",0.500122147171187
1,569,"h",1.28205922405864
1,570,"f1",0.597841183242892
1,570,"f2",0.410553382225443
1,570,"h",1.32822016427448
1,571,"f1",0.648620414419225
1,571,"f2",0.40885489165669
1,571,"h",1.34992837259566
1,572,"f1",0.496117380576869
1,572,"f2",0.376485372324181
1,572,"h",1.32694210635121
1,573,"f1",0.468972361607703
1,573,"f2",0.442176028931114
1,573,"h",1.20724145595231
1,574,"f1",0.542478167332614
1,574,"f2",0.478346474178479
1,574,"h",1.3040514407978
1,575,"f1",0.580218849003999
1,575,"f2",0.420041488516712
1,575,"h",1.29253667309772
1,576,"f1",0.617996772168952
1,576,"f2",0.395290985045124
1,576,"h",1.48621489620366
1,577,"f1",0.655478672945091
1,577,"f2",0.362441890446745
1,577,"h",1.46388026432433
1,578,"f1",0.588004010926415
1,578,"f2",0.416293544659203
1,578,"h",1.20678250614097
1,579,"f1",0.567391713148276
1,579,"f2",0.451689597015953
1,579,"h",1.27799585133974
1,580,"f1",0.598434489881031
1,580,"f2",0.43340614773866
1,580,"h",1.23485570131587
1,581,"f1",0.596151311691802
1,581,"f2",0.434738948470026
1,581,"h",1.29361358759764
1,582,"f1",0.651128570270505
1,582,"f2",0.43288313349312
1,582,"h",1.2634331105477
1,583,"f1",0.544342945821703
1,583,"f2",0.433510182768149
1,583,"h",1.22862841358654
1,584,"f1",0.474039180668528
1,584,"f2",0.452105438780083
1,584,"h",1.11906304934081
1,585,"f1",0.597974553663209
1,585,"f2",0.397796567030922
1,585,"h",1.48075278623673
1,586,"f1",0.564979247469805
1,586,"f2",0.378478808116631
1,586,"h",1.29912329531311
1,587,"f1",0.585588887533488
1,587,"f2",0.408912652283483
1,587,"h",1.17800583884716
1,588,"f1",0.639834237533088
1,588,"f2",0.471446568133062
1,588,"h",1.21995235448162
1,589,"f1",0.555150885776595
1,589,"f2",0.407063747297034
1,589,"h",1.35679851659889
1,590,"f1",0.524576814020266
1,590,"f2",0.422953381835154
1,590,"h",1.26124113971947
1,591,"f1",0.578185875143586
1,591,"f2",0.459355479120998
1,591,"h",1.46965870367872
1,592,"f1",0.582665495305287
1,592,"f2",0.400815638121266
1,592,"h",1.28285943965853
1,593,"f1",0.532149543321366
1,593,"f2",0.370023505915106
1,593,"h",1.17396385301989
1,594,"f1",0.663265785230149
1,594,"f2",0.438451364667303
1,594,"h",1.26645025349315
1,595,"f1",0.690186702229728
1,595,"f2",0.426670110440111
1,595,"h",1.67241806261243
1,596,"f1",0.635180749724836
1,596,"f2",0.390375510030409
1,596,"h",1.39084528236234
1,597,"f1",0.682037351320674
1,597,"f2",0.401543640654772
1,597,"h",1.29180671368049
1,598,"f1",0.695480926475404
1,598,"f2",0.409548701790729
1,598,"h",1.19515226710983
1,599,"f1",0.702050342670563
1,599,"f2",0.385685937598361
1,599,"h",1.30679538262245
1,600,"f1",0.553248945217976
1,600,"f2",0.440740335854771
1,600,"h",1.24326043180966
1,601,"f1",0.39191838913514
1,601,"f2",0.392579961767507
1,601,"h",1.29560425714332
1,602,"f1",0.61358974408472
1,602,"f2",0.412353910046784
1,602,"h",1.35573474641704
1,603,"f1",0.563941193945934
1,603,"f2",0.464274678148338
1,603,"h",1.24612496500858
1,604,"f1",0.708051146733002
1,604,"f2",0.458050605124669
1,604,"h",1.20955168193214
1,605,"f1",0.560197433062404
1,605,"f2",0.416601489033443
1,605,"h",1.2285823420163
1,606,"f1",0.505861879090831
1,606,"f2",0.442638457753851
1,606,"h",1.85124661018498
1,607,"f1",0.473043735089153
1,607,"f2",0.360508566805544
1,607,"h",1.70128768559819
1,608,"f1",0.632568926417832
1,608,"f2",0.39619867691857
1,608,"h",1.31340672759641
1,609,"f1",0.612367612683517
1,609,"f2",0.390638197243089
1,609,"h",1.40631663333989
1,610,"f1",0.654293088666148
1,610,"f2",0.390545730435777
1,610,"h",1.31482315590268
1,611,"f1",0.557178931047791
1,611,"f2",0.436908082662608
1,611,"h",1.27666584618297
1,612,"f1",0.533727704710917
1,612,"f2",0.431800828779282
1,612,"h",1.21448456626997
1,613,"f1",0.633958058367514
1,613,"f2",0.441067205081439
1,613,"h",1.24888890131099
1,614,"f1",0.599318174979478
1,614,"f2",0.401551723358172
1,614,"h",1.25702050561799
1,615,"f1",0.683928360034566
1,615,"f2",0.355331942113005
1,615,"h",1.44973125631943
1,616,"f1",0.626070610566316
1,616,"f2",0.438633270765798
1,616,"h",1.23832575574634
1,617,"f1",0.705029512902718
1,617,"f2",0.406328452243336
1,617,"h",1.27244876871603
1,618,"f1",0.670296953951258
1,618,"f2",0.392009359354226
1,618,"h",1.29605676264462
1,619,"f1",0.500185930988615
1,619,"f2",0.398125537472782
1,619,"h",1.37286927525626
1,620,"f1",0.46910794660809
1,620,"f2",0.390393219323479
1,620,"h",1.22300479068445
1,621,"f1",0.614695090020941
1,621,"f2",0.480168069873207
1,621,"h",1.26980133182909
1,622,"f1",0.44678810459741
1,622,"f2",0.410282754910331
1,622,"h",1.22727791195806
1,623,"f1",0.557112341734961
1,623,"f2",0.439960234430472
1,623,"h",1.22445670245455
1,624,"f1",0.549731175949941
1,624,"f2",0.461440863784948
1,624,"h",1.29886712830718
1,625,"f1",0.568435998241297
1,625,"f2",0.379608937766694
1,625,"h",1.38822575918095
1,626,"f1",0.619056142602994
1,626,"f2",0.426013208838717
1,626,"h",1.22421796105812
1,627,"f1",0.613767455158266
1,627,"f2",0.415674597593638
1,627,"h",1.47584481961269
1,628,"f1",0.327307776654228
1,628,"f2",0.366020237218525
1,628,"h",1.27258414692845
1,629,"f1",0.367560426662052
1,629,"f2",0.494579901292975
1,629,"h",1.26326788336449
1,630,"f1",0.663234119783133
1,630,"f2",0.428552447465839
1,630,"h",1.24558034437539
1,631,"f1",0.620760241350197
1,631,"f2",0.395939975719937
1,631,"h",1.21429139234557
1,632,"f1",0.586430097683949
1,632,"f2",0.415153728440627
1,632,"h",1.23401824474612
1,633,"f1",0.385846142992303
1,633,"f2",0.386692191275167
1,633,"h",1.23879860923345
1,634,"f1",0.65408325262638
1,634,"f2",0.410849125211431
1,634,"h",1.67707005034605
1,635,"f1",0.536192842497831
1,635,"f2",0.388809663820264
1,635,"h",1.24711700408146
1,636,"f1",0.732707882684641
1,636,"f2",0.435490143678161
1,636,"h",1.43525385878802
1,637,"f1",0.603260938212528
1,637,"f2",0.400543650350367
1,637,"h",1.4507436693127
1,638,"f1",0.627810924214941
1,638,"f2",0.410233769397452
1,638,"h",1.40868692870868
1,639,"f1",0.62304747088956
1,639,"f2",0.433956444698034
1,639,"h",1.2542524030398
1,640,"f1",0.444091058685562
1,640,"f2",0.455773499852846
1,640,"h",1.23687149249101
1,641,"f1",0.701456777991619
1,641,"f2",0.409489332514634
1,641,"h",1.36385918172638
1,642,"f1",0.694798779407124
1,642,"f2",0.426313543457012
1,642,"h",1.30001187989934
1,643,"f1",0.755893883820943
1,643,"f2",0.396155276800454
1,643,"h",1.29621494075626
1,644,"f1",0.529440405227447
1,644,"f2",0.410006814366933
1,644,"h",1.23239609070244
1,645,"f1",0.685474804503647
1,645,"f2",0.399567870108607
1,645,"h",1.26450065166708
1,646,"f1",0.668437244724202
1,646,"f2",0.427652999067431
1,646,"h",1.14783148485209
1,647,"f1",0.787934168466006
1,647,"f2",0.396107226213039
1,647,"h",1.37796326497186
1,648,"f1",0.659297541957192
1,648,"f2",0.394306713808914
1,648,"h",1.24802779379562
1,649,"f1",0.521165884166131
1,649,"f2",0.421046528814659
1,649,"h",1.23891691926202
1,650,"f1",0.67275703346626
1,650,"f2",0.429854792141522
1,650,"h",1.20933373965125
1,651,"f1",0.642619792931695
1,651,"f2",0.356036630192074
1,651,"h",1.27169369255805
1,652,"f1",0.656675311779626
1,652,"f2",0.344244377276636
1,652,"h",1.2498895656524
1,653,"f1",0.69221780356338
1,653,"f2",0.403708130729328
1,653,"h",1.24981078055247
1,654,"f1",0.742174426322346
1,654,"f2",0.38315741942834
1,654,"h",1.22491013408641
1,655,"f1",0.694818609358515
1,655,"f2",0.385284216561696
1,655,"h",1.24808058543519
1,656,"f1",0.722544346490326
1,656,"f2",0.422940928066371
1,656,"h",1.53299646570816
1,657,"f1",0.392200844444076
1,657,"f2",0.420279204353052
1,657,"h",1.27760076495775
1,658,"f1",0.439984525407076
1,658,"f2",0.443770768795416
1,658,"h",1.24145527979605
1,659,"f1",0.638592437172319
1,659,"f2",0.389089935265073
1,659,"h",1.86169255789297
1,660,"f1",0.691891540271615
1,660,"f2",0.376434986534137
1,660,"h",1.24687011910056
1,661,"f1",0.612611268519581
1,661,"f2",0.407988693143863
1,661,"h",1.26880390599184
1,662,"f1",0.621135216785146
1,662,"f2",0.373495860766395
1,662,"h",1.18763357898733
1,663,"f1",0.482521518886009
1,663,"f2",0.405562478684997
1,663,"h",1.21950609960456
1,664,"f1",0.645036247772922
1,664,"f2",0.362127354163569
1,664,"h",1.15578924847467
1,665,"f1",0.577352625677694
1,665,"f2",0.408144291341844
1,665,"h",1.2556864860522
1,666,"f1",0.504361108328102
1,666,"f2",0.43520559031802
1,666,"h",1.22182106326182
1,667,"f1",0.567062418644763
1,667,"f2",0.401588461898269
1,667,"h",1.23780125410577
1,668,"f1",0.613019183318028
1,668,"f2",0.402004962410339
1,668,"h",1.27389731284244
1,669,"f1",0.454861702767726
1,669,"f2",0.534735298474533
1,669,"h",1.27305348692404
1,670,"f1",0.63263372623103
1,670,"f2",0.430060599222648
1,670,"h",1.19511901389777
1,671,"f1",0.211906819852918
1,671,"f2",0.358836032245721
1,671,"h",1.18243946004222
1,672,"f1",0.678022076927792
1,672,"f2",0.434613904999351
1,672,"h",1.36347156220906
1,673,"f1",0.552845721077318
1,673,"f2",0.4142367137864
1,673,"h",1.10138352978069
1,674,"f1",0.446292735354903
1,674,"f2",0.451267959597832
1,674,"h",1.42303055069159
1,675,"f1",0.499608511199353
1,675,"f2",0.4323994534641
1,675,"h",1.23933290653564
1,676,"f1",0.433346759200024
1,676,"f2",0.414497399565335
1,676,"h",1.59250105425881
1,677,"f1",0.655161051637741
1,677,"f2",0.376584059554652
1,677,"h",1.47514299418009
1,678,"f1",0.597862673518148
1,678,"f2",0.397257168597077
1,678,"h",1.30220232521953
1,679,"f1",0.762762039674969
1,679,"f2",0.408683357657145
1,679,"h",1.30734945244924
1,680,"f1",0.585855480776774
1,680,"f2",0.40036996342366
1,680,"h",1.23724002958716
1,681,"f1",0.55939579994878
1,681,"f2",0.414039057893411
1,681,"h",1.31084413211715
1,682,"f1",0.533880246902727
1,682,"f2",0.422336821662919
1,682,"h",1.22670489835826
1,683,"f1",0.6878586090575
1,683,"f2",0.376858901931635
1,683,"h",1.24233467268876
1,684,"f1",0.454710357980898
1,684,"f2",0.428413402068637
1,684,"h",1.27835989032074
1,685,"f1",0.54758745573942
1,685,"f2",0.409564540830615
1,685,"h",1.16410006683229
1,686,"f1",0.630244636612687
1,686,"f2",0.402744216077365
1,686,"h",1.29050771709734
1,687,"f1",0.597822413799857
1,687,"f2",0.43095974280132
1,687,"h",1.27757650987697
1,688,"f1",0.524767987888702
1,688,"f2",0.42041502868604
1,688,"h",1.36876130476248
1,689,"f1",0.547572361456112
1,689,"f2",0.364219173726411
1,689,"h",1.23881612017069
1,690,"f1",0.506029425790714
1,690,"f2",0.402509632889044
1,690,"h",1.23899561326348
1,691,"f1",0.593074336744604
1,691,"f2",0.418615507690311
1,691,"h",1.26234056993757
1,692,"f1",0.568046108736816
1,692,"f2",0.340286941581303
1,692,"h",1.24639197327543
1,693,"f1",0.682109484551073
1,693,"f2",0.405475449269677
1,693,"h",1.31028895805529
1,694,"f1",0.796380957239385
1,694,"f2",0.419798264628913
1,694,"h",1.27466662059227
1,695,"f1",0.483117959944776
1,695,"f2",0.435498863028908
1,695,"h",1.25003422454832
1,696,"f1",0.601027111464671
1,696,"f2",0.433925305890584
1,696,"h",1.25326469142008
1,697,"f1",0.711691667214033
1,697,"f2",0.41373485337166
1,697,"h",1.25264963525872
1,698,"f1",0.533996577426085
1,698,"f2",0.434394360695342
1,698,"h",1.2454019225478
1,699,"f1",0.433259192137237
1,699,"f2",0.406012435294877
1,699,"h",1.87322807469619
1,700,"f1",0.679546542990153
1,700,"f2",0.385396566074639
1,700,"h",1.22799431705635
1,701,"f1",0.670989008112024
1,701,"f2",0.420854678071221
1,701,"h",1.27958363171822
1,702,"f1",0.624455598077983
1,702,"f2",0.381664717423697
1,702,"h",1.22164135393488
1,703,"f1",0.670357522616691
1,703,"f2",0.379367423018908
1,703,"h",1.35732332916952
1,704,"f1",0.638409673742342
1,704,"f2",0.390915454623462
1,704,"h",1.2705667946674
1,705,"f1",0.626685102152692
1,705,"f2",0.403283820353684
1,705,"h",1.43291831710816
1,706,"f1",0.699711298913046
1,706,"f2",0.43841048753334
1,706,"h",1.35354661819367
1,707,"f1",0.63876078484123
1,707,"f2",0.4127421808576
1,707,"h",1.28087131377261
1,708,"f1",0.547621433335886
1,708,"f2",0.428838183786916
1,708,"h",1.230859645061
1,709,"f1",0.530884990201892
1,709,"f2",0.455018181235213
1,709,"h",1.20683735047652
1,710,"f1",0.459746605479941
1,710,"f2",0.398833798839808
1,710,"h",1.26626827536282
1,711,"f1",0.609424540937239
1,711,"f2",0.399916727305127
1,711,"h",1.290191542309
1,712,"f1",0.698063344355874
1,712,"f2",0.460709838018484
1,712,"h",1.21626677219082
1,713,"f1",0.686667318260771
1,713,"f2",0.374317645291864
1,713,"h",1.34411719168564
1,714,"f1",0.521954505545927
1,714,"f2",0.439573259970561
1,714,"h",1.26470207617933
1,715,"f1",0.593161811875726
1,715,"f2",0.407119737245216
1,715,"h",1.24562954188079
1,716,"f1",0.717654726814601
1,716,"f2",0.346985355180793
1,716,"h",1.64068395672367
1,717,"f1",0.613074464123822
1,717,"f2",0.379430928555633
1,717,"h",1.52595539412497
1,718,"f1",0.679278224832163
1,718,"f2",0.42610254176484
1,718,"h",1.22523635057541
1,719,"f1",0.597670016271287
1,719,"f2",0.415477500545443
1,719,"h",1.21539844070679
1,720,"f1",0.623653040153363
1,720,"f2",0.430820450900681
1,720,"h",1.23169411649103
1,721,"f1",0.641510395970994
1,721,"f2",0.397571506813272
1,721,"h",1.24306946957486
1,722,"f1",0.586544548516345
1,722,"f2",0.394686030437758
1,722,"h",1.31354482753754
1,723,"f1",0.605391089004051
1,723,"f2",0.452694185887773
1,723,"h",1.24976860156679
1,724,"f1",0.443989148872654
1,724,"f2",0.445771359808735
1,724,"h",1.26163484809473
1,725,"f1",0.493497789787468
1,725,"f2",0.413958446532109
1,725,"h",1.22516812858444
1,726,"f1",0.685300342470463
1,726,"f2",0.416692819951671
1,726,"h",1.27104850877862
1,727,"f1",0.638447213178845
1,727,"f2",0.437880574080584
1,727,"h",1.29179881566764
1,728,"f1",0.664859824764289
1,728,"f2",0.366203404040761
1,728,"h",1.3419469835751
1,729,"f1",0.637229177448521
1,729,"f2",0.343735531118825
1,729,"h",1.14623249668492
1,730,"f1",0.691212123735806
1,730,"f2",0.414151559832427
1,730,"h",1.96427405510209
1,731,"f1",0.38910490539494
1,731,"f2",0.439534449225696
1,731,"h",1.26260492276916
1,732,"f1",0.62100994470181
1,732,"f2",0.390377112250593
1,732,"h",1.36851057666085
1,733,"f1",0.523011521775687
1,733,"f2",0.408434348739143
1,733,"h",1.22956343928108
1,734,"f1",0.669175627906259
1,734,"f2",0.446491805789749
1,734,"h",1.24139748926369
1,735,"f1",0.611157806162343
1,735,"f2",0.441283554729309
1,735,"h",1.3705232569471
1,736,"f1",0.667236758997725
1,736,"f2",0.368299121381087
1,736,"h",1.20751046352566
1,737,"f1",0.452272851768563
1,737,"f2",0.414396099854875
1,737,"h",1.25506436193729
1,738,"f1",0.663884456257114
1,738,"f2",0.420494429841646
1,738,"h",1.22698670176075
1,739,"f1",0.503980739027698
1,739,"f2",0.422730455447791
1,739,"h",1.27091458598526
1,740,"f1",0.617827090852538
1,740,"f2",0.482538826728425
1,740,"h",1.18289573732546
1,741,"f1",0.59270081634875
1,741,"f2",0.405893887197939
1,741,"h",1.24304052769574
1,742,"f1",0.578314367981043
1,742,"f2",0.368370636347539
1,742,"h",1.41352178246003
1,743,"f1",0.741226703447777
1,743,"f2",0.436864418823753
1,743,"h",1.26087998807465
1,744,"f1",0.574158794220026
1,744,"f2",0.420856041740222
1,744,"h",1.22334986467119
1,745,"f1",0.628804230548958
1,745,"f2",0.423472454758524
1,745,"h",1.25683480382069
1,746,"f1",0.538403495006925
1,746,"f2",0.377670540225384
1,746,"h",1.29668662934034
1,747,"f1",0.597129202928018
1,747,"f2",0.382225437917643
1,747,"h",1.19621028914984
1,748,"f1",0.631201070947154
1,748,"f2",0.430922035890146
1,748,"h",1.22998118138334
1,749,"f1",0.598550370847839
1,749,"f2",0.372869473967274
1,749,"h",1.2235092166934
1,750,"f1",0.672059944843848
1,750,"f2",0.449287962893026
1,750,"h",1.23547318764327
1,751,"f1",0.428016429220258
1,751,"f2",0.416771968115304
1,751,"h",1.04142022116002
1,752,"f1",0.735213167766121
1,752,"f2",0.43418843510102
1,752,"h",1.21758963605458
1,753,"f1",0.741964887037912
1,753,"f2",0.430816993814042
1,753,"h",1.24531779059273
1,754,"f1",0.542013073691089
1,754,"f2",0.439634103483838
1,754,"h",1.27588239956278
1,755,"f1",0.573036554267056
1,755,"f2",0.380418891776431
1,755,"h",1.53156078250315
1,756,"f1",0.477587048647932
1,756,"f2",0.396384162309513
1,756,"h",1.2903154549176
1,757,"f1",0.538288921685734
1,757,"f2",0.415034681660592
1,757,"h",1.21515395928793
1,758,"f1",0.52948241948767
1,758,"f2",0.445161611321453
1,758,"h",1.88523928512675
1,759,"f1",0.590617635354993
1,759,"f2",0.375621042383858
1,759,"h",1.33239486506739
1,760,"f1",0.451175428744183
1,760,"f2",0.432570810845252
1,760,"h",1.2443706724968
1,761,"f1",0.563645037903048
1,761,"f2",0.417501831580183
1,761,"h",1.33593712163225
1,762,"f1",0.569723908082645
1,762,"f2",0.4326088276913
1,762,"h",1.21111874371677
1,763,"f1",0.560681769802819
1,763,"f2",0.407142101655868
1,763,"h",1.35371066904566
1,764,"f1",0.621170622246559
1,764,"f2",0.407340520804523
1,764,"h",1.29601076245437
1,765,"f1",0.629842335106782
1,765,"f2",0.385361719077987
1,765,"h",1.21781532377309
1,766,"f1",0.741595158605841
1,766,"f2",0.399944679224887
1,766,"h",1.19192531061409
1,767,"f1",0.465808705597237
1,767,"f2",0.393254696068726
1,767,"h",1.26722177657197
1,768,"f1",0.56026093463073
1,768,"f2",0.470407248872884
1,768,"h",1.29007473064893
1,769,"f1",0.502591821676725
1,769,"f2",0.393666985287436
1,769,"h",1.24942198917662
1,770,"f1",0.689969900236764
1,770,"f2",0.38569732411656
1,770,"h",2.38429115165301
1,771,"f1",0.538174699669371
1,771,"f2",0.438372262809289
1,771,"h",1.25211946499316
1,772,"f1",0.618452482706886
1,772,"f2",0.37061016291387
1,772,"h",1.31568930701395
1,773,"f1",0.591050301878551
1,773,"f2",0.401301437878396
1,773,"h",1.25118595900901
1,774,"f1",0.671932856174967
1,774,"f2",0.422952910317473
1,774,"h",1.24755825115668
1,775,"f1",0.728154123226279
1,775,"f2",0.374465884238251
1,775,"h",1.23723543521162
1,776,"f1",0.661919010219881
1,776,"f2",0.412115855191252
1,776,"h",1.26011653264366
1,777,"f1",0.702899507745096
1,777,"f2",0.33470977419675
1,777,"h",1.32320148058468
1,778,"f1",0.665340317618496
1,778,"f2",0.412839075492867
1,778,"h",1.31666382654826
1,779,"f1",0.685675973696876
1,779,"f2",0.400018304643068
1,779,"h",1.23565491039004
1,780,"f1",0.669589528230257
1,780,"f2",0.383444731803794
1,780,"h",1.26720595507266
1,781,"f1",0.519034299740571
1,781,"f2",0.370712985474649
1,781,"h",1.52135290443962
1,782,"f1",0.410362085554823
1,782,"f2",0.43236064659395
1,782,"h",1.25827777172136
1,783,"f1",0.543380740618958
1,783,"f2",0.428469528293062
1,783,"h",1.24776084050488
1,784,"f1",0.660215601590656
1,784,"f2",0.413457548409814
1,784,"h",1.22881922203885
1,785,"f1",0.692688797826331
1,785,"f2",0.371988336071932
1,785,"h",1.25918564520803
1,786,"f1",0.658255715147806
1,786,"f2",0.440524066606632
1,786,"h",1.31306227141708
1,787,"f1",0.532092715204394
1,787,"f2",0.433068040653263
1,787,"h",1.2361902329027
1,788,"f1",0.570346074700571
1,788,"f2",0.416449989626007
1,788,"h",1.27080435576003
1,789,"f1",0.55457840538213
1,789,"f2",0.449490824055299
1,789,"h",1.29621021178511
1,790,"f1",0.386797603050554
1,790,"f2",0.442792962977665
1,790,"h",1.22845487561771
1,791,"f1",0.690580335236131
1,791,"f2",0.390234655205696
1,791,"h",1.25641824202894
1,792,"f1",0.588785799737918
1,792,"f2",0.399895735762625
1,792,"h",1.2634265522334
1,793,"f1",0.516239629657285
1,793,"f2",0.410385590145415
1,793,"h",1.32935085106886
1,794,"f1",0.597536331596543
1,794,"f2",0.431736612486979
1,794,"h",1.16677341564594
1,795,"f1",0.592547720077582
1,795,"f2",0.420263839200475
1,795,"h",1.25423627472762
1,796,"f1",0.661844734238958
1,796,"f2",0.371244615558527
1,796,"h",1.25455651247528
1,797,"f1",0.609321574176167
1,797,"f2",0.401224108537982
1,797,"h",1.23014818730027
1,798,"f1",0.577767510744558
1,798,"f2",0.41661474748825
1,798,"h",1.49445906870077
1,799,"f1",0.610944288339221
1,799,"f2",0.421380463957461
1,799,"h",1.52034008778423
1,800,"f1",0.711572558848916
1,800,"f2",0.383750890452274
1,800,"h",1.69186690209273
1,801,"f1",0.513646802741094
1,801,"f2",0.41994128609533
1,801,"h",1.53902189588729
1,802,"f1",0.598598855968747
1,802,"f2",0.386997948246683
1,802,"h",1.42720103217059
1,803,"f1",0.558296835475352
1,803,"f2",0.390509496474652
1,803,"h",1.24133733254009
1,804,"f1",0.652382949445406
1,804,"f2",0.393795376210452
1,804,"h",1.25740628384111
1,805,"f1",0.561384277962225
1,805,"f2",0.450429779015946
1,805,"h",1.23650289458595
1,806,"f1",0.466646154169971
1,806,"f2",0.405139187048099
1,806,"h",1.23793317686832
1,807,"f1",0.570023932126004
1,807,"f2",0.349821816757766
1,807,"h",1.20708497224526
1,808,"f1",0.420831552764638
1,808,"f2",0.384027042464038
1,808,"h",1.26474293855966
1,809,"f1",0.606901742291829
1,809,"f2",0.414427245708398
1,809,"h",1.27660063137637
1,810,"f1",0.674439388298277
1,810,"f2",0.421318160692958
1,810,"h",1.26633645879315
1,811,"f1",0.661842604907889
1,811,"f2",0.39946395474603
1,811,"h",1.2483135735798
1,812,"f1",0.658893998104464
1,812,"f2",0.436941121146066
1,812,"h",1.14955018237543
1,813,"f1",0.734660772612489
1,813,"f2",0.397780526050475
1,813,"h",1.23876292371295
1,814,"f1",0.518601652369263
1,814,"f2",0.417298111219635
1,814,"h",1.3334142724112
1,815,"f1",0.56105970323576
1,815,"f2",0.429770004018138
1,815,"h",1.25075034188117
1,816,"f1",0.655450085662129
1,816,"f2",0.448261649068832
1,816,"h",1.11744869367743
1,817,"f1",0.698635550183983
1,817,"f2",0.380529580557646
1,817,"h",1.21880058727383
1,818,"f1",0.705645509054123
1,818,"f2",0.400469504217651
1,818,"h",1.73641224067042
1,819,"f1",0.451728995358596
1,819,"f2",0.391427562774254
1,819,"h",1.24199810500637
1,820,"f1",0.512218767384821
1,820,"f2",0.434972344858995
1,820,"h",1.25577842643014
1,821,"f1",0.699370929114578
1,821,"f2",0.432871584160404
1,821,"h",1.23426792563635
1,822,"f1",0.605054754429295
1,822,"f2",0.381861025311905
1,822,"h",1.92454290273515
1,823,"f1",0.592967810660359
1,823,"f2",0.428100952510451
1,823,"h",1.23943491746877
1,824,"f1",0.420774598928492
1,824,"f2",0.441550782571924
1,824,"h",1.223210884021
1,825,"f1",0.731705467941087
1,825,"f2",0.376943268326572
1,825,"h",1.26561284484089
1,826,"f1",0.435931910671134
1,826,"f2",0.411685383948481
1,826,"h",1.21668660154043
1,827,"f1",0.370267682843101
1,827,"f2",0.384830640552354
1,827,"h",1.20203096248952
1,828,"f1",0.644787867057555
1,828,"f2",0.412594620574166
1,828,"h",1.30145564075668
1,829,"f1",0.631880384086829
1,829,"f2",0.383133118739458
1,829,"h",1.30771459754867
1,830,"f1",0.621993479407107
1,830,"f2",0.391545386164858
1,830,"h",1.49034215930594
1,831,"f1",0.550885485750177
1,831,"f2",0.390783466607478
1,831,"h",1.19827703468141
1,832,"f1",0.479834890025746
1,832,"f2",0.403033841004962
1,832,"h",1.25246457482215
1,833,"f1",0.71861345860517
1,833,"f2",0.415477810656001
1,833,"h",1.44150365733197
1,834,"f1",0.448036464163431
1,834,"f2",0.442821798049843
1,834,"h",1.23151082442269
1,835,"f1",0.562171345284897
1,835,"f2",0.386967762407032
1,835,"h",1.62201108979659
1,836,"f1",0.71237065779406
1,836,"f2",0.500178041728451
1,836,"h",1.24902248661887
1,837,"f1",0.618562631423402
1,837,"f2",0.413891993325555
1,837,"h",1.70167142662386
1,838,"f1",0.635540296939487
1,838,"f2",0.404832714781318
1,838,"h",1.26780625520126
1,839,"f1",0.478213682059885
1,839,"f2",0.423390658616872
1,839,"h",1.35792787342068
1,840,"f1",0.392765866339984
1,840,"f2",0.452027485279898
1,840,"h",1.22938678821451
1,841,"f1",0.576020871109584
1,841,"f2",0.445953696960364
1,841,"h",1.24554050105851
1,842,"f1",0.600061323817202
1,842,"f2",0.396424527782667
1,842,"h",1.3336433733047
1,843,"f1",0.595799692100667
1,843,"f2",0.418299137709729
1,843,"h",1.22641948221434
1,844,"f1",0.58286872904351
1,844,"f2",0.439569574330326
1,844,"h",1.29878187113413
1,845,"f1",0.68059965718858
1,845,"f2",0.41705395949218
1,845,"h",1.49726113009557
1,846,"f1",0.604350653515822
1,846,"f2",0.415987841299797
1,846,"h",1.21742695028624
1,847,"f1",0.500330186084844
1,847,"f2",0.388542285845299
1,847,"h",1.64459257440592
1,848,"f1",0.344650419752876
1,848,"f2",0.471006535937736
1,848,"h",1.23025477611493
1,849,"f1",0.623767528174102
1,849,"f2",0.41362811395119
1,849,"h",1.24529421003446
1,850,"f1",0.508081483864206
1,850,"f2",0.418705361063196
1,850,"h",1.24407438695681
1,851,"f1",0.61632987197903
1,851,"f2",0.450150694827014
1,851,"h",1.27536218041807
1,852,"f1",0.473635183150711
1,852,"f2",0.438977501680794
1,852,"h",1.74539164885567
1,853,"f1",0.634574187790042
1,853,"f2",0.418487276301525
1,853,"h",1.27133852087816
1,854,"f1",0.574507404591802
1,854,"f2",0.396206412413973
1,854,"h",1.36021573190273
1,855,"f1",0.520847687092762
1,855,"f2",0.353202152530224
1,855,"h",1.16633874639926
1,856,"f1",0.690202005276266
1,856,"f2",0.436843692945574
1,856,"h",1.2223048563111
1,857,"f1",0.573541493635541
1,857,"f2",0.418216087469249
1,857,"h",1.21598976883228
1,858,"f1",0.66920122309258
1,858,"f2",0.406332281425342
1,858,"h",1.22509205112507
1,859,"f1",0.584809314898555
1,859,"f2",0.393837843268022
1,859,"h",1.40116310763086
1,860,"f1",0.667950538178336
1,860,"f2",0.39030508999928
1,860,"h",1.24056873905196
1,861,"f1",0.615813142492729
1,861,"f2",0.423241916607646
1,861,"h",1.67863070300928
1,862,"f1",0.541062715473459
1,862,"f2",0.429575367662495
1,862,"h",1.22458825228267
1,863,"f1",0.760812251114552
1,863,"f2",0.419446408317121
1,863,"h",1.39294349943726
1,864,"f1",0.528499834342497
1,864,"f2",0.468494270142859
1,864,"h",1.2229391986039
1,865,"f1",0.698882956736429
1,865,"f2",0.354435180938794
1,865,"h",1.23475993969752
1,866,"f1",0.646055105161592
1,866,"f2",0.408002711579752
1,866,"h",1.31531212920881
1,867,"f1",0.573570930386878
1,867,"f2",0.390034571021804
1,867,"h",1.26341036788592
1,868,"f1",0.403561407296127
1,868,"f2",0.413331409279541
1,868,"h",1.26730870994636
1,869,"f1",0.677022881555682
1,869,"f2",0.411868588260446
1,869,"h",1.26256042998264
1,870,"f1",0.521607580286891
1,870,"f2",0.424790898929293
1,870,"h",1.22179998273361
1,871,"f1",0.665470745813194
1,871,"f2",0.369530850796747
1,871,"h",1.30215572263299
1,872,"f1",0.658515046489058
1,872,"f2",0.442232731717351
1,872,"h",1.22595035764616
1,873,"f1",0.429110833087038
1,873,"f2",0.398623095296485
1,873,"h",1.24286330526297
1,874,"f1",0.571173591936629
1,874,"f2",0.421301573832859
1,874,"h",1.21710912271838
1,875,"f1",0.625686645967343
1,875,"f2",0.391742256400661
1,875,"h",1.24790407559522
1,876,"f1",0.729370808913726
1,876,"f2",0.403211049626855
1,876,"h",1.26303026063639
1,877,"f1",0.592219153139188
1,877,"f2",0.425752708599972
1,877,"h",1.28568276221147
1,878,"f1",0.693177708465819
1,878,"f2",0.39128981045896
1,878,"h",1.25335576887202
1,879,"f1",0.478988378288006
1,879,"f2",0.411734734125185
1,879,"h",1.23590041565059
1,880,"f1",0.558080745959491
1,880,"f2",0.362730316370244
1,880,"h",1.29350277050198
1,881,"f1",0.630802664149458
1,881,"f2",0.457780476035217
1,881,"h",1.58862622767184
1,882,"f1",0.566424731647661
1,882,"f2",0.491729658121309
1,882,"h",1.12020021062318
1,883,"f1",0.696800501350966
1,883,"f2",0.440019207136105
1,883,"h",1.22659148987849
1,884,"f1",0.702000246233165
1,884,"f2",0.381564858289679
1,884,"h",1.42789123486532
1,885,"f1",0.582117702686961
1,885,"f2",0.372061313407715
1,885,"h",1.25900274140319
1,886,"f1",0.773264704071458
1,886,"f2",0.367466942387069
1,886,"h",1.26544502927772
1,887,"f1",0.425880750288278
1,887,"f2",0.403776576549538
1,887,"h",1.21325461504088
1,888,"f1",0.630280086872916
1,888,"f2",0.403472133346859
1,888,"h",1.24556261444679
1,889,"f1",0.503513321277024
1,889,"f2",0.437267706212005
1,889,"h",1.2283169032797
1,890,"f1",0.698256540946154
1,890,"f2",0.382475197223781
1,890,"h",1.23063801704377
1,891,"f1",0.546462236715894
1,891,"f2",0.451808362922234
1,891,"h",1.22497086411315
1,892,"f1",0.624300241399329
1,892,"f2",0.443990239302714
1,892,"h",1.2256480939769
1,893,"f1",0.562224635934522
1,893,"f2",0.355514864824315
1,893,"h",1.25422656422727
1,894,"f1",0.58344804780269
1,894,"f2",0.373296789806048
1,894,"h",1.30539063906786
1,895,"f1",0.603151539777581
1,895,"f2",0.408274753546906
1,895,"h",1.29739809423974
1,896,"f1",0.584569113393947
1,896,"f2",0.394396651882223
1,896,"h",1.70100801503462
1,897,"f1",0.577192082184025
1,897,"f2",0.402462278943144
1,897,"h",1.34556525809078
1,898,"f1",0.584450842182306
1,898,"f2",0.389544487056274
1,898,"h",1.23380215891918
1,899,"f1",0.614789724162941
1,899,"f2",0.428551483625315
1,899,"h",1.23184771556377
1,900,"f1",0.624280116345504
1,900,"f2",0.434214431884285
1,900,"h",1.75315843287599
1,901,"f1",0.654912689762828
1,901,"f2",0.384863772044496
1,901,"h",1.23012844523372
1,902,"f1",0.659482698812045
1,902,"f2",0.462097277498552
1,902,"h",1.22256704993226
1,903,"f1",0.667674411625153
1,903,"f2",0.414672827388835
1,903,"h",1.2391666343886
1,904,"f1",0.667574253675821
1,904,"f2",0.380311999014037
1,904,"h",1.22238350154878
1,905,"f1",0.734822919227152
1,905,"f2",0.429197501046917
1,905,"h",1.26401160005624
1,906,"f1",0.557297528453416
1,906,"f2",0.39072345288395
1,906,"h",1.18186400735316
1,907,"f1",0.572881158595955
1,907,"f2",0.448875496163632
1,907,"h",1.26512470054736
1,908,"f1",0.645759918762959
1,908,"f2",0.352816952959352
1,908,"h",1.32451892009529
1,909,"f1",0.624796095952095
1,909,"f2",0.354098771947193
1,909,"h",1.32222335465859
1,910,"f1",0.666230836188129
1,910,"f2",0.422665867400964
1,910,"h",1.29238027760721
1,911,"f1",0.719191811013948
1,911,"f2",0.441003386152125
1,911,"h",1.35525761644007
1,912,"f1",0.525247869172713
1,912,"f2",0.398296027072855
1,912,"h",1.2573803305693
1,913,"f1",0.500566972561672
1,913,"f2",0.475041713961512
1,913,"h",1.27394661556288
1,914,"f1",0.625696510395584
1,914,"f2",0.41528685852443
1,914,"h",1.22956488235696
1,915,"f1",0.643102552848068
1,915,"f2",0.414682406577591
1,915,"h",1.28124047802441
1,916,"f1",0.494603363684829
1,916,"f2",0.436333313668191
1,916,"h",1.23823925164967
1,917,"f1",0.599443042198477
1,917,"f2",0.414982201307752
1,917,"h",1.23287331222979
1,918,"f1",0.515142766837186
1,918,"f2",0.398842668730676
1,918,"h",1.24516241579357
1,919,"f1",0.499070272612434
1,919,"f2",0.368784191621005
1,919,"h",1.15322289288183
1,920,"f1",0.672107962674816
1,920,"f2",0.378779335039916
1,920,"h",1.32291575202532
1,921,"f1",0.566857880982843
1,921,"f2",0.342193906949367
1,921,"h",1.26739424887944
1,922,"f1",0.647017691821592
1,922,"f2",0.416303603480882
1,922,"h",1.25116145141042
1,923,"f1",0.530466496400453
1,923,"f2",0.382071283169392
1,923,"h",1.2145818600597
1,924,"f1",0.62385043479571
1,924,"f2",0.432299921207606
1,924,"h",1.2765331973695
1,925,"f1",0.59267702754382
1,925,"f2",0.432939510488179
1,925,"h",1.43121175362688
1,926,"f1",0.671826624380896
1,926,"f2",0.433329919802382
1,926,"h",1.2494638099772
1,927,"f1",0.541461614194495
1,927,"f2",0.41224520218624
1,927,"h",1.24087704934692
1,928,"f1",0.613542525487824
1,928,"f2",0.413791652140051
1,928,"h",1.39268450803127
1,929,"f1",0.6136586406975
1,929,"f2",0.379175008875611
1,929,"h",1.31142336330857
1,930,"f1",0.676690850614422
1,930,"f2",0.399476682769904
1,930,"h",1.67135105162712
1,931,"f1",0.731550702683361
1,931,"f2",0.342404984898824
1,931,"h",1.25098443538059
1,932,"f1",0.452186176725838
1,932,"f2",0.429135953916763
1,932,"h",1.24047597584606
1,933,"f1",0.563664799942663
1,933,"f2",0.408917051341793
1,933,"h",1.33941214618463
1,934,"f1",0.629569340710363
1,934,"f2",0.352953649457347
1,934,"h",1.1250928367732
1,935,"f1",0.557890971631723
1,935,"f2",0.374443618066993
1,935,"h",1.30176572546884
1,936,"f1",0.637802649691783
1,936,"f2",0.396066589766056
1,936,"h",1.19016870918495
1,937,"f1",0.517965559873663
1,937,"f2",0.406771958442111
1,937,"h",1.28223165835105
1,938,"f1",0.458749513907754
1,938,"f2",0.422495038358122
1,938,"h",1.2355602197296
1,939,"f1",0.548118801626269
1,939,"f2",0.347074003661488
1,939,"h",1.55179574860613
1,940,"f1",0.679343944253238
1,940,"f2",0.42929742091422
1,940,"h",1.24609039671449
1,941,"f1",0.706773939871629
1,941,"f2",0.438085396471513
1,941,"h",1.26860385596305
1,942,"f1",0.714478115966253
1,942,"f2",0.384610988958291
1,942,"h",1.34713618253148
1,943,"f1",0.635931589044397
1,943,"f2",0.397785007597669
1,943,"h",1.2393019810769
1,944,"f1",0.605340474314061
1,944,"f2",0.413188278728661
1,944,"h",1.25843478311267
1,945,"f1",0.563750483463096
1,945,"f2",0.45495884904146
1,945,"h",1.27782311360459
1,946,"f1",0.46197021530117
1,946,"f2",0.41359843315174
1,946,"h",1.19973989578542
1,947,"f1",0.797356855762245
1,947,"f2",0.409197939931582
1,947,"h",1.28504299616447
1,948,"f1",0.462297275774423
1,948,"f2",0.439072251202684
1,948,"h",1.21955707223067
1,949,"f1",0.745000759084309
1,949,"f2",0.434965029768412
1,949,"h",1.21901819117581
1,950,"f1",0.690854985843971
1,950,"f2",0.40536972833816
1,950,"h",1.24539429436278
1,951,"f1",0.646822471904457
1,951,"f2",0.390591005233578
1,951,"h",1.25231324485041
1,952,"f1",0.380190874028235
1,952,"f2",0.432383462848612
1,952,"h",1.24253798046105
1,953,"f1",0.617977087249115
1,953,"f2",0.404333970462013
1,953,"h",1.25905453331121
1,954,"f1",0.455668539406505
1,954,"f2",0.404143979858191
1,954,"h",1.21143749664294
1,955,"f1",0.577349018635988
1,955,"f2",0.379476115476917
1,955,"h",1.33681688121117
1,956,"f1",0.353131749938388
1,956,"f2",0.417280652416113
1,956,"h",1.21427985037714
1,957,"f1",0.588162714217952
1,957,"f2",0.402902691235362
1,957,"h",1.26587737565443
1,958,"f1",0.620147612800668
1,958,"f2",0.3920672737315
1,958,"h",1.25715062324735
1,959,"f1",0.602780382495554
1,959,"f2",0.433096509021252
1,959,"h",1.22784821368661
1,960,"f1",0.620809069599114
1,960,"f2",0.412458065642704
1,960,"h",1.48989016631135
1,961,"f1",0.621819955048553
1,961,"f2",0.379930079578669
1,961,"h",1.48138341940928
1,962,"f1",0.556401760026052
1,962,"f2",0.45939919822506
1,962,"h",1.22487341402348
1,963,"f1",0.666896258759748
1,963,"f2",0.381435490725772
1,963,"h",1.29532585434574
1,964,"f1",0.639073875985195
1,964,"f2",0.391984985488189
1,964,"h",1.2599166383969
1,965,"f1",0.539076481386772
1,965,"f2",0.401982249092521
1,965,"h",1.31918821204905
1,966,"f1",0.439213102271062
1,966,"f2",0.408893911304528
1,966,"h",1.26944817639674
1,967,"f1",0.626930697431662
1,967,"f2",0.445768033420118
1,967,"h",1.23354386063484
1,968,"f1",0.66734320830493
1,968,"f2",0.428868271534672
1,968,"h",1.23160465144964
1,969,"f1",0.544257314843271
1,969,"f2",0.437147341877136
1,969,"h",1.21251133379023
1,970,"f1",0.585735026911613
1,970,"f2",0.431786702830412
1,970,"h",1.21337339284758
1,971,"f1",0.652355331889657
1,971,"f2",0.399944092808773
1,971,"h",1.27722502374295
1,972,"f1",0.667214386376404
1,972,"f2",0.366258972458039
1,972,"h",1.25284001852568
1,973,"f1",0.490005046390528
1,973,"f2",0.380147060162046
1,973,"h",1.27202030752096
1,974,"f1",0.543624451123556
1,974,"f2",0.407365664631606
1,974,"h",1.34251369194694
1,975,"f1",0.657095151963853
1,975,"f2",0.415240373305066
1,975,"h",1.51841731276941
1,976,"f1",0.59681995897773
1,976,"f2",0.384017213325733
1,976,"h",1.22925688001897
1,977,"f1",0.557400163136746
1,977,"f2",0.430450586705192
1,977,"h",1.22596704086375
1,978,"f1",0.623607512571692
1,978,"f2",0.393935063663436
1,978,"h",1.77635830125752
1,979,"f1",0.511558788969631
1,979,"f2",0.432312818995454
1,979,"h",1.23715043618367
1,980,"f1",0.687126240930028
1,980,"f2",0.422205057976185
1,980,"h",1.20020743238129
1,981,"f1",0.520552892682811
1,981,"f2",0.414697819406479
1,981,"h",1.24400836035383
1,982,"f1",0.697868804977153
1,982,"f2",0.379938551127014
1,982,"h",1.30326492865514
1,983,"f1",0.687631611130929
1,983,"f2",0.36708271609892
1,983,"h",1.16522021317476
1,984,"f1",0.593342629747379
1,984,"f2",0.374970692449807
1,984,"h",1.27207409633903
1,985,"f1",0.634237901567526
1,985,"f2",0.456664818608537
1,985,"h",1.20709987889019
1,986,"f1",0.668806295707027
1,986,"f2",0.376115163037336
1,986,"h",1.25757332210692
1,987,"f1",0.631693116614948
1,987,"f2",0.455804329063059
1,987,"h",1.26748451812745
1,988,"f1",0.655385381984117
1,988,"f2",0.399874827567452
1,988,"h",1.23446225151384
1,989,"f1",0.573604694800651
1,989,"f2",0.409458468544805
1,989,"h",1.19851979671229
1,990,"f1",0.580323964378878
1,990,"f2",0.412681448423269
1,990,"h",1.29022859617687
1,991,"f1",0.720637220732379
1,991,"f2",0.367387772515173
1,991,"h",1.31924415934753
1,992,"f1",0.677195735099679
1,992,"f2",0.458367109639143
1,992,"h",1.23355375787559
1,993,"f1",0.714504298582983
1,993,"f2",0.408436596374437
1,993,"h",1.71119109407023
1,994,"f1",0.75405867107254
1,994,"f2",0.426525455266882
1,994,"h",1.26148739474723
1,995,"f1",0.638010106219481
1,995,"f2",0.456392976689634
1,995,"h",1.22837348691385
1,996,"f1",0.693695795620248
1,996,"f2",0.516464963736342
1,996,"h",1.2266075394975
1,997,"f1",0.566755616117808
1,997,"f2",0.450594077718734
1,997,"h",1.24759000236939
1,998,"f1",0.539504238014088
1,998,"f2",0.383039650135623
1,998,"h",2.21428473879105
1,999,"f1",0.595647776113584
1,999,"f2",0.401247160385124
1,999,"h",1.26467449337408
1,1000,"f1",0.717672693423896
1,1000,"f2",0.425442187970362
1,1000,"h",1.23074551897744
1.25,1,"f1",0.697447533142756
1.25,1,"f2",0.383505502317097
1.25,1,"h",1.22889586841203
1.25,2,"f1",0.681568146633184
1.25,2,"f2",0.415651426031756
1.25,2,"h",1.22148759475881
1.25,3,"f1",0.645898869014986
1.25,3,"f2",0.373907422675136
1.25,3,"h",1.75875144489044
1.25,4,"f1",0.422687885556569
1.25,4,"f2",0.420442849967136
1.25,4,"h",1.22361354703895
1.25,5,"f1",0.676055320381596
1.25,5,"f2",0.389394698002597
1.25,5,"h",1.36290795880959
1.25,6,"f1",0.634229986756775
1.25,6,"f2",0.42250543443683
1.25,6,"h",1.31233389258802
1.25,7,"f1",0.75228154119998
1.25,7,"f2",0.369655387902195
1.25,7,"h",1.24346536141638
1.25,8,"f1",0.513846722561822
1.25,8,"f2",0.392058558608527
1.25,8,"h",1.17776058034973
1.25,9,"f1",0.642462301737602
1.25,9,"f2",0.386276464659862
1.25,9,"h",1.23971027661808
1.25,10,"f1",0.641330998651454
1.25,10,"f2",0.399643712431359
1.25,10,"h",1.29002252275141
1.25,11,"f1",0.657282611822287
1.25,11,"f2",0.425086277117319
1.25,11,"h",1.25560017607068
1.25,12,"f1",0.545824161807557
1.25,12,"f2",0.373995247366046
1.25,12,"h",1.45703580070819
1.25,13,"f1",0.577957572277574
1.25,13,"f2",0.458147282346975
1.25,13,"h",1.28224285310313
1.25,14,"f1",0.647872595640449
1.25,14,"f2",0.462961969459189
1.25,14,"h",1.4049069465403
1.25,15,"f1",0.648542559908822
1.25,15,"f2",0.47782192333715
1.25,15,"h",1.26103760866569
1.25,16,"f1",0.550857618530522
1.25,16,"f2",0.421652210051581
1.25,16,"h",1.26581489568752
1.25,17,"f1",0.575437810459412
1.25,17,"f2",0.432030362224199
1.25,17,"h",1.27252101958752
1.25,18,"f1",0.377300131385439
1.25,18,"f2",0.406275365515536
1.25,18,"h",1.23784511648406
1.25,19,"f1",0.655156844584077
1.25,19,"f2",0.389452767659556
1.25,19,"h",1.21524328918705
1.25,20,"f1",0.395415210223746
1.25,20,"f2",0.413677426840307
1.25,20,"h",1.32540909191074
1.25,21,"f1",0.419396920196953
1.25,21,"f2",0.443632472176345
1.25,21,"h",1.23464736099673
1.25,22,"f1",0.575656875232482
1.25,22,"f2",0.418246859765443
1.25,22,"h",1.30271118384325
1.25,23,"f1",0.673824406840954
1.25,23,"f2",0.40253583692343
1.25,23,"h",1.23092203642343
1.25,24,"f1",0.272530613645538
1.25,24,"f2",0.39911992970264
1.25,24,"h",1.24996055645491
1.25,25,"f1",0.447376316909995
1.25,25,"f2",0.495019468884052
1.25,25,"h",1.35955008189711
1.25,26,"f1",0.664184953710121
1.25,26,"f2",0.460758865931708
1.25,26,"h",1.33057963563849
1.25,27,"f1",0.594230726852728
1.25,27,"f2",0.432744365724185
1.25,27,"h",1.24940955956095
1.25,28,"f1",0.664523732015358
1.25,28,"f2",0.381644842980829
1.25,28,"h",1.25950492833263
1.25,29,"f1",0.63945964212943
1.25,29,"f2",0.394591928657282
1.25,29,"h",1.17613472213735
1.25,30,"f1",0.474357513568908
1.25,30,"f2",0.41006010669175
1.25,30,"h",2.20631255611682
1.25,31,"f1",0.547389269328002
1.25,31,"f2",0.451469242394868
1.25,31,"h",1.21870494831133
1.25,32,"f1",0.531867720339956
1.25,32,"f2",0.475360688113759
1.25,32,"h",1.41130682882513
1.25,33,"f1",0.616055368747687
1.25,33,"f2",0.416315382852262
1.25,33,"h",1.27517934044556
1.25,34,"f1",0.580394778316793
1.25,34,"f2",0.40235158667085
1.25,34,"h",1.20348979185786
1.25,35,"f1",0.699995227691209
1.25,35,"f2",0.434005523492832
1.25,35,"h",1.25233186704117
1.25,36,"f1",0.693451249794142
1.25,36,"f2",0.379608912298519
1.25,36,"h",1.27435521320689
1.25,37,"f1",0.578287413253094
1.25,37,"f2",0.403767898606636
1.25,37,"h",1.47314339186339
1.25,38,"f1",0.402263574575684
1.25,38,"f2",0.433815182309711
1.25,38,"h",1.22138201135025
1.25,39,"f1",0.711455627695523
1.25,39,"f2",0.41556839898313
1.25,39,"h",1.27371365000381
1.25,40,"f1",0.332123047231822
1.25,40,"f2",0.419664555051653
1.25,40,"h",1.20954426800685
1.25,41,"f1",0.405275428598626
1.25,41,"f2",0.401419359228133
1.25,41,"h",1.26710232347957
1.25,42,"f1",0.68442385500119
1.25,42,"f2",0.425823644883172
1.25,42,"h",1.27427811471357
1.25,43,"f1",0.661701247541696
1.25,43,"f2",0.374290573507567
1.25,43,"h",1.29629786472505
1.25,44,"f1",0.585731908332539
1.25,44,"f2",0.356393201681871
1.25,44,"h",1.26948421757409
1.25,45,"f1",0.46766323048095
1.25,45,"f2",0.415847770708064
1.25,45,"h",1.05738517935008
1.25,46,"f1",0.514696618517218
1.25,46,"f2",0.395582453493363
1.25,46,"h",1.13598793080249
1.25,47,"f1",0.650983085390089
1.25,47,"f2",0.455747692666338
1.25,47,"h",1.30476103873604
1.25,48,"f1",0.466512611518357
1.25,48,"f2",0.401485817365978
1.25,48,"h",1.2101723994781
1.25,49,"f1",0.696488196143571
1.25,49,"f2",0.387557754398315
1.25,49,"h",1.20985177127469
1.25,50,"f1",0.494426203458443
1.25,50,"f2",0.486787444414446
1.25,50,"h",1.40465223924355
1.25,51,"f1",0.500004430793215
1.25,51,"f2",0.356487485404661
1.25,51,"h",1.23088334885686
1.25,52,"f1",0.658818204389009
1.25,52,"f2",0.448317385305093
1.25,52,"h",1.22702276809654
1.25,53,"f1",0.469371807159849
1.25,53,"f2",0.45259259789973
1.25,53,"h",1.20111500135094
1.25,54,"f1",0.491470212400859
1.25,54,"f2",0.383447261572967
1.25,54,"h",1.74229073020605
1.25,55,"f1",0.382532729291663
1.25,55,"f2",0.409404602872306
1.25,55,"h",1.54775420961752
1.25,56,"f1",0.634505707028983
1.25,56,"f2",0.358346088990274
1.25,56,"h",1.09045118562236
1.25,57,"f1",0.707352419498427
1.25,57,"f2",0.412361080042711
1.25,57,"h",1.78204581219977
1.25,58,"f1",0.549354406522389
1.25,58,"f2",0.38724205827346
1.25,58,"h",1.26561326649561
1.25,59,"f1",0.547056084871866
1.25,59,"f2",0.39347214110644
1.25,59,"h",1.31157847646724
1.25,60,"f1",0.658945238383562
1.25,60,"f2",0.392067949863122
1.25,60,"h",1.22749314366284
1.25,61,"f1",0.542152114370614
1.25,61,"f2",0.403245758351918
1.25,61,"h",1.20411940360979
1.25,62,"f1",0.664296708579286
1.25,62,"f2",0.384544318153655
1.25,62,"h",1.32545583914153
1.25,63,"f1",0.485895573683644
1.25,63,"f2",0.398037870336317
1.25,63,"h",1.36643881687925
1.25,64,"f1",0.612565192452649
1.25,64,"f2",0.351052176209324
1.25,64,"h",1.32137819574645
1.25,65,"f1",0.616979066057179
1.25,65,"f2",0.392116963568349
1.25,65,"h",1.48567611205972
1.25,66,"f1",0.543677061048211
1.25,66,"f2",0.433359067383616
1.25,66,"h",1.15121567473009
1.25,67,"f1",0.57209018361225
1.25,67,"f2",0.39133388979612
1.25,67,"h",1.22409618483262
1.25,68,"f1",0.556320329067439
1.25,68,"f2",0.364243025015251
1.25,68,"h",1.24727198929866
1.25,69,"f1",0.643296704753879
1.25,69,"f2",0.35867867299873
1.25,69,"h",1.24401771135859
1.25,70,"f1",0.600036765483337
1.25,70,"f2",0.436958462341434
1.25,70,"h",1.24593869799697
1.25,71,"f1",0.669163849167543
1.25,71,"f2",0.393525845400229
1.25,71,"h",1.22602904749037
1.25,72,"f1",0.57155248473369
1.25,72,"f2",0.376534596332327
1.25,72,"h",1.38592208810309
1.25,73,"f1",0.588340083715126
1.25,73,"f2",0.362527728690849
1.25,73,"h",1.39275678599161
1.25,74,"f1",0.477889279016033
1.25,74,"f2",0.401888334899011
1.25,74,"h",1.25986524729232
1.25,75,"f1",0.573430098592497
1.25,75,"f2",0.432630480992757
1.25,75,"h",1.28621351627817
1.25,76,"f1",0.711881877794417
1.25,76,"f2",0.421358485903621
1.25,76,"h",1.58649597334006
1.25,77,"f1",0.62863394932287
1.25,77,"f2",0.425718390894986
1.25,77,"h",1.26863729579435
1.25,78,"f1",0.574526162479376
1.25,78,"f2",0.424017417017688
1.25,78,"h",1.22079945870371
1.25,79,"f1",0.596848445182136
1.25,79,"f2",0.465287557806271
1.25,79,"h",1.15347356529011
1.25,80,"f1",0.483846667600267
1.25,80,"f2",0.417680749537419
1.25,80,"h",1.24947706994215
1.25,81,"f1",0.589488671818885
1.25,81,"f2",0.377025525155338
1.25,81,"h",1.3245100435325
1.25,82,"f1",0.640663624950279
1.25,82,"f2",0.412228705336069
1.25,82,"h",1.31731945939892
1.25,83,"f1",0.629176823476225
1.25,83,"f2",0.406369789227247
1.25,83,"h",1.24238154298603
1.25,84,"f1",0.483251775080631
1.25,84,"f2",0.422079259777804
1.25,84,"h",1.22339976273917
1.25,85,"f1",0.548434348100384
1.25,85,"f2",0.432866739089299
1.25,85,"h",1.2276296712241
1.25,86,"f1",0.682466782204488
1.25,86,"f2",0.405883324704672
1.25,86,"h",1.25619562415317
1.25,87,"f1",0.592724792876169
1.25,87,"f2",0.438134140430368
1.25,87,"h",1.47177869559002
1.25,88,"f1",0.500054796252271
1.25,88,"f2",0.42319820595099
1.25,88,"h",1.27756435509423
1.25,89,"f1",0.70794092584002
1.25,89,"f2",0.430542936387952
1.25,89,"h",1.23437969579341
1.25,90,"f1",0.670365855864705
1.25,90,"f2",0.446518461265737
1.25,90,"h",1.22593195281212
1.25,91,"f1",0.653947161601
1.25,91,"f2",0.403639635799728
1.25,91,"h",2.21492663917892
1.25,92,"f1",0.671583011379828
1.25,92,"f2",0.468146273818304
1.25,92,"h",1.31221134678315
1.25,93,"f1",0.522500973484341
1.25,93,"f2",0.463201204061019
1.25,93,"h",1.23232495630862
1.25,94,"f1",0.641852700236468
1.25,94,"f2",0.37693357226679
1.25,94,"h",1.17757382790732
1.25,95,"f1",0.417931253221021
1.25,95,"f2",0.44262577678831
1.25,95,"h",1.34115560032505
1.25,96,"f1",0.595217803836961
1.25,96,"f2",0.392782801001088
1.25,96,"h",1.91310517533843
1.25,97,"f1",0.581110560997205
1.25,97,"f2",0.370145002678826
1.25,97,"h",1.09480813550725
1.25,98,"f1",0.61347320917642
1.25,98,"f2",0.382313126319145
1.25,98,"h",0.99878734515816
1.25,99,"f1",0.537575198977344
1.25,99,"f2",0.406044208258742
1.25,99,"h",1.36416950396022
1.25,100,"f1",0.699020225534772
1.25,100,"f2",0.358891344762658
1.25,100,"h",1.33675056441678
1.25,101,"f1",0.587293630729535
1.25,101,"f2",0.391723232310555
1.25,101,"h",1.26949953349732
1.25,102,"f1",0.590538563513073
1.25,102,"f2",0.327797117857627
1.25,102,"h",1.18052980119441
1.25,103,"f1",0.718860724703376
1.25,103,"f2",0.432718242226463
1.25,103,"h",1.25181189985645
1.25,104,"f1",0.635929817496208
1.25,104,"f2",0.480139640923999
1.25,104,"h",1.33642663374555
1.25,105,"f1",0.71148181295121
1.25,105,"f2",0.37354721071494
1.25,105,"h",1.2150393129957
1.25,106,"f1",0.573360611986286
1.25,106,"f2",0.369463449854728
1.25,106,"h",1.23757585082839
1.25,107,"f1",0.616195634262908
1.25,107,"f2",0.407413995918752
1.25,107,"h",1.2418118697886
1.25,108,"f1",0.538320446395344
1.25,108,"f2",0.396680901331471
1.25,108,"h",1.99467483763447
1.25,109,"f1",0.656088045573408
1.25,109,"f2",0.387010564966361
1.25,109,"h",1.21463041949443
1.25,110,"f1",0.534451613022662
1.25,110,"f2",0.411642858341352
1.25,110,"h",1.33850113781036
1.25,111,"f1",0.680237068988806
1.25,111,"f2",0.382560900529673
1.25,111,"h",1.30458479976283
1.25,112,"f1",0.593508562816184
1.25,112,"f2",0.407751288301323
1.25,112,"h",1.23204738111712
1.25,113,"f1",0.425819760479837
1.25,113,"f2",0.440395992188813
1.25,113,"h",1.20486618152967
1.25,114,"f1",0.407674951148187
1.25,114,"f2",0.365127916293403
1.25,114,"h",1.2918777198544
1.25,115,"f1",0.573922479087778
1.25,115,"f2",0.396180415358669
1.25,115,"h",1.25581279977993
1.25,116,"f1",0.602505374010971
1.25,116,"f2",0.4012027326511
1.25,116,"h",1.28169082091571
1.25,117,"f1",0.642373628901331
1.25,117,"f2",0.359630687411732
1.25,117,"h",1.28767322447148
1.25,118,"f1",0.67908679293516
1.25,118,"f2",0.386003918916709
1.25,118,"h",1.28990033494171
1.25,119,"f1",0.760812125131171
1.25,119,"f2",0.367084492098837
1.25,119,"h",1.37106717272389
1.25,120,"f1",0.646646335757444
1.25,120,"f2",0.397067526524702
1.25,120,"h",1.29590054145944
1.25,121,"f1",0.523125488288679
1.25,121,"f2",0.409903638676881
1.25,121,"h",1.24815379636033
1.25,122,"f1",0.68035233927566
1.25,122,"f2",0.415871572472005
1.25,122,"h",1.22620624339686
1.25,123,"f1",0.680067494165518
1.25,123,"f2",0.385298036136844
1.25,123,"h",1.25135100326626
1.25,124,"f1",0.474746180689227
1.25,124,"f2",0.399718494245675
1.25,124,"h",1.2841932590093
1.25,125,"f1",0.407697169402617
1.25,125,"f2",0.441246841448235
1.25,125,"h",1.2000941735824
1.25,126,"f1",0.623943954228635
1.25,126,"f2",0.403084994141824
1.25,126,"h",1.26669670186563
1.25,127,"f1",0.47134774729202
1.25,127,"f2",0.376697660240536
1.25,127,"h",1.54444652122334
1.25,128,"f1",0.665161817491888
1.25,128,"f2",0.382755434736626
1.25,128,"h",1.24569140873621
1.25,129,"f1",0.606797981385872
1.25,129,"f2",0.414237998006157
1.25,129,"h",1.3446473138372
1.25,130,"f1",0.580510617454835
1.25,130,"f2",0.38707765512184
1.25,130,"h",1.29103920712013
1.25,131,"f1",0.715467896935429
1.25,131,"f2",0.390172768552564
1.25,131,"h",1.28875963371314
1.25,132,"f1",0.61818539737378
1.25,132,"f2",0.384130052885024
1.25,132,"h",1.27421721173162
1.25,133,"f1",0.636488955577733
1.25,133,"f2",0.48586244373125
1.25,133,"h",1.22498070833651
1.25,134,"f1",0.505984092863833
1.25,134,"f2",0.419100229736633
1.25,134,"h",1.2255755114792
1.25,135,"f1",0.450069290932355
1.25,135,"f2",0.430590506126504
1.25,135,"h",1.25346229632629
1.25,136,"f1",0.524343914677636
1.25,136,"f2",0.404310522443949
1.25,136,"h",2.37511963707108
1.25,137,"f1",0.571899422822598
1.25,137,"f2",0.416959487281638
1.25,137,"h",1.22366125944605
1.25,138,"f1",0.596988313916372
1.25,138,"f2",0.399938044528241
1.25,138,"h",1.07510402709816
1.25,139,"f1",0.412867082042277
1.25,139,"f2",0.392591674632908
1.25,139,"h",1.19594065029931
1.25,140,"f1",0.702736516284581
1.25,140,"f2",0.423378259112999
1.25,140,"h",1.27032389327279
1.25,141,"f1",0.691584478032848
1.25,141,"f2",0.417270042718653
1.25,141,"h",1.26220482968707
1.25,142,"f1",0.555042152679687
1.25,142,"f2",0.40133693211273
1.25,142,"h",1.36711994848667
1.25,143,"f1",0.513320198818403
1.25,143,"f2",0.450883584257906
1.25,143,"h",1.27461490163211
1.25,144,"f1",0.572388888044319
1.25,144,"f2",0.399251633602614
1.25,144,"h",1.34946502009712
1.25,145,"f1",0.575234874028475
1.25,145,"f2",0.366348436635524
1.25,145,"h",2.08555422022486
1.25,146,"f1",0.573492173312233
1.25,146,"f2",0.415068808396163
1.25,146,"h",1.23709467702056
1.25,147,"f1",0.32789358052656
1.25,147,"f2",0.43027626951867
1.25,147,"h",1.26023428195369
1.25,148,"f1",0.611367799487273
1.25,148,"f2",0.377638310507537
1.25,148,"h",1.278494799794
1.25,149,"f1",0.319805154008859
1.25,149,"f2",0.470404260854672
1.25,149,"h",1.3077453577935
1.25,150,"f1",0.59922116474527
1.25,150,"f2",0.376293917864294
1.25,150,"h",1.24484546701901
1.25,151,"f1",0.565857758171184
1.25,151,"f2",0.353033834895195
1.25,151,"h",1.31391617825514
1.25,152,"f1",0.570804983622638
1.25,152,"f2",0.375398451009926
1.25,152,"h",1.25200524401266
1.25,153,"f1",0.69174983464622
1.25,153,"f2",0.42891395690466
1.25,153,"h",1.24184761899901
1.25,154,"f1",0.725798138775461
1.25,154,"f2",0.426049040274863
1.25,154,"h",1.24413395684206
1.25,155,"f1",0.487056355458197
1.25,155,"f2",0.434179882498037
1.25,155,"h",1.28046261373582
1.25,156,"f1",0.681617363688624
1.25,156,"f2",0.37628356147586
1.25,156,"h",1.44210256358853
1.25,157,"f1",0.576763483864389
1.25,157,"f2",0.363697743713356
1.25,157,"h",1.2151107915309
1.25,158,"f1",0.593017347571231
1.25,158,"f2",0.439546555521522
1.25,158,"h",1.2148224459658
1.25,159,"f1",0.647293060612378
1.25,159,"f2",0.483351533566449
1.25,159,"h",1.26420873659107
1.25,160,"f1",0.625107276199993
1.25,160,"f2",0.388464602642886
1.25,160,"h",1.30186188853689
1.25,161,"f1",0.316565243290033
1.25,161,"f2",0.423484418565181
1.25,161,"h",1.21396039102191
1.25,162,"f1",0.604473353029302
1.25,162,"f2",0.413897822869579
1.25,162,"h",1.21481836195897
1.25,163,"f1",0.554037943079376
1.25,163,"f2",0.435829237398603
1.25,163,"h",1.15614592459659
1.25,164,"f1",0.666848033369148
1.25,164,"f2",0.425850481269685
1.25,164,"h",1.24635542306314
1.25,165,"f1",0.64740330086646
1.25,165,"f2",0.410171007940811
1.25,165,"h",1.28330358707386
1.25,166,"f1",0.596608841323914
1.25,166,"f2",0.404786086379234
1.25,166,"h",1.36953934017255
1.25,167,"f1",0.527110606193111
1.25,167,"f2",0.419471103673029
1.25,167,"h",1.10357834701556
1.25,168,"f1",0.653908190020095
1.25,168,"f2",0.371903395530058
1.25,168,"h",1.21846313671476
1.25,169,"f1",0.540599589206831
1.25,169,"f2",0.397058920670507
1.25,169,"h",1.2342223988452
1.25,170,"f1",0.583593930726336
1.25,170,"f2",0.369589671786525
1.25,170,"h",1.23545721123043
1.25,171,"f1",0.564731735642814
1.25,171,"f2",0.404297934742949
1.25,171,"h",1.56390252532111
1.25,172,"f1",0.590910139366437
1.25,172,"f2",0.386406534973909
1.25,172,"h",1.537909038029
1.25,173,"f1",0.48115818279947
1.25,173,"f2",0.394233882758376
1.25,173,"h",1.22393921544896
1.25,174,"f1",0.33147747906499
1.25,174,"f2",0.416864326534463
1.25,174,"h",1.34064462179397
1.25,175,"f1",0.503423223229316
1.25,175,"f2",0.399866862505438
1.25,175,"h",1.25054194897402
1.25,176,"f1",0.658395677543046
1.25,176,"f2",0.407667160267744
1.25,176,"h",1.21429527628411
1.25,177,"f1",0.563401792766131
1.25,177,"f2",0.394530554478567
1.25,177,"h",1.13067675599923
1.25,178,"f1",0.737595864863635
1.25,178,"f2",0.340909576448299
1.25,178,"h",1.22978692150347
1.25,179,"f1",0.705830112484433
1.25,179,"f2",0.403099926725238
1.25,179,"h",1.2698190147642
1.25,180,"f1",0.671390962920286
1.25,180,"f2",0.381736184476834
1.25,180,"h",1.23539370796304
1.25,181,"f1",0.64545973375308
1.25,181,"f2",0.362948676468189
1.25,181,"h",1.21673383481903
1.25,182,"f1",0.654009582763892
1.25,182,"f2",0.414096921907657
1.25,182,"h",1.23637236987938
1.25,183,"f1",0.50702027610343
1.25,183,"f2",0.384265546824194
1.25,183,"h",1.34482583943334
1.25,184,"f1",0.506933958948013
1.25,184,"f2",0.467416527641289
1.25,184,"h",1.45921695362452
1.25,185,"f1",0.503177530197461
1.25,185,"f2",0.412901387099343
1.25,185,"h",1.30779030890092
1.25,186,"f1",0.596317702978202
1.25,186,"f2",0.41989519366037
1.25,186,"h",1.20938270753891
1.25,187,"f1",0.652932226416262
1.25,187,"f2",0.370816417061377
1.25,187,"h",1.22997013635526
1.25,188,"f1",0.502346550703059
1.25,188,"f2",0.420773770055216
1.25,188,"h",1.22414487770722
1.25,189,"f1",0.594856709542573
1.25,189,"f2",0.354803358801145
1.25,189,"h",1.10015660584111
1.25,190,"f1",0.558487698031771
1.25,190,"f2",0.411852424663634
1.25,190,"h",1.38763522174007
1.25,191,"f1",0.640234210435161
1.25,191,"f2",0.440610489369983
1.25,191,"h",1.2200615103791
1.25,192,"f1",0.495262824403496
1.25,192,"f2",0.410067974944737
1.25,192,"h",1.33261572287027
1.25,193,"f1",0.512341546216716
1.25,193,"f2",0.445079444578334
1.25,193,"h",1.37580486517367
1.25,194,"f1",0.667846878317739
1.25,194,"f2",0.412480972081891
1.25,194,"h",1.75067233507481
1.25,195,"f1",0.717737855912204
1.25,195,"f2",0.409941072961716
1.25,195,"h",1.21643696972277
1.25,196,"f1",0.556088543351634
1.25,196,"f2",0.438999921682084
1.25,196,"h",1.25687305853107
1.25,197,"f1",0.643145845221988
1.25,197,"f2",0.405784155463569
1.25,197,"h",1.1615716540799
1.25,198,"f1",0.531206489694725
1.25,198,"f2",0.362071556813155
1.25,198,"h",1.26944928966535
1.25,199,"f1",0.624655913456041
1.25,199,"f2",0.374878756622429
1.25,199,"h",1.2312576147976
1.25,200,"f1",0.614629035660338
1.25,200,"f2",0.406070768267955
1.25,200,"h",1.25155079113351
1.25,201,"f1",0.633687169541695
1.25,201,"f2",0.420970055981
1.25,201,"h",1.29012800662091
1.25,202,"f1",0.492703553234845
1.25,202,"f2",0.462135124300733
1.25,202,"h",1.18944524137996
1.25,203,"f1",0.514242257244306
1.25,203,"f2",0.339684263985895
1.25,203,"h",1.24114187454191
1.25,204,"f1",0.514821332450057
1.25,204,"f2",0.401884298679668
1.25,204,"h",1.22240836262942
1.25,205,"f1",0.463177180937928
1.25,205,"f2",0.368842592157004
1.25,205,"h",1.38162919776153
1.25,206,"f1",0.518885052411245
1.25,206,"f2",0.394745138156607
1.25,206,"h",1.19733835895145
1.25,207,"f1",0.450880010593355
1.25,207,"f2",0.399814003918998
1.25,207,"h",1.62597451058439
1.25,208,"f1",0.714917671903552
1.25,208,"f2",0.406844790385989
1.25,208,"h",1.3705500751942
1.25,209,"f1",0.585897782712011
1.25,209,"f2",0.375060955884616
1.25,209,"h",1.09609044552107
1.25,210,"f1",0.574715382896764
1.25,210,"f2",0.403047061898523
1.25,210,"h",1.25527218426159
1.25,211,"f1",0.549834163671325
1.25,211,"f2",0.39259642374107
1.25,211,"h",1.20176631492158
1.25,212,"f1",0.667025185653538
1.25,212,"f2",0.389578555370583
1.25,212,"h",1.25401297173913
1.25,213,"f1",0.693091237232708
1.25,213,"f2",0.372837909299775
1.25,213,"h",1.2569399791755
1.25,214,"f1",0.442035355516078
1.25,214,"f2",0.410349276293671
1.25,214,"h",1.22155676320618
1.25,215,"f1",0.313745066802702
1.25,215,"f2",0.447321642825604
1.25,215,"h",1.22258473029642
1.25,216,"f1",0.586789014992106
1.25,216,"f2",0.390985097918944
1.25,216,"h",1.82293941937103
1.25,217,"f1",0.597099000681457
1.25,217,"f2",0.413346003567961
1.25,217,"h",1.2841525569268
1.25,218,"f1",0.667492403570506
1.25,218,"f2",0.370220611321301
1.25,218,"h",1.24415812608289
1.25,219,"f1",0.707858096815294
1.25,219,"f2",0.425227804105004
1.25,219,"h",1.22431482652372
1.25,220,"f1",0.66828426879226
1.25,220,"f2",0.395545078986302
1.25,220,"h",1.2533128103932
1.25,221,"f1",0.749414887428413
1.25,221,"f2",0.353846365837647
1.25,221,"h",1.27435505011541
1.25,222,"f1",0.699218212614301
1.25,222,"f2",0.402264912799615
1.25,222,"h",1.23088090823264
1.25,223,"f1",0.566285774024893
1.25,223,"f2",0.451272947062385
1.25,223,"h",1.23726470028201
1.25,224,"f1",0.711566075519982
1.25,224,"f2",0.406671745674516
1.25,224,"h",1.23434533658194
1.25,225,"f1",0.51288594929539
1.25,225,"f2",0.420714972952674
1.25,225,"h",1.23771604105071
1.25,226,"f1",0.671978390231181
1.25,226,"f2",0.373813520504277
1.25,226,"h",1.22986525676053
1.25,227,"f1",0.711987227748111
1.25,227,"f2",0.439562882017148
1.25,227,"h",1.24287007933489
1.25,228,"f1",0.633476045088873
1.25,228,"f2",0.376125567305814
1.25,228,"h",1.26094627650919
1.25,229,"f1",0.437188853505951
1.25,229,"f2",0.434986123058015
1.25,229,"h",1.21837580866374
1.25,230,"f1",0.659619804643769
1.25,230,"f2",0.38376734621823
1.25,230,"h",1.26839365658317
1.25,231,"f1",0.761078019169803
1.25,231,"f2",0.407509452882299
1.25,231,"h",1.24584708281995
1.25,232,"f1",0.483882349149599
1.25,232,"f2",0.43407737327645
1.25,232,"h",1.19880565132521
1.25,233,"f1",0.689941141295283
1.25,233,"f2",0.402912530669032
1.25,233,"h",1.20952891847775
1.25,234,"f1",0.54968794581555
1.25,234,"f2",0.419494303745534
1.25,234,"h",1.2851021687542
1.25,235,"f1",0.55280359872446
1.25,235,"f2",0.448552158711327
1.25,235,"h",1.1977247211688
1.25,236,"f1",0.444838840169446
1.25,236,"f2",0.41775098385891
1.25,236,"h",1.34918057162553
1.25,237,"f1",0.443235927099954
1.25,237,"f2",0.457992286822874
1.25,237,"h",1.14966224057228
1.25,238,"f1",0.631286599595068
1.25,238,"f2",0.412230787181161
1.25,238,"h",1.26331298045759
1.25,239,"f1",0.712796340755111
1.25,239,"f2",0.401599072112245
1.25,239,"h",1.24168475323096
1.25,240,"f1",0.528318044638949
1.25,240,"f2",0.439863231472655
1.25,240,"h",1.20625125189032
1.25,241,"f1",0.284434994645431
1.25,241,"f2",0.396803973712574
1.25,241,"h",1.22504085559505
1.25,242,"f1",0.580458467318861
1.25,242,"f2",0.389343079090323
1.25,242,"h",1.75064414635173
1.25,243,"f1",0.466718824299485
1.25,243,"f2",0.406852173211369
1.25,243,"h",1.24596461561954
1.25,244,"f1",0.535552778117494
1.25,244,"f2",0.409450754951418
1.25,244,"h",1.27483503519519
1.25,245,"f1",0.626654712515642
1.25,245,"f2",0.422174311765468
1.25,245,"h",1.2096795575683
1.25,246,"f1",0.360020130232816
1.25,246,"f2",0.414829021636117
1.25,246,"h",1.25363480984942
1.25,247,"f1",0.452152689482689
1.25,247,"f2",0.471976866909039
1.25,247,"h",1.18680016486585
1.25,248,"f1",0.413665931688858
1.25,248,"f2",0.408287806501118
1.25,248,"h",1.25445157654528
1.25,249,"f1",0.591880705987758
1.25,249,"f2",0.427882424185088
1.25,249,"h",1.27236348420774
1.25,250,"f1",0.650647805417031
1.25,250,"f2",0.450128023714381
1.25,250,"h",1.25895632380465
1.25,251,"f1",0.492669430665396
1.25,251,"f2",0.423742687522214
1.25,251,"h",1.24330491132635
1.25,252,"f1",0.58342848521113
1.25,252,"f2",0.434786030185442
1.25,252,"h",1.27091990573122
1.25,253,"f1",0.670565531630409
1.25,253,"f2",0.428393183424801
1.25,253,"h",1.28998894866973
1.25,254,"f1",0.298246235916198
1.25,254,"f2",0.370653239789244
1.25,254,"h",1.12400557378363
1.25,255,"f1",0.472578894625774
1.25,255,"f2",0.388378706566648
1.25,255,"h",1.27990793556296
1.25,256,"f1",0.594388073742648
1.25,256,"f2",0.448210307339094
1.25,256,"h",1.22516691316235
1.25,257,"f1",0.556697289731161
1.25,257,"f2",0.445924807844061
1.25,257,"h",1.21762018234594
1.25,258,"f1",0.683524167991165
1.25,258,"f2",0.369585698372912
1.25,258,"h",1.89061897505479
1.25,259,"f1",0.470154724332278
1.25,259,"f2",0.409483777142812
1.25,259,"h",1.24253068732
1.25,260,"f1",0.664508056179032
1.25,260,"f2",0.383408060385227
1.25,260,"h",1.23891425706168
1.25,261,"f1",0.607278400815663
1.25,261,"f2",0.45066686889891
1.25,261,"h",1.20762936837415
1.25,262,"f1",0.663966150661127
1.25,262,"f2",0.416522071834351
1.25,262,"h",1.70263746676385
1.25,263,"f1",0.575575283032733
1.25,263,"f2",0.36894755400286
1.25,263,"h",2.12796533147647
1.25,264,"f1",0.432355388405704
1.25,264,"f2",0.484926981545203
1.25,264,"h",1.18415876480794
1.25,265,"f1",0.577917286025723
1.25,265,"f2",0.411879856402604
1.25,265,"h",1.22426470937091
1.25,266,"f1",0.681682765787656
1.25,266,"f2",0.449997799292959
1.25,266,"h",1.23874037513087
1.25,267,"f1",0.696209473355407
1.25,267,"f2",0.415435934749096
1.25,267,"h",1.26113630027369
1.25,268,"f1",0.638666865749141
1.25,268,"f2",0.386492535357745
1.25,268,"h",1.2964319422313
1.25,269,"f1",0.660519634206069
1.25,269,"f2",0.421959468399351
1.25,269,"h",1.24261994361915
1.25,270,"f1",0.634490416734216
1.25,270,"f2",0.42220938489615
1.25,270,"h",1.24371609786115
1.25,271,"f1",0.276764332582032
1.25,271,"f2",0.44850701931002
1.25,271,"h",1.17470431892441
1.25,272,"f1",0.646277065487109
1.25,272,"f2",0.3978209358411
1.25,272,"h",1.92184879397734
1.25,273,"f1",0.542314097468593
1.25,273,"f2",0.419661247198221
1.25,273,"h",1.24495845692947
1.25,274,"f1",0.444022245641137
1.25,274,"f2",0.476748149572347
1.25,274,"h",1.14644394770151
1.25,275,"f1",0.691200743453889
1.25,275,"f2",0.416350224085574
1.25,275,"h",1.25823220612371
1.25,276,"f1",0.557467381607047
1.25,276,"f2",0.431646746752906
1.25,276,"h",1.29516208403041
1.25,277,"f1",0.633732584771768
1.25,277,"f2",0.421766700097276
1.25,277,"h",1.27238486580861
1.25,278,"f1",0.679906999824998
1.25,278,"f2",0.389952010879601
1.25,278,"h",1.26923128183556
1.25,279,"f1",0.593212771957386
1.25,279,"f2",0.379575337934542
1.25,279,"h",1.21656874657507
1.25,280,"f1",0.576109513227505
1.25,280,"f2",0.390578979539273
1.25,280,"h",1.16463803384259
1.25,281,"f1",0.45058776493967
1.25,281,"f2",0.44721461621584
1.25,281,"h",1.23861048715081
1.25,282,"f1",0.616712115058214
1.25,282,"f2",0.426805063217457
1.25,282,"h",1.19771517040364
1.25,283,"f1",0.260143728784039
1.25,283,"f2",0.402369220276386
1.25,283,"h",1.15984448929345
1.25,284,"f1",0.421895345510752
1.25,284,"f2",0.36419795992709
1.25,284,"h",1.26055101583145
1.25,285,"f1",0.540519947886046
1.25,285,"f2",0.422290977283226
1.25,285,"h",1.18025533857033
1.25,286,"f1",0.66242083640652
1.25,286,"f2",0.355357774801874
1.25,286,"h",1.25192099797578
1.25,287,"f1",0.661207427859082
1.25,287,"f2",0.437731121002702
1.25,287,"h",1.1667880723338
1.25,288,"f1",0.683388944193168
1.25,288,"f2",0.31489588096819
1.25,288,"h",1.24923460345641
1.25,289,"f1",0.479872359473026
1.25,289,"f2",0.413945613471349
1.25,289,"h",1.19704336535189
1.25,290,"f1",0.631657170670738
1.25,290,"f2",0.371806436287019
1.25,290,"h",1.29736819985589
1.25,291,"f1",0.639437985934002
1.25,291,"f2",0.408257258321214
1.25,291,"h",1.23566864176011
1.25,292,"f1",0.667112335581108
1.25,292,"f2",0.396090957976724
1.25,292,"h",1.57128099900618
1.25,293,"f1",0.306646202714785
1.25,293,"f2",0.39516601130468
1.25,293,"h",1.48088960888684
1.25,294,"f1",0.428300846114235
1.25,294,"f2",0.428393669467253
1.25,294,"h",1.2264801506991
1.25,295,"f1",0.627089001073515
1.25,295,"f2",0.355356105289652
1.25,295,"h",1.28863461275744
1.25,296,"f1",0.430892208124586
1.25,296,"f2",0.426132219899096
1.25,296,"h",1.21507165171942
1.25,297,"f1",0.4759161330914
1.25,297,"f2",0.407668597302839
1.25,297,"h",1.24944413710848
1.25,298,"f1",0.540843006617112
1.25,298,"f2",0.452823899423655
1.25,298,"h",1.19463864653094
1.25,299,"f1",0.330317082246821
1.25,299,"f2",0.399765112987275
1.25,299,"h",1.39219646076828
1.25,300,"f1",0.577776740098623
1.25,300,"f2",0.461497561387973
1.25,300,"h",1.20958331445381
1.25,301,"f1",0.444229207200111
1.25,301,"f2",0.495119618787085
1.25,301,"h",1.26401594338786
1.25,302,"f1",0.585973090555809
1.25,302,"f2",0.409416285995853
1.25,302,"h",1.25088412297308
1.25,303,"f1",0.752517966737784
1.25,303,"f2",0.405318351309649
1.25,303,"h",1.32072930867339
1.25,304,"f1",0.481016029029386
1.25,304,"f2",0.454696867589595
1.25,304,"h",1.33812022508047
1.25,305,"f1",0.54619897135515
1.25,305,"f2",0.370789200108797
1.25,305,"h",1.48564936834458
1.25,306,"f1",0.614183797021641
1.25,306,"f2",0.431936268829967
1.25,306,"h",1.25510371537688
1.25,307,"f1",0.515300876554867
1.25,307,"f2",0.393207856718157
1.25,307,"h",1.45501560038011
1.25,308,"f1",0.726133672532783
1.25,308,"f2",0.417858428692641
1.25,308,"h",1.26838776282271
1.25,309,"f1",0.632567814916293
1.25,309,"f2",0.436221019328609
1.25,309,"h",1.22758206017729
1.25,310,"f1",0.538780603565364
1.25,310,"f2",0.406453138696239
1.25,310,"h",1.7161704624322
1.25,311,"f1",0.628025982554455
1.25,311,"f2",0.383619200116038
1.25,311,"h",1.25947307455626
1.25,312,"f1",0.522654419902489
1.25,312,"f2",0.370466623156724
1.25,312,"h",1.27339014022785
1.25,313,"f1",0.588319865793597
1.25,313,"f2",0.405083052049829
1.25,313,"h",1.34749467700342
1.25,314,"f1",0.530989293912597
1.25,314,"f2",0.391308069559109
1.25,314,"h",1.26531088175889
1.25,315,"f1",0.614535858044235
1.25,315,"f2",0.410077929120996
1.25,315,"h",1.71163553039251
1.25,316,"f1",0.309290031865951
1.25,316,"f2",0.4124010266014
1.25,316,"h",1.20870269026852
1.25,317,"f1",0.570267382712206
1.25,317,"f2",0.325412068640061
1.25,317,"h",1.29006661600972
1.25,318,"f1",0.634834524266646
1.25,318,"f2",0.396007579651201
1.25,318,"h",1.20501239698775
1.25,319,"f1",0.613212603078683
1.25,319,"f2",0.36851086657414
1.25,319,"h",1.24997063082843
1.25,320,"f1",0.427700852986928
1.25,320,"f2",0.411365353371607
1.25,320,"h",1.23533364573308
1.25,321,"f1",0.530785586279818
1.25,321,"f2",0.428279561666996
1.25,321,"h",1.26551417151979
1.25,322,"f1",0.575318658189302
1.25,322,"f2",0.409749702183832
1.25,322,"h",1.37863323966708
1.25,323,"f1",0.411107738933904
1.25,323,"f2",0.44190251428741
1.25,323,"h",1.22835831537204
1.25,324,"f1",0.452886702282076
1.25,324,"f2",0.458802327210885
1.25,324,"h",1.33883881087484
1.25,325,"f1",0.685553209070378
1.25,325,"f2",0.402621577639873
1.25,325,"h",1.272890028014
1.25,326,"f1",0.655409021801611
1.25,326,"f2",0.440520377838589
1.25,326,"h",1.32638954574859
1.25,327,"f1",0.524618307314165
1.25,327,"f2",0.45286883077794
1.25,327,"h",1.26016559946106
1.25,328,"f1",0.623999441858811
1.25,328,"f2",0.369517341783457
1.25,328,"h",1.28611081045347
1.25,329,"f1",0.721329095583254
1.25,329,"f2",0.464009522387681
1.25,329,"h",1.43908184326569
1.25,330,"f1",0.570937641899763
1.25,330,"f2",0.471693725318416
1.25,330,"h",1.21712674711911
1.25,331,"f1",0.681471847156713
1.25,331,"f2",0.380601673722661
1.25,331,"h",1.40535286087207
1.25,332,"f1",0.668909610726727
1.25,332,"f2",0.371383440058998
1.25,332,"h",1.11482602036024
1.25,333,"f1",0.447935990900395
1.25,333,"f2",0.399196047213974
1.25,333,"h",1.35063879907847
1.25,334,"f1",0.451023119187261
1.25,334,"f2",0.446211342959285
1.25,334,"h",1.57506246857626
1.25,335,"f1",0.681172488587279
1.25,335,"f2",0.414888764201303
1.25,335,"h",1.44470883960154
1.25,336,"f1",0.563180087374712
1.25,336,"f2",0.439474769151277
1.25,336,"h",1.2403728442754
1.25,337,"f1",0.610684318162163
1.25,337,"f2",0.392657401693282
1.25,337,"h",1.34275695504058
1.25,338,"f1",0.524357773549886
1.25,338,"f2",0.43865579390118
1.25,338,"h",1.21647360389273
1.25,339,"f1",0.624570117136193
1.25,339,"f2",0.417788012518102
1.25,339,"h",1.20572157328375
1.25,340,"f1",0.461877039016221
1.25,340,"f2",0.465301612412633
1.25,340,"h",1.22393491675315
1.25,341,"f1",0.536660783907978
1.25,341,"f2",0.41498450928286
1.25,341,"h",1.36835984902675
1.25,342,"f1",0.568837886694919
1.25,342,"f2",0.443920904502078
1.25,342,"h",1.21514925322259
1.25,343,"f1",0.698561170848638
1.25,343,"f2",0.408839125518274
1.25,343,"h",1.23819146217939
1.25,344,"f1",0.738421408899303
1.25,344,"f2",0.362152116890774
1.25,344,"h",1.22388010491298
1.25,345,"f1",0.652801844387744
1.25,345,"f2",0.419169054193841
1.25,345,"h",1.18705312189353
1.25,346,"f1",0.520856776848108
1.25,346,"f2",0.366253007123678
1.25,346,"h",1.13987813580265
1.25,347,"f1",0.568545492442854
1.25,347,"f2",0.382371928810783
1.25,347,"h",1.20795560729974
1.25,348,"f1",0.708867365738676
1.25,348,"f2",0.406057964065291
1.25,348,"h",1.25723538691764
1.25,349,"f1",0.5692609438207
1.25,349,"f2",0.426994193620437
1.25,349,"h",1.23218726884234
1.25,350,"f1",0.703190092127164
1.25,350,"f2",0.355642108452783
1.25,350,"h",1.24138470219947
1.25,351,"f1",0.654231017929117
1.25,351,"f2",0.411178706361632
1.25,351,"h",1.23979007686063
1.25,352,"f1",0.678763772474885
1.25,352,"f2",0.358583684755837
1.25,352,"h",1.42621934521828
1.25,353,"f1",0.58587034954076
1.25,353,"f2",0.443481210314188
1.25,353,"h",1.20975179539367
1.25,354,"f1",0.678414584159889
1.25,354,"f2",0.453587549125093
1.25,354,"h",1.38104038512031
1.25,355,"f1",0.557291806834078
1.25,355,"f2",0.389571331973396
1.25,355,"h",1.22632309258846
1.25,356,"f1",0.419348624970091
1.25,356,"f2",0.388732916040586
1.25,356,"h",1.32038872066647
1.25,357,"f1",0.650649718721033
1.25,357,"f2",0.338845552858616
1.25,357,"h",1.30343775739597
1.25,358,"f1",0.592467476292623
1.25,358,"f2",0.388551248634021
1.25,358,"h",1.2064860227364
1.25,359,"f1",0.421486643031821
1.25,359,"f2",0.383177226449402
1.25,359,"h",1.36555428252944
1.25,360,"f1",0.474639247627334
1.25,360,"f2",0.427900006029738
1.25,360,"h",1.24792325122807
1.25,361,"f1",0.54711303095889
1.25,361,"f2",0.436640703303232
1.25,361,"h",1.22229778922468
1.25,362,"f1",0.541768809712285
1.25,362,"f2",0.427035920586775
1.25,362,"h",1.21373646848023
1.25,363,"f1",0.53343930923639
1.25,363,"f2",0.401947723771652
1.25,363,"h",1.31961662912429
1.25,364,"f1",0.41914151174171
1.25,364,"f2",0.406380138154847
1.25,364,"h",1.3183570943845
1.25,365,"f1",0.669436146726227
1.25,365,"f2",0.415666491095078
1.25,365,"h",1.23866317415469
1.25,366,"f1",0.572384047457538
1.25,366,"f2",0.434309564603508
1.25,366,"h",1.22742222921711
1.25,367,"f1",0.608289765838975
1.25,367,"f2",0.375335732002717
1.25,367,"h",1.39045742759188
1.25,368,"f1",0.549799428122572
1.25,368,"f2",0.439361012094386
1.25,368,"h",1.26479904008783
1.25,369,"f1",0.480085248918909
1.25,369,"f2",0.460950546535932
1.25,369,"h",1.20991234139081
1.25,370,"f1",0.525448508848265
1.25,370,"f2",0.421989161014719
1.25,370,"h",1.22236833527795
1.25,371,"f1",0.687435710613492
1.25,371,"f2",0.397179610665326
1.25,371,"h",1.25587900045104
1.25,372,"f1",0.642617339856252
1.25,372,"f2",0.444282562112913
1.25,372,"h",1.31309107254965
1.25,373,"f1",0.678849303798432
1.25,373,"f2",0.400782706955049
1.25,373,"h",1.21843020103344
1.25,374,"f1",0.591537507442231
1.25,374,"f2",0.379292881841503
1.25,374,"h",1.19110173530027
1.25,375,"f1",0.57224252815827
1.25,375,"f2",0.433411397690773
1.25,375,"h",1.24699431105326
1.25,376,"f1",0.365164795721045
1.25,376,"f2",0.392910535868565
1.25,376,"h",1.17905964286208
1.25,377,"f1",0.49299001091702
1.25,377,"f2",0.444087546151482
1.25,377,"h",1.23941909609285
1.25,378,"f1",0.431038936891329
1.25,378,"f2",0.446317571483615
1.25,378,"h",1.22146605576846
1.25,379,"f1",0.507612509145496
1.25,379,"f2",0.417715261416696
1.25,379,"h",1.02490966249543
1.25,380,"f1",0.700856060382539
1.25,380,"f2",0.372959608168782
1.25,380,"h",1.39033676243165
1.25,381,"f1",0.40568349109945
1.25,381,"f2",0.394365060044739
1.25,381,"h",1.29181393195202
1.25,382,"f1",0.650259815264508
1.25,382,"f2",0.393625951662609
1.25,382,"h",1.44546480828688
1.25,383,"f1",0.59301775061719
1.25,383,"f2",0.39094472875292
1.25,383,"h",1.20227747928974
1.25,384,"f1",0.620521465910742
1.25,384,"f2",0.385323421898357
1.25,384,"h",1.17808339263045
1.25,385,"f1",0.705053343293085
1.25,385,"f2",0.427134793389136
1.25,385,"h",1.25873337907895
1.25,386,"f1",0.586144603749604
1.25,386,"f2",0.405649447976296
1.25,386,"h",1.28971756768791
1.25,387,"f1",0.448588731659389
1.25,387,"f2",0.458800214301107
1.25,387,"h",1.57099777190804
1.25,388,"f1",0.583496539352192
1.25,388,"f2",0.379366217392886
1.25,388,"h",1.25191245813931
1.25,389,"f1",0.557766558038633
1.25,389,"f2",0.417751177052096
1.25,389,"h",1.21272356542509
1.25,390,"f1",0.515098439696917
1.25,390,"f2",0.393921316894823
1.25,390,"h",1.26695388539081
1.25,391,"f1",0.69251167099188
1.25,391,"f2",0.35327698815779
1.25,391,"h",1.25585250919073
1.25,392,"f1",0.375175968953125
1.25,392,"f2",0.416660443826127
1.25,392,"h",1.21944614969213
1.25,393,"f1",0.6205916460625
1.25,393,"f2",0.325470774956382
1.25,393,"h",1.26791183728442
1.25,394,"f1",0.572217955273336
1.25,394,"f2",0.377257495528493
1.25,394,"h",1.20318388579292
1.25,395,"f1",0.442752817682213
1.25,395,"f2",0.374781440927911
1.25,395,"h",1.38570293980306
1.25,396,"f1",0.540460262551914
1.25,396,"f2",0.451712817251465
1.25,396,"h",1.28848574781358
1.25,397,"f1",0.506845201650698
1.25,397,"f2",0.485706603882109
1.25,397,"h",1.36488109514008
1.25,398,"f1",0.480171300651656
1.25,398,"f2",0.43719872390951
1.25,398,"h",1.27035680387433
1.25,399,"f1",0.62453647412719
1.25,399,"f2",0.434179010280752
1.25,399,"h",1.21582540010671
1.25,400,"f1",0.680672023424324
1.25,400,"f2",0.369500039515868
1.25,400,"h",1.25404623158599
1.25,401,"f1",0.436696067848805
1.25,401,"f2",0.414382344587599
1.25,401,"h",1.48495704781698
1.25,402,"f1",0.598959136992566
1.25,402,"f2",0.375092102627911
1.25,402,"h",1.27509217913391
1.25,403,"f1",0.603046214751776
1.25,403,"f2",0.423402975157814
1.25,403,"h",1.26138882480415
1.25,404,"f1",0.589054230885794
1.25,404,"f2",0.425519226531462
1.25,404,"h",1.29666784252647
1.25,405,"f1",0.653810215144281
1.25,405,"f2",0.403085115939836
1.25,405,"h",1.22159421814223
1.25,406,"f1",0.425740186265184
1.25,406,"f2",0.444434586145889
1.25,406,"h",1.22733382638635
1.25,407,"f1",0.69871825358561
1.25,407,"f2",0.481060087039829
1.25,407,"h",1.2123551955323
1.25,408,"f1",0.568546217343742
1.25,408,"f2",0.365357573034756
1.25,408,"h",1.26250860929699
1.25,409,"f1",0.678757689416746
1.25,409,"f2",0.392182536229077
1.25,409,"h",1.30828774094008
1.25,410,"f1",0.701030505603845
1.25,410,"f2",0.435061619735943
1.25,410,"h",1.32803913679815
1.25,411,"f1",0.393475104949773
1.25,411,"f2",0.456519228978527
1.25,411,"h",1.20638383183329
1.25,412,"f1",0.467824179368335
1.25,412,"f2",0.380023364681803
1.25,412,"h",1.36564501135561
1.25,413,"f1",0.611972638397247
1.25,413,"f2",0.424215048168956
1.25,413,"h",1.06763194698418
1.25,414,"f1",0.665262054000579
1.25,414,"f2",0.400910502927448
1.25,414,"h",1.21776749155027
1.25,415,"f1",0.602801716384357
1.25,415,"f2",0.403749981168995
1.25,415,"h",1.25136890076571
1.25,416,"f1",0.540120232279754
1.25,416,"f2",0.380572892117073
1.25,416,"h",1.49314559284613
1.25,417,"f1",0.522742661705511
1.25,417,"f2",0.419451159972504
1.25,417,"h",1.21454229822479
1.25,418,"f1",0.650100874998231
1.25,418,"f2",0.397199130094836
1.25,418,"h",1.17881521231539
1.25,419,"f1",0.525233236199421
1.25,419,"f2",0.408043057643972
1.25,419,"h",1.31641028968559
1.25,420,"f1",0.511535456629015
1.25,420,"f2",0.428764445862744
1.25,420,"h",1.2752974627354
1.25,421,"f1",0.625230906585982
1.25,421,"f2",0.444684727255695
1.25,421,"h",1.36733728380704
1.25,422,"f1",0.479704670202061
1.25,422,"f2",0.398458102784377
1.25,422,"h",1.19878847376633
1.25,423,"f1",0.61798815310089
1.25,423,"f2",0.400214201292289
1.25,423,"h",1.44596646339388
1.25,424,"f1",0.537089744824529
1.25,424,"f2",0.41896207487535
1.25,424,"h",1.25183567486949
1.25,425,"f1",0.499801928233318
1.25,425,"f2",0.437745077847327
1.25,425,"h",1.23801979494199
1.25,426,"f1",0.688017735784744
1.25,426,"f2",0.389402839238921
1.25,426,"h",1.25048013399157
1.25,427,"f1",0.624503951103157
1.25,427,"f2",0.402046521268486
1.25,427,"h",1.29147662274583
1.25,428,"f1",0.494788734988923
1.25,428,"f2",0.397545280007952
1.25,428,"h",1.32003846740822
1.25,429,"f1",0.629699858589842
1.25,429,"f2",0.376949034010055
1.25,429,"h",1.20917766842402
1.25,430,"f1",0.62285688511016
1.25,430,"f2",0.374296821831826
1.25,430,"h",1.31527662149119
1.25,431,"f1",0.614343287682037
1.25,431,"f2",0.378895822511908
1.25,431,"h",1.19943427801986
1.25,432,"f1",0.622198204388005
1.25,432,"f2",0.430840012932445
1.25,432,"h",1.48627913931171
1.25,433,"f1",0.660376474625885
1.25,433,"f2",0.425173489326346
1.25,433,"h",1.23320804153869
1.25,434,"f1",0.597813632123749
1.25,434,"f2",0.41876570261353
1.25,434,"h",1.21859750373025
1.25,435,"f1",0.561222907438888
1.25,435,"f2",0.448831128729813
1.25,435,"h",1.28190491249871
1.25,436,"f1",0.727347693725553
1.25,436,"f2",0.376591825787278
1.25,436,"h",1.25123877219047
1.25,437,"f1",0.643196164101332
1.25,437,"f2",0.447681714939353
1.25,437,"h",1.26649454476655
1.25,438,"f1",0.611026288143103
1.25,438,"f2",0.370060239766928
1.25,438,"h",1.17216780957103
1.25,439,"f1",0.697622120756113
1.25,439,"f2",0.405103803879689
1.25,439,"h",1.23961882572573
1.25,440,"f1",0.67452946420883
1.25,440,"f2",0.386270192406521
1.25,440,"h",1.32748738589629
1.25,441,"f1",0.395684122824114
1.25,441,"f2",0.436469576873819
1.25,441,"h",1.20825662152953
1.25,442,"f1",0.580485206210715
1.25,442,"f2",0.394698484037473
1.25,442,"h",1.54595855686218
1.25,443,"f1",0.53965492034804
1.25,443,"f2",0.461537617192176
1.25,443,"h",1.27379760098068
1.25,444,"f1",0.433228139804196
1.25,444,"f2",0.444350691380701
1.25,444,"h",1.18282568460033
1.25,445,"f1",0.64299374722735
1.25,445,"f2",0.379546117128458
1.25,445,"h",1.25053442434694
1.25,446,"f1",0.598807231275976
1.25,446,"f2",0.372799174706323
1.25,446,"h",1.07850960687799
1.25,447,"f1",0.558044562587018
1.25,447,"f2",0.414689001337839
1.25,447,"h",1.24225586871938
1.25,448,"f1",0.327408293278009
1.25,448,"f2",0.421294913789883
1.25,448,"h",1.28780457620955
1.25,449,"f1",0.490237751815517
1.25,449,"f2",0.410116191374655
1.25,449,"h",1.1814396352671
1.25,450,"f1",0.323181130112103
1.25,450,"f2",0.451916377430639
1.25,450,"h",1.28550052793681
1.25,451,"f1",0.530620649882856
1.25,451,"f2",0.422687250305403
1.25,451,"h",1.1780036214102
1.25,452,"f1",0.37680332518135
1.25,452,"f2",0.428084689434059
1.25,452,"h",1.20532747245892
1.25,453,"f1",0.773643456192614
1.25,453,"f2",0.391934428485571
1.25,453,"h",1.24564177584507
1.25,454,"f1",0.519323740802244
1.25,454,"f2",0.439909167494504
1.25,454,"h",1.19069833715263
1.25,455,"f1",0.667743749958952
1.25,455,"f2",0.422927198128935
1.25,455,"h",1.24347370545698
1.25,456,"f1",0.416333836242591
1.25,456,"f2",0.444878004971572
1.25,456,"h",1.24216741094607
1.25,457,"f1",0.526647536389571
1.25,457,"f2",0.354859993599277
1.25,457,"h",1.23286922838084
1.25,458,"f1",0.451274374913236
1.25,458,"f2",0.442431949359609
1.25,458,"h",1.22075833725949
1.25,459,"f1",0.653115501661946
1.25,459,"f2",0.42607307925685
1.25,459,"h",1.23669267745734
1.25,460,"f1",0.715553806636776
1.25,460,"f2",0.455148249578534
1.25,460,"h",1.21951459571147
1.25,461,"f1",0.502730883117531
1.25,461,"f2",0.417216200143128
1.25,461,"h",1.07828381712652
1.25,462,"f1",0.568623718888995
1.25,462,"f2",0.451144618822345
1.25,462,"h",1.20108060810748
1.25,463,"f1",0.549566086794318
1.25,463,"f2",0.428383138227693
1.25,463,"h",1.24113340220943
1.25,464,"f1",0.571516741352655
1.25,464,"f2",0.416350155881445
1.25,464,"h",1.24634310612666
1.25,465,"f1",0.588385750415221
1.25,465,"f2",0.402469634755676
1.25,465,"h",1.32379819131524
1.25,466,"f1",0.711753917446406
1.25,466,"f2",0.395273352743599
1.25,466,"h",1.24346784589639
1.25,467,"f1",0.4911337144418
1.25,467,"f2",0.396706828208591
1.25,467,"h",1.2027237403381
1.25,468,"f1",0.566206645839356
1.25,468,"f2",0.385975795489353
1.25,468,"h",1.28981463036658
1.25,469,"f1",0.478374841891752
1.25,469,"f2",0.374135788517979
1.25,469,"h",1.30593028926132
1.25,470,"f1",0.663124999850253
1.25,470,"f2",0.44723839896419
1.25,470,"h",1.2520462491838
1.25,471,"f1",0.544149397410358
1.25,471,"f2",0.429802819131999
1.25,471,"h",1.2907373102945
1.25,472,"f1",0.536395613164327
1.25,472,"f2",0.420288070957307
1.25,472,"h",1.24702517777057
1.25,473,"f1",0.603025023725428
1.25,473,"f2",0.404622995273902
1.25,473,"h",1.22665308056212
1.25,474,"f1",0.635431473055565
1.25,474,"f2",0.413929658107617
1.25,474,"h",2.52352715375098
1.25,475,"f1",0.599173120572093
1.25,475,"f2",0.430052540805754
1.25,475,"h",1.28036123436913
1.25,476,"f1",0.492286926017548
1.25,476,"f2",0.403381979493353
1.25,476,"h",1.23761991149188
1.25,477,"f1",0.575704202100435
1.25,477,"f2",0.406690538507067
1.25,477,"h",1.24501556002662
1.25,478,"f1",0.454868584293565
1.25,478,"f2",0.419339596234982
1.25,478,"h",1.2883271705609
1.25,479,"f1",0.542808507958836
1.25,479,"f2",0.380810731450663
1.25,479,"h",1.62237256005592
1.25,480,"f1",0.711103501823953
1.25,480,"f2",0.384984862970547
1.25,480,"h",1.23172917096069
1.25,481,"f1",0.537765741249103
1.25,481,"f2",0.386729269334416
1.25,481,"h",1.21686425549867
1.25,482,"f1",0.64829603380714
1.25,482,"f2",0.409895589646974
1.25,482,"h",1.23307420189478
1.25,483,"f1",0.681586257792718
1.25,483,"f2",0.430396183936596
1.25,483,"h",1.21374701567733
1.25,484,"f1",0.513909396235796
1.25,484,"f2",0.437304539277534
1.25,484,"h",1.20875435658976
1.25,485,"f1",0.704368407231943
1.25,485,"f2",0.436527945033791
1.25,485,"h",1.23969368252145
1.25,486,"f1",0.57742995926115
1.25,486,"f2",0.400583247665934
1.25,486,"h",1.50796083181821
1.25,487,"f1",0.511203221547616
1.25,487,"f2",0.39081709552802
1.25,487,"h",1.45156181062026
1.25,488,"f1",0.654882134743219
1.25,488,"f2",0.401443571586415
1.25,488,"h",1.55197779628758
1.25,489,"f1",0.385450440088759
1.25,489,"f2",0.39567453635517
1.25,489,"h",1.08143912684652
1.25,490,"f1",0.601561411704377
1.25,490,"f2",0.368242552074616
1.25,490,"h",1.19975241579437
1.25,491,"f1",0.621791065772554
1.25,491,"f2",0.394671841714829
1.25,491,"h",1.28509687731927
1.25,492,"f1",0.599732877004624
1.25,492,"f2",0.395120215306876
1.25,492,"h",1.40074775187135
1.25,493,"f1",0.5898326639991
1.25,493,"f2",0.362821321441987
1.25,493,"h",1.54218419568883
1.25,494,"f1",0.657335953658958
1.25,494,"f2",0.405578423395431
1.25,494,"h",1.25910457533331
1.25,495,"f1",0.464574475457068
1.25,495,"f2",0.353255899650001
1.25,495,"h",1.29881466382545
1.25,496,"f1",0.363118546260094
1.25,496,"f2",0.423514643270026
1.25,496,"h",1.23601077080496
1.25,497,"f1",0.568200400824574
1.25,497,"f2",0.42791500473114
1.25,497,"h",1.23927907089924
1.25,498,"f1",0.582643708964712
1.25,498,"f2",0.351578869149668
1.25,498,"h",1.38435332769009
1.25,499,"f1",0.600548449131524
1.25,499,"f2",0.405148926445825
1.25,499,"h",1.18499282207464
1.25,500,"f1",0.442183979583385
1.25,500,"f2",0.414416116436073
1.25,500,"h",1.2095253087686
1.25,501,"f1",0.384298016568549
1.25,501,"f2",0.409885560839519
1.25,501,"h",1.24543294883577
1.25,502,"f1",0.58453084260291
1.25,502,"f2",0.443969228211407
1.25,502,"h",1.217629965602
1.25,503,"f1",0.591333478165264
1.25,503,"f2",0.405050257729319
1.25,503,"h",1.24585288283966
1.25,504,"f1",0.509509279475006
1.25,504,"f2",0.429473692449476
1.25,504,"h",1.57206505124043
1.25,505,"f1",0.543056515946671
1.25,505,"f2",0.389461706136602
1.25,505,"h",1.27009197399188
1.25,506,"f1",0.574286510069562
1.25,506,"f2",0.392970115847461
1.25,506,"h",1.40301543415752
1.25,507,"f1",0.530513194889458
1.25,507,"f2",0.376668218236381
1.25,507,"h",1.29850076472457
1.25,508,"f1",0.604640411485939
1.25,508,"f2",0.424986101726732
1.25,508,"h",1.24309088272896
1.25,509,"f1",0.687923404122009
1.25,509,"f2",0.447785963136474
1.25,509,"h",1.31015530604055
1.25,510,"f1",0.679318032968538
1.25,510,"f2",0.393269729340379
1.25,510,"h",1.23793976082218
1.25,511,"f1",0.743936975477641
1.25,511,"f2",0.402214707386479
1.25,511,"h",1.29151900431301
1.25,512,"f1",0.670832208306994
1.25,512,"f2",0.415535769734898
1.25,512,"h",1.22354246007742
1.25,513,"f1",0.590907875483753
1.25,513,"f2",0.404965284727091
1.25,513,"h",1.47232651338181
1.25,514,"f1",0.595791654440264
1.25,514,"f2",0.364639308499472
1.25,514,"h",1.182248831501
1.25,515,"f1",0.53819915896303
1.25,515,"f2",0.359974817039738
1.25,515,"h",1.30428815996001
1.25,516,"f1",0.577582662950891
1.25,516,"f2",0.408846243733683
1.25,516,"h",1.28602809824307
1.25,517,"f1",0.597401753401306
1.25,517,"f2",0.404873543668136
1.25,517,"h",1.288587858921
1.25,518,"f1",0.658053564636795
1.25,518,"f2",0.370335131233423
1.25,518,"h",1.3173721626273
1.25,519,"f1",0.48122265548948
1.25,519,"f2",0.417624443824904
1.25,519,"h",1.30709123216703
1.25,520,"f1",0.599846076525685
1.25,520,"f2",0.439816012779308
1.25,520,"h",1.27407077790625
1.25,521,"f1",0.654659024565587
1.25,521,"f2",0.394807610450121
1.25,521,"h",1.53791708910459
1.25,522,"f1",0.508388759347283
1.25,522,"f2",0.435232527979757
1.25,522,"h",1.23072484794598
1.25,523,"f1",0.523068449100782
1.25,523,"f2",0.433394252580724
1.25,523,"h",1.40496555280914
1.25,524,"f1",0.568007216295411
1.25,524,"f2",0.423682761883943
1.25,524,"h",1.26330057172136
1.25,525,"f1",0.750268239771509
1.25,525,"f2",0.346559163730736
1.25,525,"h",1.17928928335319
1.25,526,"f1",0.672151761940638
1.25,526,"f2",0.363506922043262
1.25,526,"h",1.32737855573709
1.25,527,"f1",0.687830305790127
1.25,527,"f2",0.397945724590799
1.25,527,"h",1.22876805885569
1.25,528,"f1",0.571841221047005
1.25,528,"f2",0.450458451385533
1.25,528,"h",1.27179168424195
1.25,529,"f1",0.553548377868804
1.25,529,"f2",0.351155718757351
1.25,529,"h",1.22209500067153
1.25,530,"f1",0.654959105298088
1.25,530,"f2",0.36974716086604
1.25,530,"h",1.26591008361607
1.25,531,"f1",0.513851710183662
1.25,531,"f2",0.405059071713978
1.25,531,"h",1.27274666179584
1.25,532,"f1",0.360549598347436
1.25,532,"f2",0.431720689322671
1.25,532,"h",1.22494322194837
1.25,533,"f1",0.469224081424603
1.25,533,"f2",0.418955796133007
1.25,533,"h",1.23174183287532
1.25,534,"f1",0.739654764465134
1.25,534,"f2",0.408780356004963
1.25,534,"h",1.21453667430812
1.25,535,"f1",0.588787642765581
1.25,535,"f2",0.43036854739097
1.25,535,"h",1.20258227925779
1.25,536,"f1",0.687863740212526
1.25,536,"f2",0.385166493949377
1.25,536,"h",1.31994687935985
1.25,537,"f1",0.549984853861722
1.25,537,"f2",0.41649798760336
1.25,537,"h",1.27646160467499
1.25,538,"f1",0.327127056449331
1.25,538,"f2",0.386951386973828
1.25,538,"h",1.20360556105895
1.25,539,"f1",0.576884032383735
1.25,539,"f2",0.426259212019107
1.25,539,"h",1.29086505481965
1.25,540,"f1",0.480845365536405
1.25,540,"f2",0.445708015006478
1.25,540,"h",1.18990384694373
1.25,541,"f1",0.466861564024698
1.25,541,"f2",0.424196853970668
1.25,541,"h",1.26276044454864
1.25,542,"f1",0.669146361814476
1.25,542,"f2",0.386039673574995
1.25,542,"h",1.76067029384696
1.25,543,"f1",0.736669800909757
1.25,543,"f2",0.405901351063543
1.25,543,"h",1.4586565740228
1.25,544,"f1",0.406242207772006
1.25,544,"f2",0.490586803657992
1.25,544,"h",1.25876521722869
1.25,545,"f1",0.46509624703309
1.25,545,"f2",0.429700906382037
1.25,545,"h",1.25620726862305
1.25,546,"f1",0.639973084084563
1.25,546,"f2",0.411532817637428
1.25,546,"h",1.23266686211058
1.25,547,"f1",0.610418551223308
1.25,547,"f2",0.469462244467935
1.25,547,"h",1.36289692103033
1.25,548,"f1",0.525956414643987
1.25,548,"f2",0.400693123278537
1.25,548,"h",1.31811183816722
1.25,549,"f1",0.702112417739605
1.25,549,"f2",0.437863845873402
1.25,549,"h",1.22804767825911
1.25,550,"f1",0.530527321144185
1.25,550,"f2",0.401639304625013
1.25,550,"h",1.27394862207241
1.25,551,"f1",0.637278247153935
1.25,551,"f2",0.375948684725552
1.25,551,"h",1.27212559044113
1.25,552,"f1",0.690435675213816
1.25,552,"f2",0.378784423171145
1.25,552,"h",1.29855040897974
1.25,553,"f1",0.695040769588625
1.25,553,"f2",0.496086688910267
1.25,553,"h",1.30824052147283
1.25,554,"f1",0.503818479722613
1.25,554,"f2",0.400764500091205
1.25,554,"h",1.26830085974293
1.25,555,"f1",0.654033583815233
1.25,555,"f2",0.371660369018966
1.25,555,"h",1.23620609051274
1.25,556,"f1",0.338518011244991
1.25,556,"f2",0.385305556536001
1.25,556,"h",1.27619295255048
1.25,557,"f1",0.534244932107673
1.25,557,"f2",0.406312405009905
1.25,557,"h",1.39517550947347
1.25,558,"f1",0.683518497321248
1.25,558,"f2",0.414594985564366
1.25,558,"h",1.2355163262075
1.25,559,"f1",0.384234067638872
1.25,559,"f2",0.4219150897535
1.25,559,"h",1.22475915588997
1.25,560,"f1",0.616327342506973
1.25,560,"f2",0.396328363870655
1.25,560,"h",1.48780408233045
1.25,561,"f1",0.562166212687897
1.25,561,"f2",0.379936215371442
1.25,561,"h",1.21292108264688
1.25,562,"f1",0.616485444029464
1.25,562,"f2",0.42099444975038
1.25,562,"h",1.44256450599566
1.25,563,"f1",0.693463223952776
1.25,563,"f2",0.427098558073036
1.25,563,"h",1.22957560143587
1.25,564,"f1",0.463289998389848
1.25,564,"f2",0.439039247193835
1.25,564,"h",1.25347606114894
1.25,565,"f1",0.551297780278049
1.25,565,"f2",0.406809631121864
1.25,565,"h",1.23776055519655
1.25,566,"f1",0.666687172620246
1.25,566,"f2",0.416453381903808
1.25,566,"h",1.4833702122851
1.25,567,"f1",0.637690633825879
1.25,567,"f2",0.46461096732253
1.25,567,"h",1.3488892239602
1.25,568,"f1",0.506136361633714
1.25,568,"f2",0.336472901796578
1.25,568,"h",1.31142128267037
1.25,569,"f1",0.712499686647556
1.25,569,"f2",0.417368176552414
1.25,569,"h",1.27927927263816
1.25,570,"f1",0.556569152722765
1.25,570,"f2",0.399032091416267
1.25,570,"h",1.90771591817062
1.25,571,"f1",0.685210842407936
1.25,571,"f2",0.425687278556278
1.25,571,"h",1.23162108383092
1.25,572,"f1",0.521790698228545
1.25,572,"f2",0.396311505791176
1.25,572,"h",1.19802063299681
1.25,573,"f1",0.458204825828537
1.25,573,"f2",0.409073121827785
1.25,573,"h",1.16171102251101
1.25,574,"f1",0.381798925892772
1.25,574,"f2",0.415747604995879
1.25,574,"h",1.19203589203805
1.25,575,"f1",0.769861003440949
1.25,575,"f2",0.393607552970005
1.25,575,"h",1.21733929940134
1.25,576,"f1",0.545007978834569
1.25,576,"f2",0.389531906464872
1.25,576,"h",1.55811962824214
1.25,577,"f1",0.590576364246189
1.25,577,"f2",0.410647378751884
1.25,577,"h",1.31206087638468
1.25,578,"f1",0.676237939517662
1.25,578,"f2",0.408780523306988
1.25,578,"h",1.22359024258022
1.25,579,"f1",0.680477012740972
1.25,579,"f2",0.421982342759576
1.25,579,"h",1.21946794586136
1.25,580,"f1",0.582954328897263
1.25,580,"f2",0.41286220537808
1.25,580,"h",1.49654707738921
1.25,581,"f1",0.534251828798776
1.25,581,"f2",0.397212512738959
1.25,581,"h",1.2430466464332
1.25,582,"f1",0.606847032346061
1.25,582,"f2",0.42192668949949
1.25,582,"h",1.26498195225406
1.25,583,"f1",0.589865952001351
1.25,583,"f2",0.43948293435088
1.25,583,"h",1.20306292818809
1.25,584,"f1",0.553222500205946
1.25,584,"f2",0.366926244710514
1.25,584,"h",1.11614842701316
1.25,585,"f1",0.644299791394062
1.25,585,"f2",0.457725784411484
1.25,585,"h",1.19615264995345
1.25,586,"f1",0.610112809065513
1.25,586,"f2",0.377680129535065
1.25,586,"h",1.26202248250882
1.25,587,"f1",0.62826463195911
1.25,587,"f2",0.380259745513796
1.25,587,"h",1.30327042122757
1.25,588,"f1",0.553766793272814
1.25,588,"f2",0.405568027464657
1.25,588,"h",1.22880629881034
1.25,589,"f1",0.618204922095367
1.25,589,"f2",0.460684111061492
1.25,589,"h",1.20774092894916
1.25,590,"f1",0.45107385139285
1.25,590,"f2",0.440421023462008
1.25,590,"h",1.18993760229707
1.25,591,"f1",0.494785263085232
1.25,591,"f2",0.404895600781756
1.25,591,"h",1.07496899822399
1.25,592,"f1",0.574588639316211
1.25,592,"f2",0.395647355900599
1.25,592,"h",1.23531640184802
1.25,593,"f1",0.461390036203595
1.25,593,"f2",0.377369313276661
1.25,593,"h",1.47910002504122
1.25,594,"f1",0.491568634570534
1.25,594,"f2",0.42614988623303
1.25,594,"h",1.40444015553408
1.25,595,"f1",0.306434836336533
1.25,595,"f2",0.467733797617723
1.25,595,"h",1.32996542348495
1.25,596,"f1",0.660478688820637
1.25,596,"f2",0.412672872613778
1.25,596,"h",1.31875903521749
1.25,597,"f1",0.712582248430208
1.25,597,"f2",0.411137243114004
1.25,597,"h",1.2606997921936
1.25,598,"f1",0.668077011705259
1.25,598,"f2",0.418059007277743
1.25,598,"h",1.3960944101295
1.25,599,"f1",0.648061257849319
1.25,599,"f2",0.374380898519963
1.25,599,"h",1.2177319698483
1.25,600,"f1",0.438629989904002
1.25,600,"f2",0.421300858454961
1.25,600,"h",1.25385992935084
1.25,601,"f1",0.552515194574373
1.25,601,"f2",0.414859773951544
1.25,601,"h",1.24436698854812
1.25,602,"f1",0.596940492817457
1.25,602,"f2",0.394590826978461
1.25,602,"h",1.23149644293913
1.25,603,"f1",0.599994351692512
1.25,603,"f2",0.391539437878702
1.25,603,"h",1.27390604045826
1.25,604,"f1",0.485608643614287
1.25,604,"f2",0.438771332768126
1.25,604,"h",1.29637859810903
1.25,605,"f1",0.570325496034143
1.25,605,"f2",0.451724380686473
1.25,605,"h",1.21420292513374
1.25,606,"f1",0.68832273881776
1.25,606,"f2",0.371402680280206
1.25,606,"h",1.26933593746787
1.25,607,"f1",0.636177470884129
1.25,607,"f2",0.418026837118149
1.25,607,"h",1.20954797737099
1.25,608,"f1",0.596920169678853
1.25,608,"f2",0.420063587705025
1.25,608,"h",1.10980485542351
1.25,609,"f1",0.564049955833503
1.25,609,"f2",0.387997359117007
1.25,609,"h",1.26979558088064
1.25,610,"f1",0.458503905090688
1.25,610,"f2",0.406562832199407
1.25,610,"h",1.22386081945085
1.25,611,"f1",0.679834720543376
1.25,611,"f2",0.414550355036268
1.25,611,"h",1.21020080270904
1.25,612,"f1",0.565555219498529
1.25,612,"f2",0.409978498305682
1.25,612,"h",1.22419628364453
1.25,613,"f1",0.620219836297362
1.25,613,"f2",0.427259593893204
1.25,613,"h",1.21484521365394
1.25,614,"f1",0.509426357327322
1.25,614,"f2",0.420268689760619
1.25,614,"h",1.21896926253337
1.25,615,"f1",0.440479410854005
1.25,615,"f2",0.424296804599877
1.25,615,"h",1.23496494235622
1.25,616,"f1",0.657459811724212
1.25,616,"f2",0.408479678483051
1.25,616,"h",1.22221301303051
1.25,617,"f1",0.639461052028956
1.25,617,"f2",0.437794845420693
1.25,617,"h",1.18969007655551
1.25,618,"f1",0.501621008366789
1.25,618,"f2",0.37957771488269
1.25,618,"h",1.30002189032277
1.25,619,"f1",0.683884100381652
1.25,619,"f2",0.402253830114184
1.25,619,"h",1.24197984953606
1.25,620,"f1",0.658662446431494
1.25,620,"f2",0.411699742338032
1.25,620,"h",1.21536515069931
1.25,621,"f1",0.442973471370878
1.25,621,"f2",0.459751172021684
1.25,621,"h",1.22676892035264
1.25,622,"f1",0.741283523199574
1.25,622,"f2",0.432700436689239
1.25,622,"h",1.29246369097861
1.25,623,"f1",0.584300077139683
1.25,623,"f2",0.412194610262489
1.25,623,"h",1.23128488328322
1.25,624,"f1",0.480746759531732
1.25,624,"f2",0.408911271478698
1.25,624,"h",1.239454344531
1.25,625,"f1",0.51213131490926
1.25,625,"f2",0.388387233003111
1.25,625,"h",1.33613452824672
1.25,626,"f1",0.445176355495433
1.25,626,"f2",0.423260568592067
1.25,626,"h",1.21134398867967
1.25,627,"f1",0.738435781223301
1.25,627,"f2",0.434089092922221
1.25,627,"h",1.2521037099715
1.25,628,"f1",0.569107189594788
1.25,628,"f2",0.422746705793433
1.25,628,"h",1.22738629071502
1.25,629,"f1",0.573350532662916
1.25,629,"f2",0.420179252602784
1.25,629,"h",1.21634499454361
1.25,630,"f1",0.654270272585947
1.25,630,"f2",0.418069532984486
1.25,630,"h",2.2465038566212
1.25,631,"f1",0.590380902351453
1.25,631,"f2",0.406729147299717
1.25,631,"h",1.08542094372384
1.25,632,"f1",0.460233705706882
1.25,632,"f2",0.416105041744952
1.25,632,"h",1.22851504320781
1.25,633,"f1",0.57717158322684
1.25,633,"f2",0.417478428716414
1.25,633,"h",1.25347661335395
1.25,634,"f1",0.524807564380684
1.25,634,"f2",0.448546777935052
1.25,634,"h",1.25399598927884
1.25,635,"f1",0.664184754100898
1.25,635,"f2",0.447741150659218
1.25,635,"h",1.33881571806066
1.25,636,"f1",0.617917445058124
1.25,636,"f2",0.434943198570493
1.25,636,"h",1.22589752368469
1.25,637,"f1",0.69218713130859
1.25,637,"f2",0.388397966645163
1.25,637,"h",1.29916138699447
1.25,638,"f1",0.559934691881956
1.25,638,"f2",0.379671042068258
1.25,638,"h",1.26005077767341
1.25,639,"f1",0.623141940000487
1.25,639,"f2",0.350303839500731
1.25,639,"h",1.37295363862844
1.25,640,"f1",0.601732077113729
1.25,640,"f2",0.377784017503944
1.25,640,"h",1.39061268236581
1.25,641,"f1",0.616265891530417
1.25,641,"f2",0.439480120882519
1.25,641,"h",1.25786105188994
1.25,642,"f1",0.42441801551702
1.25,642,"f2",0.394312753528521
1.25,642,"h",1.212928777556
1.25,643,"f1",0.620043349195496
1.25,643,"f2",0.44190148802364
1.25,643,"h",1.23280275941767
1.25,644,"f1",0.499602398582707
1.25,644,"f2",0.437848120380402
1.25,644,"h",1.22054827340844
1.25,645,"f1",0.727480741679977
1.25,645,"f2",0.355560992044657
1.25,645,"h",1.29362120955004
1.25,646,"f1",0.545386686844622
1.25,646,"f2",0.454793902371311
1.25,646,"h",1.18471874822043
1.25,647,"f1",0.525614714241511
1.25,647,"f2",0.416664009986988
1.25,647,"h",1.17056957798398
1.25,648,"f1",0.597880659381122
1.25,648,"f2",0.444338071636415
1.25,648,"h",1.23489248735972
1.25,649,"f1",0.565861959567196
1.25,649,"f2",0.44595162607872
1.25,649,"h",1.27982876647111
1.25,650,"f1",0.634707389656251
1.25,650,"f2",0.376849881018849
1.25,650,"h",1.1631418323308
1.25,651,"f1",0.621120628986739
1.25,651,"f2",0.450082440019367
1.25,651,"h",1.56047843479616
1.25,652,"f1",0.604933596831938
1.25,652,"f2",0.433022493905264
1.25,652,"h",1.33576290445542
1.25,653,"f1",0.635868940676803
1.25,653,"f2",0.427234724134612
1.25,653,"h",1.20575059247161
1.25,654,"f1",0.564382825693543
1.25,654,"f2",0.427279960641491
1.25,654,"h",1.21751142045808
1.25,655,"f1",0.671334359536635
1.25,655,"f2",0.371268625470676
1.25,655,"h",1.26993882776853
1.25,656,"f1",0.611805897997487
1.25,656,"f2",0.440791164018116
1.25,656,"h",1.25306991209302
1.25,657,"f1",0.518267411331426
1.25,657,"f2",0.391361496720527
1.25,657,"h",1.19134056674672
1.25,658,"f1",0.265536895079986
1.25,658,"f2",0.363648215214129
1.25,658,"h",1.18480683270172
1.25,659,"f1",0.655489864974539
1.25,659,"f2",0.39854265648603
1.25,659,"h",1.23508179223867
1.25,660,"f1",0.699640747911723
1.25,660,"f2",0.364334646046397
1.25,660,"h",1.30795539003186
1.25,661,"f1",0.527117388744427
1.25,661,"f2",0.394171918904242
1.25,661,"h",1.3535781084501
1.25,662,"f1",0.458178577069666
1.25,662,"f2",0.413480123265384
1.25,662,"h",1.27471638277107
1.25,663,"f1",0.67945053928597
1.25,663,"f2",0.392530731889008
1.25,663,"h",1.22539053285303
1.25,664,"f1",0.611917247840857
1.25,664,"f2",0.401162450864117
1.25,664,"h",1.25320278376746
1.25,665,"f1",0.594212674526498
1.25,665,"f2",0.574805018997567
1.25,665,"h",1.23390412965789
1.25,666,"f1",0.604916575395985
1.25,666,"f2",0.348587171179806
1.25,666,"h",1.27879837517665
1.25,667,"f1",0.689107388085219
1.25,667,"f2",0.39167175415168
1.25,667,"h",1.36174976467825
1.25,668,"f1",0.63400830135284
1.25,668,"f2",0.36871214752378
1.25,668,"h",1.20924433981464
1.25,669,"f1",0.449061851350606
1.25,669,"f2",0.40483136215698
1.25,669,"h",1.21363392096919
1.25,670,"f1",0.557381628340433
1.25,670,"f2",0.412983310603092
1.25,670,"h",1.26755911944135
1.25,671,"f1",0.446200246491347
1.25,671,"f2",0.385738919331847
1.25,671,"h",1.21237617773648
1.25,672,"f1",0.448439252863692
1.25,672,"f2",0.431141904689111
1.25,672,"h",1.2232683408804
1.25,673,"f1",0.587444346735867
1.25,673,"f2",0.434464957784287
1.25,673,"h",1.2282933101418
1.25,674,"f1",0.540240995262885
1.25,674,"f2",0.386679822327181
1.25,674,"h",1.58352846598978
1.25,675,"f1",0.550285367114677
1.25,675,"f2",0.37311113697274
1.25,675,"h",1.22967963315304
1.25,676,"f1",0.709559447976263
1.25,676,"f2",0.398363638465176
1.25,676,"h",1.25605475403414
1.25,677,"f1",0.557422356279962
1.25,677,"f2",0.384512092602612
1.25,677,"h",1.20580624576154
1.25,678,"f1",0.628252161307702
1.25,678,"f2",0.387382718489829
1.25,678,"h",1.22931113601709
1.25,679,"f1",0.615837452316934
1.25,679,"f2",0.388876237286195
1.25,679,"h",1.31374151788182
1.25,680,"f1",0.578855563501033
1.25,680,"f2",0.386627950704154
1.25,680,"h",1.6842120384595
1.25,681,"f1",0.454613031308619
1.25,681,"f2",0.368352797031311
1.25,681,"h",1.23056381347572
1.25,682,"f1",0.643773313101584
1.25,682,"f2",0.370739484987325
1.25,682,"h",1.25440704453171
1.25,683,"f1",0.636074263096515
1.25,683,"f2",0.410344526170868
1.25,683,"h",1.23636043553704
1.25,684,"f1",0.589383440201173
1.25,684,"f2",0.434543108496519
1.25,684,"h",1.2516209648931
1.25,685,"f1",0.583555236691044
1.25,685,"f2",0.392233221457533
1.25,685,"h",1.2514201268532
1.25,686,"f1",0.580361651392721
1.25,686,"f2",0.408140703459086
1.25,686,"h",1.23371080975476
1.25,687,"f1",0.705131865360623
1.25,687,"f2",0.442030095597409
1.25,687,"h",1.34849837790038
1.25,688,"f1",0.422119549672459
1.25,688,"f2",0.430281268068092
1.25,688,"h",1.08762197212727
1.25,689,"f1",0.722963153313023
1.25,689,"f2",0.398207807883971
1.25,689,"h",1.19509951318578
1.25,690,"f1",0.600465780696033
1.25,690,"f2",0.363921734855818
1.25,690,"h",1.24560145280188
1.25,691,"f1",0.662203304627358
1.25,691,"f2",0.381282734130584
1.25,691,"h",1.23762544123229
1.25,692,"f1",0.596563298492259
1.25,692,"f2",0.415913339041282
1.25,692,"h",1.21390274908822
1.25,693,"f1",0.69689428822224
1.25,693,"f2",0.425877961906801
1.25,693,"h",1.26290127839517
1.25,694,"f1",0.432447368179786
1.25,694,"f2",0.419965598026394
1.25,694,"h",1.27035669058814
1.25,695,"f1",0.696739534718408
1.25,695,"f2",0.4001815433973
1.25,695,"h",1.20274162868389
1.25,696,"f1",0.535524992758919
1.25,696,"f2",0.40904372506085
1.25,696,"h",1.31245941609321
1.25,697,"f1",0.44612628977372
1.25,697,"f2",0.444695328967919
1.25,697,"h",1.21144793049691
1.25,698,"f1",0.643394684850285
1.25,698,"f2",0.466260102127715
1.25,698,"h",1.28325691647302
1.25,699,"f1",0.525042776577481
1.25,699,"f2",0.421846455114039
1.25,699,"h",1.27432207519626
1.25,700,"f1",0.587679743939041
1.25,700,"f2",0.435839227927698
1.25,700,"h",1.29733762902459
1.25,701,"f1",0.284582889905572
1.25,701,"f2",0.414554949947632
1.25,701,"h",1.2852643403281
1.25,702,"f1",0.471092324873777
1.25,702,"f2",0.428162793765367
1.25,702,"h",1.21685568523217
1.25,703,"f1",0.600828190414113
1.25,703,"f2",0.435833091447172
1.25,703,"h",1.77356565605383
1.25,704,"f1",0.703767675901906
1.25,704,"f2",0.405038345957803
1.25,704,"h",1.5018565930599
1.25,705,"f1",0.544359715055521
1.25,705,"f2",0.417680161104713
1.25,705,"h",1.23216744083752
1.25,706,"f1",0.704713367937452
1.25,706,"f2",0.409315042960969
1.25,706,"h",1.71392416582799
1.25,707,"f1",0.698168457885568
1.25,707,"f2",0.394829770409014
1.25,707,"h",1.31384394219171
1.25,708,"f1",0.48817762894492
1.25,708,"f2",0.360220206163742
1.25,708,"h",1.19899303725923
1.25,709,"f1",0.663882393707153
1.25,709,"f2",0.439458962516094
1.25,709,"h",1.22797014204342
1.25,710,"f1",0.526013145618583
1.25,710,"f2",0.40545546219661
1.25,710,"h",1.19174085247775
1.25,711,"f1",0.581422880602464
1.25,711,"f2",0.39609811352158
1.25,711,"h",1.24982364056686
1.25,712,"f1",0.6467794594126
1.25,712,"f2",0.409800616292672
1.25,712,"h",1.25123769566992
1.25,713,"f1",0.676458580995545
1.25,713,"f2",0.390205600032611
1.25,713,"h",1.21216450382153
1.25,714,"f1",0.559214612677737
1.25,714,"f2",0.410402726013367
1.25,714,"h",1.2758420971134
1.25,715,"f1",0.370296358428067
1.25,715,"f2",0.429843577145503
1.25,715,"h",1.25517290231079
1.25,716,"f1",0.484831793089525
1.25,716,"f2",0.381566760903575
1.25,716,"h",1.19047321801505
1.25,717,"f1",0.694480404640492
1.25,717,"f2",0.366772375038974
1.25,717,"h",1.25797388633785
1.25,718,"f1",0.674000856155034
1.25,718,"f2",0.402324114680798
1.25,718,"h",1.24579647411738
1.25,719,"f1",0.634947468265451
1.25,719,"f2",0.436961079008432
1.25,719,"h",1.22534444791649
1.25,720,"f1",0.560485939852328
1.25,720,"f2",0.411497179977964
1.25,720,"h",1.11042630633026
1.25,721,"f1",0.556552811486918
1.25,721,"f2",0.453198506566954
1.25,721,"h",1.25780550414881
1.25,722,"f1",0.490387430326265
1.25,722,"f2",0.358139507849483
1.25,722,"h",1.11117500107323
1.25,723,"f1",0.325604357116945
1.25,723,"f2",0.424710287035394
1.25,723,"h",1.2417142018684
1.25,724,"f1",0.588418581840385
1.25,724,"f2",0.442316629378096
1.25,724,"h",1.14281965682903
1.25,725,"f1",0.71152252930665
1.25,725,"f2",0.400834422395205
1.25,725,"h",1.21579597238226
1.25,726,"f1",0.684607442916394
1.25,726,"f2",0.393105199486709
1.25,726,"h",1.21757053649363
1.25,727,"f1",0.624523363000996
1.25,727,"f2",0.411908130232162
1.25,727,"h",1.32618505608239
1.25,728,"f1",0.651042926392647
1.25,728,"f2",0.403769746209095
1.25,728,"h",1.26365944727649
1.25,729,"f1",0.435687513458613
1.25,729,"f2",0.405433042525272
1.25,729,"h",1.21077073014857
1.25,730,"f1",0.677962977114077
1.25,730,"f2",0.377981307107029
1.25,730,"h",1.23234905337212
1.25,731,"f1",0.573785992125659
1.25,731,"f2",0.390407318626714
1.25,731,"h",1.12860232964317
1.25,732,"f1",0.652941616253621
1.25,732,"f2",0.340173120009081
1.25,732,"h",1.26020015494132
1.25,733,"f1",0.687410388225016
1.25,733,"f2",0.390191324934542
1.25,733,"h",1.79961387922074
1.25,734,"f1",0.339196339897797
1.25,734,"f2",0.407203945008244
1.25,734,"h",1.20626621488674
1.25,735,"f1",0.614825867027035
1.25,735,"f2",0.366694549459963
1.25,735,"h",1.35996490201142
1.25,736,"f1",0.650045354418962
1.25,736,"f2",0.411171000889063
1.25,736,"h",1.35204114223426
1.25,737,"f1",0.4600863592143
1.25,737,"f2",0.388149187276283
1.25,737,"h",1.21805773021181
1.25,738,"f1",0.589384896283943
1.25,738,"f2",0.395229296879428
1.25,738,"h",1.27840374815436
1.25,739,"f1",0.667671056359397
1.25,739,"f2",0.392301252744944
1.25,739,"h",1.23028629916582
1.25,740,"f1",0.569629949857153
1.25,740,"f2",0.468888585450272
1.25,740,"h",1.18646373493853
1.25,741,"f1",0.543383806896738
1.25,741,"f2",0.406637755721236
1.25,741,"h",1.37206092494531
1.25,742,"f1",0.548540648744332
1.25,742,"f2",0.418998405934069
1.25,742,"h",1.21304295785425
1.25,743,"f1",0.646321810557894
1.25,743,"f2",0.398439442051143
1.25,743,"h",1.16664466589304
1.25,744,"f1",0.556441379576865
1.25,744,"f2",0.381979313840157
1.25,744,"h",1.51567904203141
1.25,745,"f1",0.717224332751439
1.25,745,"f2",0.390417990929334
1.25,745,"h",1.24483240238886
1.25,746,"f1",0.608150168859624
1.25,746,"f2",0.367838867060547
1.25,746,"h",1.29015162342125
1.25,747,"f1",0.45123867354677
1.25,747,"f2",0.420699125334128
1.25,747,"h",1.34855460283716
1.25,748,"f1",0.653077739714254
1.25,748,"f2",0.445497195183148
1.25,748,"h",1.33495023091203
1.25,749,"f1",0.486734705013782
1.25,749,"f2",0.439572746972923
1.25,749,"h",1.42001142648545
1.25,750,"f1",0.64065394810102
1.25,750,"f2",0.365134042544874
1.25,750,"h",1.33077974361892
1.25,751,"f1",0.613283810114519
1.25,751,"f2",0.384814491489447
1.25,751,"h",1.25612383975376
1.25,752,"f1",0.469824138221896
1.25,752,"f2",0.462519825301258
1.25,752,"h",1.30117469913438
1.25,753,"f1",0.540427674690218
1.25,753,"f2",0.418497629167746
1.25,753,"h",1.24069811650778
1.25,754,"f1",0.673322023309454
1.25,754,"f2",0.418812446496182
1.25,754,"h",1.33783400687819
1.25,755,"f1",0.60322527593996
1.25,755,"f2",0.374634893639458
1.25,755,"h",1.28455129554344
1.25,756,"f1",0.665668211907372
1.25,756,"f2",0.345402451754829
1.25,756,"h",1.28460734388733
1.25,757,"f1",0.551191321943489
1.25,757,"f2",0.441153743630925
1.25,757,"h",1.2301031820811
1.25,758,"f1",0.429816964142804
1.25,758,"f2",0.432905408045888
1.25,758,"h",1.89418133163975
1.25,759,"f1",0.415618644709535
1.25,759,"f2",0.405880239861997
1.25,759,"h",1.226620747694
1.25,760,"f1",0.503121336711934
1.25,760,"f2",0.352839297730067
1.25,760,"h",1.18351381075998
1.25,761,"f1",0.698402154038745
1.25,761,"f2",0.40443766891456
1.25,761,"h",1.28173481961885
1.25,762,"f1",0.502023671999334
1.25,762,"f2",0.410576593213953
1.25,762,"h",1.13716322946085
1.25,763,"f1",0.576396822004397
1.25,763,"f2",0.432179212158175
1.25,763,"h",1.1189503992494
1.25,764,"f1",0.610924112734326
1.25,764,"f2",0.405389321142705
1.25,764,"h",1.32606631754462
1.25,765,"f1",0.496633658260118
1.25,765,"f2",0.393619411791879
1.25,765,"h",1.16987644782526
1.25,766,"f1",0.530783834730317
1.25,766,"f2",0.443646707281239
1.25,766,"h",1.19820119220226
1.25,767,"f1",0.627593659473809
1.25,767,"f2",0.390712861152458
1.25,767,"h",1.71145615697014
1.25,768,"f1",0.660211688674273
1.25,768,"f2",0.407142133553197
1.25,768,"h",1.3030289080333
1.25,769,"f1",0.35935199606478
1.25,769,"f2",0.377573190937349
1.25,769,"h",1.25136706349724
1.25,770,"f1",0.548463617700921
1.25,770,"f2",0.432089925786419
1.25,770,"h",1.24405085037086
1.25,771,"f1",0.643785831163621
1.25,771,"f2",0.427825287004116
1.25,771,"h",1.22107797295337
1.25,772,"f1",0.486171354823674
1.25,772,"f2",0.46510059338289
1.25,772,"h",1.20063999315002
1.25,773,"f1",0.502144511485262
1.25,773,"f2",0.41282073667282
1.25,773,"h",1.27120584574258
1.25,774,"f1",0.647686915467655
1.25,774,"f2",0.372887854598126
1.25,774,"h",1.12943453580611
1.25,775,"f1",0.488881153048472
1.25,775,"f2",0.386285236119459
1.25,775,"h",1.20074529906607
1.25,776,"f1",0.579037706567324
1.25,776,"f2",0.433999540548428
1.25,776,"h",1.53772287928436
1.25,777,"f1",0.487174190139269
1.25,777,"f2",0.414213220126408
1.25,777,"h",1.20209791635481
1.25,778,"f1",0.577384462737759
1.25,778,"f2",0.440104825757214
1.25,778,"h",1.21020384946053
1.25,779,"f1",0.583954753936234
1.25,779,"f2",0.434884023229418
1.25,779,"h",1.21682105863175
1.25,780,"f1",0.632601926716674
1.25,780,"f2",0.39854399423328
1.25,780,"h",1.38948066505405
1.25,781,"f1",0.675618169226132
1.25,781,"f2",0.40702338371896
1.25,781,"h",1.15372051587929
1.25,782,"f1",0.529448569549264
1.25,782,"f2",0.422057238465927
1.25,782,"h",1.87732505601163
1.25,783,"f1",0.723283737381269
1.25,783,"f2",0.448830181352786
1.25,783,"h",1.176509159764
1.25,784,"f1",0.552001371714506
1.25,784,"f2",0.392979584247653
1.25,784,"h",1.3495589187747
1.25,785,"f1",0.646174489725271
1.25,785,"f2",0.378299316495001
1.25,785,"h",1.25293431952853
1.25,786,"f1",0.568379754915588
1.25,786,"f2",0.441460197626325
1.25,786,"h",1.25354976939151
1.25,787,"f1",0.711159409897562
1.25,787,"f2",0.396363855627444
1.25,787,"h",1.2403941405934
1.25,788,"f1",0.413415028432075
1.25,788,"f2",0.386255170944111
1.25,788,"h",1.40167908506914
1.25,789,"f1",0.373021165972533
1.25,789,"f2",0.409653366032088
1.25,789,"h",1.28548386838717
1.25,790,"f1",0.368309573053858
1.25,790,"f2",0.410681002991083
1.25,790,"h",1.34523389745666
1.25,791,"f1",0.67060287067521
1.25,791,"f2",0.408497026631567
1.25,791,"h",1.20869720006204
1.25,792,"f1",0.49889707746321
1.25,792,"f2",0.374317237155593
1.25,792,"h",1.27413727301042
1.25,793,"f1",0.672854787348468
1.25,793,"f2",0.359287984370788
1.25,793,"h",1.23713518433766
1.25,794,"f1",0.499359822476013
1.25,794,"f2",0.437144402674887
1.25,794,"h",1.22863153446964
1.25,795,"f1",0.507646421144955
1.25,795,"f2",0.409580973622745
1.25,795,"h",0.9716646851757
1.25,796,"f1",0.538710814557223
1.25,796,"f2",0.443950921264465
1.25,796,"h",1.25298287888006
1.25,797,"f1",0.699758132879198
1.25,797,"f2",0.372444945556894
1.25,797,"h",1.24737095996082
1.25,798,"f1",0.67530353667682
1.25,798,"f2",0.411572352995882
1.25,798,"h",1.22704881258912
1.25,799,"f1",0.601188991299506
1.25,799,"f2",0.400945047957264
1.25,799,"h",1.24258856102236
1.25,800,"f1",0.642457559360548
1.25,800,"f2",0.39170849677314
1.25,800,"h",1.40402958818248
1.25,801,"f1",0.76236291830504
1.25,801,"f2",0.44570291924932
1.25,801,"h",1.94650402118602
1.25,802,"f1",0.532235127323003
1.25,802,"f2",0.415184700014967
1.25,802,"h",1.20403842965528
1.25,803,"f1",0.655577024636585
1.25,803,"f2",0.415097413381155
1.25,803,"h",1.21845170730972
1.25,804,"f1",0.585488706245539
1.25,804,"f2",0.4146841415143
1.25,804,"h",1.24405945877409
1.25,805,"f1",0.668083051001797
1.25,805,"f2",0.393084000340575
1.25,805,"h",1.26790600609049
1.25,806,"f1",0.555966855301304
1.25,806,"f2",0.340272559455391
1.25,806,"h",1.20498572507524
1.25,807,"f1",0.509013851979672
1.25,807,"f2",0.40110926315229
1.25,807,"h",1.15823700165071
1.25,808,"f1",0.411702058327503
1.25,808,"f2",0.374768923847359
1.25,808,"h",0.992323934634059
1.25,809,"f1",0.619547227074467
1.25,809,"f2",0.371712520507476
1.25,809,"h",1.17375195794019
1.25,810,"f1",0.675593179749462
1.25,810,"f2",0.431784113204916
1.25,810,"h",1.20503673243057
1.25,811,"f1",0.385965011679401
1.25,811,"f2",0.381876295621945
1.25,811,"h",1.28409646554535
1.25,812,"f1",0.670264795794276
1.25,812,"f2",0.389862631874861
1.25,812,"h",2.05910512136845
1.25,813,"f1",0.55005832343362
1.25,813,"f2",0.403719078348642
1.25,813,"h",1.36717886507711
1.25,814,"f1",0.52809255534813
1.25,814,"f2",0.444241869807103
1.25,814,"h",2.01084178300073
1.25,815,"f1",0.476188508334329
1.25,815,"f2",0.392455906888036
1.25,815,"h",1.28363598116909
1.25,816,"f1",0.638295646736617
1.25,816,"f2",0.352344053923591
1.25,816,"h",1.23378661613476
1.25,817,"f1",0.523233458665935
1.25,817,"f2",0.365896517273525
1.25,817,"h",1.18517907401882
1.25,818,"f1",0.629467082132803
1.25,818,"f2",0.344009559356474
1.25,818,"h",1.19300862537514
1.25,819,"f1",0.314627728610069
1.25,819,"f2",0.411225114587293
1.25,819,"h",1.20048465246026
1.25,820,"f1",0.357777639002387
1.25,820,"f2",0.434301282619742
1.25,820,"h",1.24035645397334
1.25,821,"f1",0.580521862924643
1.25,821,"f2",0.439024520636764
1.25,821,"h",1.21957658832747
1.25,822,"f1",0.438878900261641
1.25,822,"f2",0.406280448532937
1.25,822,"h",1.28638107181594
1.25,823,"f1",0.616097887986916
1.25,823,"f2",0.454314224553306
1.25,823,"h",1.25303765225996
1.25,824,"f1",0.596852089080234
1.25,824,"f2",0.413486861141093
1.25,824,"h",1.27917958500898
1.25,825,"f1",0.550643853828653
1.25,825,"f2",0.423579677010667
1.25,825,"h",1.34008008470192
1.25,826,"f1",0.631325874277582
1.25,826,"f2",0.437185928600057
1.25,826,"h",1.23857244906385
1.25,827,"f1",0.759357819524223
1.25,827,"f2",0.409381840123566
1.25,827,"h",1.28722452942406
1.25,828,"f1",0.568612490423654
1.25,828,"f2",0.338871898311129
1.25,828,"h",1.24623633388894
1.25,829,"f1",0.530889512545393
1.25,829,"f2",0.422168262186917
1.25,829,"h",1.94612999467842
1.25,830,"f1",0.673243648900507
1.25,830,"f2",0.417094155655882
1.25,830,"h",1.30415146953217
1.25,831,"f1",0.557545337642757
1.25,831,"f2",0.421874565900989
1.25,831,"h",1.2603603131429
1.25,832,"f1",0.610406335493959
1.25,832,"f2",0.424395636695276
1.25,832,"h",1.07838359704024
1.25,833,"f1",0.533566051468572
1.25,833,"f2",0.360610793302434
1.25,833,"h",1.23011501835748
1.25,834,"f1",0.484303414234091
1.25,834,"f2",0.373917717287364
1.25,834,"h",1.17492737902998
1.25,835,"f1",0.515268129399914
1.25,835,"f2",0.43040418918527
1.25,835,"h",1.20247286446718
1.25,836,"f1",0.490970864801299
1.25,836,"f2",0.377874985188967
1.25,836,"h",1.46465409092712
1.25,837,"f1",0.651230444994786
1.25,837,"f2",0.389842343496064
1.25,837,"h",1.23814377183948
1.25,838,"f1",0.462473600001269
1.25,838,"f2",0.393080743318442
1.25,838,"h",1.43340321048306
1.25,839,"f1",0.452082857137336
1.25,839,"f2",0.413806993567928
1.25,839,"h",1.24032185754189
1.25,840,"f1",0.565486091887638
1.25,840,"f2",0.358065228446214
1.25,840,"h",1.56168703775067
1.25,841,"f1",0.546333706169688
1.25,841,"f2",0.4431897236327
1.25,841,"h",1.19365659833956
1.25,842,"f1",0.342455727580542
1.25,842,"f2",0.448835243817969
1.25,842,"h",1.23374951802469
1.25,843,"f1",0.579713469794391
1.25,843,"f2",0.348247454400378
1.25,843,"h",1.18683789705377
1.25,844,"f1",0.519647405713357
1.25,844,"f2",0.356370527775343
1.25,844,"h",1.20874087512681
1.25,845,"f1",0.620674563440111
1.25,845,"f2",0.376943644516557
1.25,845,"h",1.23780144015262
1.25,846,"f1",0.566119306520645
1.25,846,"f2",0.358439642595209
1.25,846,"h",1.22585712485302
1.25,847,"f1",0.582576340159744
1.25,847,"f2",0.427211621449349
1.25,847,"h",1.21285898410088
1.25,848,"f1",0.560877598257764
1.25,848,"f2",0.434752369017818
1.25,848,"h",1.18680161008966
1.25,849,"f1",0.413364080091089
1.25,849,"f2",0.413776994507169
1.25,849,"h",1.21250982449725
1.25,850,"f1",0.597697422672222
1.25,850,"f2",0.438144835720544
1.25,850,"h",1.23036729469544
1.25,851,"f1",0.503391728168005
1.25,851,"f2",0.384702544615887
1.25,851,"h",1.25713656444135
1.25,852,"f1",0.732739768981482
1.25,852,"f2",0.376656596399857
1.25,852,"h",1.21347495177366
1.25,853,"f1",0.521253489342982
1.25,853,"f2",0.452621957313599
1.25,853,"h",1.23972029003694
1.25,854,"f1",0.381920083143713
1.25,854,"f2",0.403842941487436
1.25,854,"h",1.22531159598582
1.25,855,"f1",0.685948696196934
1.25,855,"f2",0.398292835831037
1.25,855,"h",1.42335075401734
1.25,856,"f1",0.628331816212984
1.25,856,"f2",0.4166541568549
1.25,856,"h",1.30298120150849
1.25,857,"f1",0.317157453238245
1.25,857,"f2",0.418714678994071
1.25,857,"h",1.24238322701416
1.25,858,"f1",0.540264672622032
1.25,858,"f2",0.384280617718054
1.25,858,"h",1.18876700748198
1.25,859,"f1",0.640085289222838
1.25,859,"f2",0.369608462979192
1.25,859,"h",1.27407022130019
1.25,860,"f1",0.58003758035261
1.25,860,"f2",0.368938813128074
1.25,860,"h",1.69351105632541
1.25,861,"f1",0.48668367440966
1.25,861,"f2",0.427899133122815
1.25,861,"h",1.20603469150333
1.25,862,"f1",0.474248341706899
1.25,862,"f2",0.394932715644057
1.25,862,"h",1.51063228442734
1.25,863,"f1",0.70599933654065
1.25,863,"f2",0.421135525994537
1.25,863,"h",1.305801925006
1.25,864,"f1",0.556060909071334
1.25,864,"f2",0.379895393876706
1.25,864,"h",1.24734084565649
1.25,865,"f1",0.556212908978065
1.25,865,"f2",0.426071820479104
1.25,865,"h",1.27429865530262
1.25,866,"f1",0.663667421303607
1.25,866,"f2",0.418015640038794
1.25,866,"h",1.21902619128163
1.25,867,"f1",0.486359772164324
1.25,867,"f2",0.42307828047943
1.25,867,"h",1.28042596510702
1.25,868,"f1",0.497365126686769
1.25,868,"f2",0.333275268677444
1.25,868,"h",1.32892906681271
1.25,869,"f1",0.669679255814805
1.25,869,"f2",0.419141903792188
1.25,869,"h",1.27396333362835
1.25,870,"f1",0.46578825151831
1.25,870,"f2",0.420929068218767
1.25,870,"h",1.19568926452736
1.25,871,"f1",0.564432439481044
1.25,871,"f2",0.402894913705428
1.25,871,"h",1.22515290554593
1.25,872,"f1",0.424496646643169
1.25,872,"f2",0.451764412335387
1.25,872,"h",1.23615565829211
1.25,873,"f1",0.638432906250003
1.25,873,"f2",0.433558655392294
1.25,873,"h",1.29671634164642
1.25,874,"f1",0.732446739617873
1.25,874,"f2",0.39516939488419
1.25,874,"h",1.23825011450726
1.25,875,"f1",0.732027285566139
1.25,875,"f2",0.355221225303192
1.25,875,"h",1.42878646596605
1.25,876,"f1",0.556417191908315
1.25,876,"f2",0.404802913662673
1.25,876,"h",1.27769960053062
1.25,877,"f1",0.60429406609496
1.25,877,"f2",0.35397618926143
1.25,877,"h",1.74810770442898
1.25,878,"f1",0.682461683513567
1.25,878,"f2",0.392266720303999
1.25,878,"h",1.42942936841874
1.25,879,"f1",0.685765692987369
1.25,879,"f2",0.392877649714668
1.25,879,"h",1.23718427259973
1.25,880,"f1",0.629298835321935
1.25,880,"f2",0.368458017363998
1.25,880,"h",1.24189492571088
1.25,881,"f1",0.574971488870858
1.25,881,"f2",0.383867858200849
1.25,881,"h",1.25059551165525
1.25,882,"f1",0.563719481643392
1.25,882,"f2",0.353865799026586
1.25,882,"h",1.25150826674614
1.25,883,"f1",0.463114289984369
1.25,883,"f2",0.433478637855531
1.25,883,"h",1.21126992294851
1.25,884,"f1",0.668582812460109
1.25,884,"f2",0.37049944473536
1.25,884,"h",1.29144430467104
1.25,885,"f1",0.558275907516479
1.25,885,"f2",0.374357771791079
1.25,885,"h",1.2732830755226
1.25,886,"f1",0.580362691704042
1.25,886,"f2",0.424794217098551
1.25,886,"h",1.26193156951985
1.25,887,"f1",0.634084901366516
1.25,887,"f2",0.406583719717846
1.25,887,"h",1.21182622301166
1.25,888,"f1",0.4675608088074
1.25,888,"f2",0.385341305485211
1.25,888,"h",1.37239244105882
1.25,889,"f1",0.66571568102925
1.25,889,"f2",0.398808579422442
1.25,889,"h",1.26344294655005
1.25,890,"f1",0.697452955169266
1.25,890,"f2",0.338658348362274
1.25,890,"h",1.27409317153107
1.25,891,"f1",0.629544117497814
1.25,891,"f2",0.400347962073957
1.25,891,"h",1.49533406793473
1.25,892,"f1",0.456196594755041
1.25,892,"f2",0.410874941014811
1.25,892,"h",1.70552212572293
1.25,893,"f1",0.5843517742985
1.25,893,"f2",0.353381462375376
1.25,893,"h",1.20534247262602
1.25,894,"f1",0.555461915363964
1.25,894,"f2",0.398284870156804
1.25,894,"h",1.56915882017904
1.25,895,"f1",0.646339568112572
1.25,895,"f2",0.391575166056403
1.25,895,"h",1.31477744351579
1.25,896,"f1",0.604234331309068
1.25,896,"f2",0.424907131982156
1.25,896,"h",1.22013508229182
1.25,897,"f1",0.671251805481783
1.25,897,"f2",0.375073237126581
1.25,897,"h",1.78863603568675
1.25,898,"f1",0.419434653825979
1.25,898,"f2",0.39792250927736
1.25,898,"h",1.27271669187702
1.25,899,"f1",0.67490648938349
1.25,899,"f2",0.39133108439986
1.25,899,"h",1.41325919369568
1.25,900,"f1",0.604209366539319
1.25,900,"f2",0.423767034698677
1.25,900,"h",1.23974777521097
1.25,901,"f1",0.576567758318034
1.25,901,"f2",0.423483666796936
1.25,901,"h",1.20883449474111
1.25,902,"f1",0.683041345441621
1.25,902,"f2",0.459834175093515
1.25,902,"h",1.22952680221449
1.25,903,"f1",0.644005917586194
1.25,903,"f2",0.404451481164872
1.25,903,"h",1.26507574489712
1.25,904,"f1",0.656350651336786
1.25,904,"f2",0.359317014528847
1.25,904,"h",1.22065796107414
1.25,905,"f1",0.627419604097047
1.25,905,"f2",0.438865513956633
1.25,905,"h",1.19168660350156
1.25,906,"f1",0.647053475070345
1.25,906,"f2",0.392263058739905
1.25,906,"h",1.27354015939448
1.25,907,"f1",0.717602208996506
1.25,907,"f2",0.433577777817671
1.25,907,"h",1.24829119252305
1.25,908,"f1",0.463047141647887
1.25,908,"f2",0.433236659849698
1.25,908,"h",1.26332449902921
1.25,909,"f1",0.517462102327777
1.25,909,"f2",0.363852164636247
1.25,909,"h",1.73131265055342
1.25,910,"f1",0.524962094854284
1.25,910,"f2",0.423531304067565
1.25,910,"h",1.23317729548709
1.25,911,"f1",0.431984432952699
1.25,911,"f2",0.461493854378741
1.25,911,"h",1.23497414090468
1.25,912,"f1",0.630137413126946
1.25,912,"f2",0.383808310380001
1.25,912,"h",1.1357942102774
1.25,913,"f1",0.624633659330587
1.25,913,"f2",0.391620125409482
1.25,913,"h",1.20851648010284
1.25,914,"f1",0.632904228803764
1.25,914,"f2",0.406125196221754
1.25,914,"h",1.23309448012487
1.25,915,"f1",0.58916420834841
1.25,915,"f2",0.37142305916116
1.25,915,"h",1.39426949942199
1.25,916,"f1",0.4301781863474
1.25,916,"f2",0.418572304015635
1.25,916,"h",1.24383311243668
1.25,917,"f1",0.430537884589627
1.25,917,"f2",0.448170344004469
1.25,917,"h",1.59611459563925
1.25,918,"f1",0.673873254199798
1.25,918,"f2",0.445559162676621
1.25,918,"h",1.25342228234188
1.25,919,"f1",0.677647103474424
1.25,919,"f2",0.384820011784078
1.25,919,"h",2.28524365028741
1.25,920,"f1",0.525045960167273
1.25,920,"f2",0.385126062633298
1.25,920,"h",1.31553450123451
1.25,921,"f1",0.673929479937982
1.25,921,"f2",0.446206145319766
1.25,921,"h",1.22605038136164
1.25,922,"f1",0.674667987196009
1.25,922,"f2",0.406738529762315
1.25,922,"h",1.22502545553285
1.25,923,"f1",0.68393708019716
1.25,923,"f2",0.353968361146572
1.25,923,"h",1.29417013211227
1.25,924,"f1",0.408459760754852
1.25,924,"f2",0.421621204946617
1.25,924,"h",1.25643466340908
1.25,925,"f1",0.72462840262346
1.25,925,"f2",0.403339618397073
1.25,925,"h",1.40843744395418
1.25,926,"f1",0.724164674949409
1.25,926,"f2",0.403555797048343
1.25,926,"h",1.20099533286021
1.25,927,"f1",0.401507432276999
1.25,927,"f2",0.455877573990893
1.25,927,"h",1.32560167758476
1.25,928,"f1",0.446936683829704
1.25,928,"f2",0.402012322953158
1.25,928,"h",1.25411144516408
1.25,929,"f1",0.480767508721199
1.25,929,"f2",0.377897332312166
1.25,929,"h",1.2443567860803
1.25,930,"f1",0.572960199120645
1.25,930,"f2",0.446824289975822
1.25,930,"h",1.23496887470404
1.25,931,"f1",0.59377991172408
1.25,931,"f2",0.382721118314209
1.25,931,"h",1.46716214231871
1.25,932,"f1",0.615663354499109
1.25,932,"f2",0.416653192216743
1.25,932,"h",1.2675334066661
1.25,933,"f1",0.495207478427079
1.25,933,"f2",0.417248026534154
1.25,933,"h",1.36566654088435
1.25,934,"f1",0.478017097709291
1.25,934,"f2",0.411663007133479
1.25,934,"h",1.86644335565773
1.25,935,"f1",0.628532562782199
1.25,935,"f2",0.381063688575506
1.25,935,"h",1.27031877597621
1.25,936,"f1",0.465890948255532
1.25,936,"f2",0.436126668826098
1.25,936,"h",1.22939311566293
1.25,937,"f1",0.500197034919788
1.25,937,"f2",0.453393615368355
1.25,937,"h",1.21793158132726
1.25,938,"f1",0.515639354195029
1.25,938,"f2",0.420650445121594
1.25,938,"h",1.16168106683904
1.25,939,"f1",0.468976685812825
1.25,939,"f2",0.468734539319208
1.25,939,"h",1.18235834465424
1.25,940,"f1",0.46249477353412
1.25,940,"f2",0.377666984258114
1.25,940,"h",1.31799137030774
1.25,941,"f1",0.627695991979261
1.25,941,"f2",0.434649121038894
1.25,941,"h",1.22276032905031
1.25,942,"f1",0.654363824859882
1.25,942,"f2",0.424765062732566
1.25,942,"h",1.33207450928686
1.25,943,"f1",0.645168495045702
1.25,943,"f2",0.381673445540658
1.25,943,"h",1.22298813576826
1.25,944,"f1",0.400260676759248
1.25,944,"f2",0.397930332408097
1.25,944,"h",1.28656225831027
1.25,945,"f1",0.57147782487494
1.25,945,"f2",0.412461869483748
1.25,945,"h",1.29355887167171
1.25,946,"f1",0.594236286318746
1.25,946,"f2",0.386192681921449
1.25,946,"h",1.16405955548384
1.25,947,"f1",0.6468963598148
1.25,947,"f2",0.407315814401312
1.25,947,"h",1.33745054004492
1.25,948,"f1",0.696563841243048
1.25,948,"f2",0.369244420196758
1.25,948,"h",1.43095145117439
1.25,949,"f1",0.630979831399979
1.25,949,"f2",0.434571781385606
1.25,949,"h",1.22872531304679
1.25,950,"f1",0.553156667654056
1.25,950,"f2",0.427985403362124
1.25,950,"h",1.21875691808114
1.25,951,"f1",0.561602193484195
1.25,951,"f2",0.423934351924524
1.25,951,"h",1.23056888843127
1.25,952,"f1",0.576008998762237
1.25,952,"f2",0.414389458500335
1.25,952,"h",1.22037943737854
1.25,953,"f1",0.697304826409964
1.25,953,"f2",0.370658778408886
1.25,953,"h",1.25286366465249
1.25,954,"f1",0.478270236276485
1.25,954,"f2",0.446371727994743
1.25,954,"h",1.23220653951769
1.25,955,"f1",0.549359875545154
1.25,955,"f2",0.390560500991366
1.25,955,"h",1.28000333723622
1.25,956,"f1",0.33324083046475
1.25,956,"f2",0.41712009064673
1.25,956,"h",1.17882987315453
1.25,957,"f1",0.582096603267232
1.25,957,"f2",0.37151637661271
1.25,957,"h",1.30968840107442
1.25,958,"f1",0.625940448771869
1.25,958,"f2",0.408232419225532
1.25,958,"h",1.2864658140664
1.25,959,"f1",0.599818215214564
1.25,959,"f2",0.389659568550081
1.25,959,"h",1.35600166697187
1.25,960,"f1",0.635159368050573
1.25,960,"f2",0.434175589579381
1.25,960,"h",1.21838755832586
1.25,961,"f1",0.69961291927246
1.25,961,"f2",0.387124923257166
1.25,961,"h",1.25177122340295
1.25,962,"f1",0.685774392938878
1.25,962,"f2",0.37167955211105
1.25,962,"h",1.4235217743075
1.25,963,"f1",0.68796816132307
1.25,963,"f2",0.406254858589721
1.25,963,"h",1.92817441980498
1.25,964,"f1",0.348605689087021
1.25,964,"f2",0.397595773171658
1.25,964,"h",1.20226577638632
1.25,965,"f1",0.58438680888918
1.25,965,"f2",0.37933841687487
1.25,965,"h",1.26310521598725
1.25,966,"f1",0.521985573830063
1.25,966,"f2",0.364949854944793
1.25,966,"h",1.34401278477317
1.25,967,"f1",0.63445690419463
1.25,967,"f2",0.400972866940194
1.25,967,"h",2.28391571456858
1.25,968,"f1",0.589264041770114
1.25,968,"f2",0.4448996615719
1.25,968,"h",1.24377697404947
1.25,969,"f1",0.648385684940294
1.25,969,"f2",0.405770617920096
1.25,969,"h",1.22456249386397
1.25,970,"f1",0.648300955723842
1.25,970,"f2",0.396210884071042
1.25,970,"h",1.24913829873666
1.25,971,"f1",0.606301876654416
1.25,971,"f2",0.39204925712491
1.25,971,"h",1.23514435551011
1.25,972,"f1",0.558594532366698
1.25,972,"f2",0.397999393122091
1.25,972,"h",1.23937970610617
1.25,973,"f1",0.593819249047167
1.25,973,"f2",0.420719240046047
1.25,973,"h",1.20259629836509
1.25,974,"f1",0.558115911181139
1.25,974,"f2",0.453132813335086
1.25,974,"h",1.23760042362599
1.25,975,"f1",0.64323995411962
1.25,975,"f2",0.403498552864953
1.25,975,"h",1.28275966343409
1.25,976,"f1",0.605268609150893
1.25,976,"f2",0.399450293924085
1.25,976,"h",1.29954156981007
1.25,977,"f1",0.658508137106619
1.25,977,"f2",0.4331005754025
1.25,977,"h",1.19532211381427
1.25,978,"f1",0.440108494249106
1.25,978,"f2",0.404531722175642
1.25,978,"h",1.22707564782
1.25,979,"f1",0.48213554432382
1.25,979,"f2",0.432117600158602
1.25,979,"h",1.23890981332979
1.25,980,"f1",0.493504979110416
1.25,980,"f2",0.456471029491428
1.25,980,"h",1.26102913368935
1.25,981,"f1",0.587903560406352
1.25,981,"f2",0.368797939871102
1.25,981,"h",1.25067114860788
1.25,982,"f1",0.326354804506855
1.25,982,"f2",0.411889512105313
1.25,982,"h",1.21598584882223
1.25,983,"f1",0.670226854946939
1.25,983,"f2",0.354105860491096
1.25,983,"h",1.3430377642215
1.25,984,"f1",0.568931814504648
1.25,984,"f2",0.426386694845043
1.25,984,"h",1.29836654336348
1.25,985,"f1",0.53042202426195
1.25,985,"f2",0.362292357864494
1.25,985,"h",1.18613535989872
1.25,986,"f1",0.675601475399397
1.25,986,"f2",0.440165060006679
1.25,986,"h",1.25695284110809
1.25,987,"f1",0.618721822839782
1.25,987,"f2",0.413042402509138
1.25,987,"h",1.48492241187358
1.25,988,"f1",0.714251868609357
1.25,988,"f2",0.425193842070964
1.25,988,"h",1.23192085141409
1.25,989,"f1",0.429083739813672
1.25,989,"f2",0.397733585641491
1.25,989,"h",1.31640629179777
1.25,990,"f1",0.516441545382158
1.25,990,"f2",0.44320905192627
1.25,990,"h",1.22376608020711
1.25,991,"f1",0.570652063740433
1.25,991,"f2",0.417550729297437
1.25,991,"h",1.34430043235121
1.25,992,"f1",0.599046699256917
1.25,992,"f2",0.434178581532071
1.25,992,"h",1.4547244395309
1.25,993,"f1",0.714646587837408
1.25,993,"f2",0.401841878778017
1.25,993,"h",1.24146152050289
1.25,994,"f1",0.475916011450988
1.25,994,"f2",0.377225555750538
1.25,994,"h",1.22545312040454
1.25,995,"f1",0.565075881553331
1.25,995,"f2",0.370796064127729
1.25,995,"h",1.19276995457939
1.25,996,"f1",0.722407395693509
1.25,996,"f2",0.389953586790001
1.25,996,"h",1.28613530669769
1.25,997,"f1",0.586987632741191
1.25,997,"f2",0.342050475613849
1.25,997,"h",1.28002676816356
1.25,998,"f1",0.461187217406985
1.25,998,"f2",0.394809539522609
1.25,998,"h",1.69124335688409
1.25,999,"f1",0.551212442224851
1.25,999,"f2",0.405047471647589
1.25,999,"h",1.21327649752566
1.25,1000,"f1",0.668593082963235
1.25,1000,"f2",0.465619516292163
1.25,1000,"h",1.21221791050329
