"delta","replication","kendall_statistic","kendall_p_value","tau_star_statistic","tau_star_p_value","kendall_reject","tau_star_reject"
0,1,0.0706346954871603,0.167664670658683,0.0482914572864322,0.225548902195609,FALSE,FALSE
0,2,-0.126121722092949,0.0439121756487026,-0.0728140703517588,0.0119760479041916,TRUE,TRUE
0,3,0.0330476873666729,0.536926147704591,0.0198492462311558,0.540918163672655,FALSE,FALSE
0,4,-0.306472125545326,0.00199600798403194,-0.209346733668342,0.00199600798403194,TRUE,TRUE
0,5,-0.13953218738948,0.00798403193612774,-0.108140703517588,0.0259481037924152,TRUE,TRUE
0,6,0.0445366729656795,0.42315369261477,0.031356783919598,0.373253493013972,FALSE,FALSE
0,7,0.156356246875056,0.00598802395209581,0.119447236180905,0.00598802395209581,TRUE,TRUE
0,8,-0.0431517614860554,0.421157684630739,-0.0337688442211055,0.437125748502994,FALSE,FALSE
0,9,0.172903413365148,0.00798403193612774,0.0960804020100502,0.00199600798403194,TRUE,TRUE
0,10,-0.0355624199516941,0.590818363273453,-0.0190452261306533,0.522954091816367,FALSE,FALSE
0,11,0.121637101743,0.0199600798403194,0.0926130653266332,0.0279441117764471,TRUE,TRUE
0,12,-0.000925105686548932,0.988023952095808,-0.000502512562814069,0.994011976047904,FALSE,FALSE
0,13,-0.0461895728212278,0.437125748502994,-0.03,0.383233532934132,FALSE,FALSE
0,14,0.0735237577761625,0.191616766467066,0.050251256281407,0.215568862275449,FALSE,FALSE
0,15,0.0291768845866532,0.622754491017964,0.021105527638191,0.578842315369261,FALSE,FALSE
0,16,0.0913600833865779,0.0978043912175649,0.0583417085427136,0.129740518962076,FALSE,FALSE
0,17,0.0258100365431165,0.614770459081836,0.0162814070351759,0.644710578842315,FALSE,FALSE
0,18,-0.0871178485943389,0.111776447105788,-0.0669849246231156,0.101796407185629,FALSE,FALSE
0,19,-0.153806770668216,0.00399201596806387,-0.108090452261307,0.00798403193612774,TRUE,TRUE
0,20,0.0599913343230334,0.333333333333333,0.031608040201005,0.303393213572854,FALSE,FALSE
0,21,0.00634569976225165,0.914171656686627,0.00522613065326633,0.900199600798403,FALSE,FALSE
0,22,0.0719741456290315,0.187624750499002,0.0441708542713568,0.213572854291417,FALSE,FALSE
0,23,-0.0629869709500068,0.303393213572854,-0.0360804020100502,0.255489021956088,FALSE,FALSE
0,24,-0.0287309120506899,0.616766467065868,-0.0232663316582915,0.57684630738523,FALSE,FALSE
0,25,-0.00563473162223444,0.906187624750499,-0.00326633165829146,0.934131736526946,FALSE,FALSE
0,26,0.155221649791015,0.00399201596806387,0.110502512562814,0.00399201596806387,TRUE,TRUE
0,27,-0.129145688017931,0.0379241516966068,-0.082713567839196,0.0239520958083832,TRUE,TRUE
0,28,0.00428837119646292,0.952095808383233,0.00321608040201005,0.954091816367265,FALSE,FALSE
0,29,-0.162921047876336,0.00199600798403194,-0.115477386934673,0.00199600798403194,TRUE,TRUE
0,30,-0.0425450455398365,0.413173652694611,-0.0258793969849246,0.447105788423154,FALSE,FALSE
0,31,0.244511758414556,0.00199600798403194,0.184572864321608,0.00199600798403194,TRUE,TRUE
0,32,0.0682147471919213,0.199600798403194,0.0579396984924623,0.201596806387226,FALSE,FALSE
0,33,-0.112018749927368,0.0439121756487026,-0.0660804020100502,0.0459081836327345,TRUE,TRUE
0,34,0.0194529135187068,0.768463073852295,0.0101005025125628,0.710578842315369,FALSE,FALSE
0,35,0.00481317326786066,0.916167664670659,0.00326633165829146,0.932135728542914,FALSE,FALSE
0,36,-0.180544397345531,0.00399201596806387,-0.0922110552763819,0.00399201596806387,TRUE,TRUE
0,37,0.099399784653655,0.0698602794411178,0.0539698492462312,0.0558882235528942,FALSE,FALSE
0,38,-0.0394374487749134,0.419161676646707,-0.0318090452261307,0.441117764471058,FALSE,FALSE
0,39,-0.101426798622586,0.0698602794411178,-0.0723618090452261,0.063872255489022,FALSE,FALSE
0,40,-0.0621861136944299,0.255489021956088,-0.0418090452261307,0.267465069860279,FALSE,FALSE
0,41,0.0535495923047762,0.335329341317365,0.0398492462311558,0.285429141716567,FALSE,FALSE
0,42,0.114001125810796,0.029940119760479,0.0841206030150754,0.0339321357285429,TRUE,TRUE
0,43,-0.0492450588388421,0.359281437125749,-0.0274874371859297,0.403193612774451,FALSE,FALSE
0,44,-0.0523794426112924,0.367265469061876,-0.0275879396984925,0.353293413173653,FALSE,FALSE
0,45,-0.00313458652776568,0.946107784431138,-0.00185929648241206,0.966067864271457,FALSE,FALSE
0,46,-0.0282724610371098,0.590818363273453,-0.0207537688442211,0.564870259481038,FALSE,FALSE
0,47,-0.0776094000888069,0.135728542914172,-0.0603015075376884,0.147704590818363,FALSE,FALSE
0,48,-0.127856187231842,0.0239520958083832,-0.0882412060301507,0.0399201596806387,TRUE,TRUE
0,49,0.0486623984226821,0.375249500998004,0.0340201005025126,0.317365269461078,FALSE,FALSE
0,50,-0.0612816287238704,0.303393213572854,-0.025427135678392,0.271457085828343,FALSE,FALSE
0,51,-0.053655138082755,0.373253493013972,-0.0182914572864322,0.363273453093812,FALSE,FALSE
0,52,0.200887503401054,0.00199600798403194,0.157638190954774,0.00199600798403194,TRUE,TRUE
0,53,-0.143256573725483,0.00598802395209581,-0.119246231155779,0.00598802395209581,TRUE,TRUE
0,54,-0.0247116839253617,0.604790419161677,-0.0184924623115578,0.656686626746507,FALSE,FALSE
0,55,-0.0623867631757871,0.243512974051896,-0.041608040201005,0.263473053892216,FALSE,FALSE
0,56,-0.221741714222854,0.00199600798403194,-0.170854271356784,0.00199600798403194,TRUE,TRUE
0,57,0.0909170618334916,0.093812375249501,0.0557788944723618,0.103792415169661,FALSE,FALSE
0,58,0.0864398122895607,0.135728542914172,0.0487939698492462,0.12375249500998,FALSE,FALSE
0,59,-0.143930169500606,0.0139720558882236,-0.0922110552763819,0.0139720558882236,TRUE,TRUE
0,60,-0.205914260488854,0.00199600798403194,-0.139447236180905,0.00199600798403194,TRUE,TRUE
0,61,-0.0980472780747894,0.0758483033932136,-0.0594974874371859,0.0658682634730539,FALSE,FALSE
0,62,0.0553805713222399,0.321357285429142,0.0406030150753769,0.347305389221557,FALSE,FALSE
0,63,0.176364882697691,0.00598802395209581,0.100904522613065,0.00598802395209581,TRUE,TRUE
0,64,0.273600140891601,0.00199600798403194,0.201407035175879,0.00199600798403194,TRUE,TRUE
0,65,0.0779369029473087,0.161676646706587,0.0384422110552764,0.161676646706587,FALSE,FALSE
0,66,-0.176630134818252,0.00199600798403194,-0.13572864321608,0.00199600798403194,TRUE,TRUE
0,67,-0.023269822078535,0.646706586826347,-0.018391959798995,0.650698602794411,FALSE,FALSE
0,68,-0.0987528134364057,0.0798403193612774,-0.0592964824120603,0.063872255489022,FALSE,FALSE
0,69,-0.00133999628017549,0.976047904191617,-0.000904522613065324,0.984031936127745,FALSE,FALSE
0,70,0.204886108831479,0.00199600798403194,0.130804020100503,0.00199600798403194,TRUE,TRUE
0,71,0.0729482948019042,0.197604790419162,0.0394472361809045,0.181636726546906,FALSE,FALSE
0,72,-0.0449278639332026,0.429141716566866,-0.0269849246231156,0.44311377245509,FALSE,FALSE
0,73,-0.173897622125738,0.00598802395209581,-0.0887939698492462,0.00199600798403194,TRUE,TRUE
0,74,0.0212473963110663,0.714570858283433,0.0134170854271357,0.692614770459082,FALSE,FALSE
0,75,-0.00899292190352975,0.862275449101796,-0.00638190954773869,0.87624750499002,FALSE,FALSE
0,76,0.0137275394524351,0.820359281437126,0.00899497487437186,0.788423153692615,FALSE,FALSE
0,77,-0.141618536579823,0.00998003992015968,-0.104824120603015,0.00798403193612774,TRUE,TRUE
0,78,-0.000523483594090736,0.996007984031936,-0.000452261306532663,0.99001996007984,FALSE,FALSE
0,79,-0.0424554831151119,0.451097804391218,-0.0213065326633166,0.441117764471058,FALSE,FALSE
0,80,0.0351261734368807,0.526946107784431,0.0246733668341709,0.550898203592814,FALSE,FALSE
0,81,-0.073968305750725,0.165668662674651,-0.0612060301507538,0.137724550898204,FALSE,FALSE
0,82,-0.106974751137029,0.0459081836327345,-0.0694974874371859,0.0578842315369262,TRUE,FALSE
0,83,0.00863464072334189,0.87624750499002,0.00633165829145728,0.852295409181637,FALSE,FALSE
0,84,0.255087042563909,0.00199600798403194,0.18713567839196,0.00199600798403194,TRUE,TRUE
0,85,0.0717087824842471,0.18562874251497,0.0465829145728643,0.189620758483034,FALSE,FALSE
0,86,0.143199885927539,0.0119760479041916,0.0975376884422111,0.00998003992015968,TRUE,TRUE
0,87,-0.0661616033041594,0.227544910179641,-0.0418090452261307,0.227544910179641,FALSE,FALSE
0,88,0.076027152045945,0.17564870259481,0.0407035175879397,0.17564870259481,FALSE,FALSE
0,89,-0.0236957076617301,0.672654690618762,-0.0151758793969849,0.650698602794411,FALSE,FALSE
0,90,0.0219725820624219,0.70059880239521,0.0143718592964824,0.720558882235529,FALSE,FALSE
0,91,0.103652725243905,0.0558882235528942,0.07,0.0518962075848303,FALSE,FALSE
0,92,-0.0648129174692814,0.259481037924152,-0.0371356783919598,0.249500998003992,FALSE,FALSE
0,93,-0.136540512585739,0.0139720558882236,-0.0996984924623115,0.0159680638722555,TRUE,TRUE
0,94,0.0202114712010285,0.708582834331337,0.0117085427135678,0.736526946107784,FALSE,FALSE
0,95,-0.0755470156437579,0.153692614770459,-0.0520603015075377,0.155688622754491,FALSE,FALSE
0,96,-0.117369552500255,0.0259481037924152,-0.0663316582914573,0.0359281437125748,TRUE,TRUE
0,97,-0.253050260478979,0.00199600798403194,-0.156683417085427,0.00199600798403194,TRUE,TRUE
0,98,0.090203219252423,0.11377245508982,0.0489949748743719,0.0918163672654691,FALSE,FALSE
0,99,0.0392990830950459,0.483033932135729,0.0230653266331658,0.497005988023952,FALSE,FALSE
0,100,-0.0829552102455503,0.131736526946108,-0.0597989949748744,0.12375249500998,FALSE,FALSE
0,101,-0.0158907561952533,0.778443113772455,-0.0106532663316583,0.756487025948104,FALSE,FALSE
0,102,-0.00680314044398756,0.914171656686627,-0.00487437185929648,0.916167664670659,FALSE,FALSE
0,103,0.012499858221466,0.87624750499002,0.00894472361809045,0.826347305389222,FALSE,FALSE
0,104,-0.0435136555023004,0.447105788423154,-0.027035175879397,0.427145708582834,FALSE,FALSE
0,105,-0.0264767428981339,0.604790419161677,-0.021356783919598,0.596806387225549,FALSE,FALSE
0,106,-0.0849624408961678,0.12375249500998,-0.0491457286432161,0.131736526946108,FALSE,FALSE
0,107,0.108032884685201,0.0339321357285429,0.0898492462311558,0.0359281437125748,TRUE,TRUE
0,108,-0.102580384304084,0.0499001996007984,-0.0696482412060302,0.0538922155688623,TRUE,FALSE
0,109,0.0463738262418004,0.429141716566866,0.0244221105527638,0.411177644710579,FALSE,FALSE
0,110,0.0793349262142324,0.12375249500998,0.057286432160804,0.135728542914172,FALSE,FALSE
0,111,-0.00413217474152755,0.94810379241517,-0.00236180904522613,0.940119760479042,FALSE,FALSE
0,112,0.0539038486467139,0.345309381237525,0.0235175879396985,0.347305389221557,FALSE,FALSE
0,113,0.107055177946762,0.0499001996007984,0.0455778894472362,0.0538922155688623,TRUE,FALSE
0,114,0.0633310292656228,0.245508982035928,0.0276381909547739,0.315369261477046,FALSE,FALSE
0,115,0.0714654570318184,0.177644710578842,0.0475376884422111,0.19560878243513,FALSE,FALSE
0,116,0.0887918133914463,0.0838323353293413,0.0681909547738693,0.093812375249501,FALSE,FALSE
0,117,-0.210962109346263,0.00199600798403194,-0.145879396984925,0.00199600798403194,TRUE,TRUE
0,118,-0.0343660795002366,0.526946107784431,-0.0292462311557789,0.502994011976048,FALSE,FALSE
0,119,0.152836706174612,0.00199600798403194,0.0947738693467337,0.00199600798403194,TRUE,TRUE
0,120,-0.0237119054373012,0.704590818363273,-0.0142211055276382,0.622754491017964,FALSE,FALSE
0,121,0.142289915359055,0.0179640718562874,0.0919597989949749,0.0119760479041916,TRUE,TRUE
0,122,-0.079453664222897,0.143712574850299,-0.062713567839196,0.161676646706587,FALSE,FALSE
0,123,0.0446668054691381,0.427145708582834,0.0291959798994975,0.407185628742515,FALSE,FALSE
0,124,-0.13336029878078,0.0159680638722555,-0.0634170854271357,0.0219560878243513,TRUE,TRUE
0,125,-0.151075028652909,0.00598802395209581,-0.0993467336683417,0.0139720558882236,TRUE,TRUE
0,126,-0.0526956655528477,0.285429141716567,-0.0354773869346734,0.343313373253493,FALSE,FALSE
0,127,-0.213300848921157,0.00199600798403194,-0.178241206030151,0.00199600798403194,TRUE,TRUE
0,128,0.0465556120270308,0.415169660678643,0.0332663316582915,0.42315369261477,FALSE,FALSE
0,129,0.182578316787318,0.00199600798403194,0.0850753768844221,0.00598802395209581,TRUE,TRUE
0,130,-0.133670474659149,0.0139720558882236,-0.0947236180904523,0.0179640718562874,TRUE,TRUE
0,131,0.166343459511603,0.00598802395209581,0.0740201005025126,0.00598802395209581,TRUE,TRUE
0,132,-0.193857820013436,0.00399201596806387,-0.102211055276382,0.00199600798403194,TRUE,TRUE
0,133,0.033272221678255,0.560878243512974,0.0215577889447236,0.548902195608782,FALSE,FALSE
0,134,-0.0939522753171496,0.0998003992015968,-0.0494472361809045,0.0998003992015968,FALSE,FALSE
0,135,-0.0747375525961074,0.173652694610778,-0.0521608040201005,0.163672654690619,FALSE,FALSE
0,136,0.0947541524036588,0.063872255489022,0.0772361809045226,0.0738522954091816,FALSE,FALSE
0,137,-0.108244298091021,0.0578842315369262,-0.0569849246231156,0.0598802395209581,FALSE,FALSE
0,138,0.0115440453411027,0.844311377245509,0.00959798994974874,0.81437125748503,FALSE,FALSE
0,139,-0.162699255886196,0.00199600798403194,-0.0968341708542714,0.00399201596806387,TRUE,TRUE
0,140,0.0739548135438881,0.203592814371257,0.0377386934673367,0.211576846307385,FALSE,FALSE
0,141,-0.0704476225411328,0.213572854291417,-0.0546733668341709,0.201596806387226,FALSE,FALSE
0,142,0.0433303204691142,0.469061876247505,0.0273869346733668,0.455089820359281,FALSE,FALSE
0,143,-0.0295843107296537,0.56686626746507,-0.01678391959799,0.586826347305389,FALSE,FALSE
0,144,-0.142307540824854,0.00798403193612774,-0.0834170854271357,0.00598802395209581,TRUE,TRUE
0,145,-0.174288103720276,0.00399201596806387,-0.137989949748744,0.00199600798403194,TRUE,TRUE
0,146,0.00826727458770583,0.880239520958084,0.00557788944723618,0.870259481037924,FALSE,FALSE
0,147,-0.0240091005152811,0.674650698602794,-0.0155778894472362,0.69061876247505,FALSE,FALSE
0,148,0.0397921004996365,0.479041916167665,0.021608040201005,0.471057884231537,FALSE,FALSE
0,149,-0.141886729192431,0.00598802395209581,-0.0977386934673367,0.00798403193612774,TRUE,TRUE
0,150,-0.122187251770624,0.029940119760479,-0.0868341708542714,0.0199600798403194,TRUE,TRUE
0,151,-0.0183076750970536,0.704590818363273,-0.012713567839196,0.720558882235529,FALSE,FALSE
0,152,-0.0569278186391256,0.29940119760479,-0.0403015075376884,0.285429141716567,FALSE,FALSE
0,153,-0.0890767086537598,0.111776447105788,-0.0548743718592965,0.121756487025948,FALSE,FALSE
0,154,0.0210606084869709,0.726546906187625,0.017286432160804,0.688622754491018,FALSE,FALSE
0,155,-0.0444640139796648,0.413173652694611,-0.0368341708542714,0.397205588822355,FALSE,FALSE
0,156,-0.135107406047174,0.0139720558882236,-0.0797989949748744,0.0139720558882236,TRUE,TRUE
0,157,-0.0881917238557674,0.117764471057884,-0.0333165829145729,0.127744510978044,FALSE,FALSE
0,158,-0.0506446294101546,0.335329341317365,-0.0417587939698492,0.337325349301397,FALSE,FALSE
0,159,0.0380609358727021,0.508982035928144,0.0274874371859296,0.469061876247505,FALSE,FALSE
0,160,-0.00229387539442331,0.958083832335329,-0.00170854271356783,0.976047904191617,FALSE,FALSE
0,161,0.0130540840337567,0.774451097804391,0.00889447236180905,0.848303393213573,FALSE,FALSE
0,162,-0.20932397493522,0.00199600798403194,-0.101457286432161,0.00199600798403194,TRUE,TRUE
0,163,-0.0770372560330105,0.18562874251497,-0.0406030150753769,0.163672654690619,FALSE,FALSE
0,164,0.074289355868907,0.183632734530938,0.052713567839196,0.163672654690619,FALSE,FALSE
0,165,0.0949084440811852,0.105788423153693,0.0569849246231156,0.0678642714570858,FALSE,FALSE
0,166,-0.0203667812753173,0.744510978043912,-0.00909547738693467,0.712574850299401,FALSE,FALSE
0,167,0.0410540710091836,0.459081836327345,0.0293467336683417,0.475049900199601,FALSE,FALSE
0,168,-0.0323663010131565,0.544910179640719,-0.022713567839196,0.550898203592814,FALSE,FALSE
0,169,-0.0254214368956701,0.664670658682635,-0.0162814070351759,0.658682634730539,FALSE,FALSE
0,170,-0.109662503434289,0.0399201596806387,-0.0884924623115578,0.029940119760479,TRUE,TRUE
0,171,-0.0845059613790881,0.115768463073852,-0.0594974874371859,0.135728542914172,FALSE,FALSE
0,172,0.172984388490943,0.00399201596806387,0.0912060301507538,0.00598802395209581,TRUE,TRUE
0,173,-0.101468215801036,0.0558882235528942,-0.0887939698492462,0.0598802395209581,FALSE,FALSE
0,174,0.0807970526302562,0.143712574850299,0.0425628140703518,0.179640718562874,FALSE,FALSE
0,175,0.197575701435814,0.00199600798403194,0.122663316582915,0.00199600798403194,TRUE,TRUE
0,176,0.131965679221537,0.0159680638722555,0.0807035175879397,0.0119760479041916,TRUE,TRUE
0,177,-0.0134597221964047,0.808383233532934,-0.0104020100502513,0.800399201596806,FALSE,FALSE
0,178,-0.0204023162571932,0.712574850299401,-0.0130150753768844,0.710578842315369,FALSE,FALSE
0,179,0.123116997134769,0.0239520958083832,0.0951758793969849,0.0279441117764471,TRUE,TRUE
0,180,0.0446529364499438,0.409181636726547,0.0314572864321608,0.413173652694611,FALSE,FALSE
0,181,-0.0589982926615412,0.313373253493014,-0.0305527638190955,0.297405189620758,FALSE,FALSE
0,182,-0.0305914507604396,0.592814371257485,-0.0198492462311558,0.57684630738523,FALSE,FALSE
0,183,0.0416856098128376,0.471057884231537,0.027286432160804,0.457085828343313,FALSE,FALSE
0,184,0.00220238674239339,0.966067864271457,0.00100502512562814,0.972055888223553,FALSE,FALSE
0,185,0.0237504900707196,0.658682634730539,0.014572864321608,0.668662674650699,FALSE,FALSE
0,186,-0.029551269302137,0.560878243512974,-0.0234673366834171,0.578842315369261,FALSE,FALSE
0,187,-0.0385326376420041,0.518962075848303,-0.0260804020100503,0.493013972055888,FALSE,FALSE
0,188,-0.127926008187631,0.0139720558882236,-0.0991457286432161,0.0119760479041916,TRUE,TRUE
0,189,-0.0190718854219178,0.738522954091816,-0.0121608040201005,0.706586826347305,FALSE,FALSE
0,190,-0.0234282947020386,0.650698602794411,-0.014070351758794,0.63872255489022,FALSE,FALSE
0,191,0.0364706997367979,0.512974051896208,0.0179899497487437,0.526946107784431,FALSE,FALSE
0,192,0.105078129441666,0.0459081836327345,0.0795979899497487,0.0479041916167665,TRUE,TRUE
0,193,0.1656831456357,0.00598802395209581,0.113266331658291,0.00199600798403194,TRUE,TRUE
0,194,0.047947011283815,0.367265469061876,0.0358291457286432,0.387225548902196,FALSE,FALSE
0,195,0.00796821221760347,0.874251497005988,0.0057286432160804,0.896207584830339,FALSE,FALSE
0,196,0.0908194644940226,0.115768463073852,0.0356281407035176,0.109780439121756,FALSE,FALSE
0,197,-0.202027076854756,0.00199600798403194,-0.150150753768844,0.00199600798403194,TRUE,TRUE
0,198,-0.00852834947809564,0.882235528942116,-0.00703517587939699,0.88622754491018,FALSE,FALSE
0,199,0.0994336016071175,0.063872255489022,0.0609045226130653,0.0698602794411178,FALSE,FALSE
0,200,0.12486881009122,0.0279441117764471,0.0847236180904523,0.0259481037924152,TRUE,TRUE
0,201,0.0644977891075234,0.24750499001996,0.0354773869346734,0.2375249500998,FALSE,FALSE
0,202,0.146030819791811,0.0119760479041916,0.111758793969849,0.00598802395209581,TRUE,TRUE
0,203,0.163248372300087,0.00798403193612774,0.103517587939698,0.00998003992015968,TRUE,TRUE
0,204,0.0573467833511854,0.305389221556886,0.0394974874371859,0.301397205588822,FALSE,FALSE
0,205,-0.0335554126959544,0.520958083832335,-0.0242211055276382,0.530938123752495,FALSE,FALSE
0,206,0.0181448083515698,0.754491017964072,0.0120100502512563,0.728542914171657,FALSE,FALSE
0,207,-0.0176054956364884,0.758483033932136,-0.00969849246231156,0.770459081836327,FALSE,FALSE
0,208,0.109486981948549,0.0459081836327345,0.0815075376884422,0.0359281437125748,TRUE,TRUE
0,209,0.00317509735209489,0.958083832335329,0.00231155778894472,0.964071856287425,FALSE,FALSE
0,210,0.0978478779851921,0.0918163672654691,0.0641708542713568,0.101796407185629,FALSE,FALSE
0,211,-0.126267397252113,0.0239520958083832,-0.0758291457286432,0.0259481037924152,TRUE,TRUE
0,212,0.0675555336379534,0.227544910179641,0.042964824120603,0.245508982035928,FALSE,FALSE
0,213,-0.0868534938185859,0.109780439121756,-0.0508040201005025,0.129740518962076,FALSE,FALSE
0,214,-0.122515550288832,0.0279441117764471,-0.0702010050251256,0.031936127744511,TRUE,TRUE
0,215,0.0888506233082316,0.093812375249501,0.0634673366834171,0.103792415169661,FALSE,FALSE
0,216,-0.0972706214097528,0.0738522954091816,-0.0549246231155779,0.0898203592814371,FALSE,FALSE
0,217,-0.0691000355197289,0.167664670658683,-0.0510552763819095,0.177644710578842,FALSE,FALSE
0,218,0.123319024177196,0.031936127744511,0.0747236180904523,0.029940119760479,TRUE,TRUE
0,219,-0.00226389799046648,0.958083832335329,-0.00135678391959799,0.960079840319361,FALSE,FALSE
0,220,0.0572702353876081,0.305389221556886,0.0435678391959799,0.297405189620758,FALSE,FALSE
0,221,-0.0268605663972871,0.588822355289421,-0.0202010050251256,0.602794411177645,FALSE,FALSE
0,222,-0.0306108903683538,0.580838323353293,-0.0196984924623116,0.570858283433134,FALSE,FALSE
0,223,0.146302769006774,0.00798403193612774,0.0915577889447236,0.00598802395209581,TRUE,TRUE
0,224,-0.0822898067089825,0.109780439121756,-0.0618592964824121,0.155688622754491,FALSE,FALSE
0,225,-0.0615125018484081,0.259481037924152,-0.0466834170854271,0.2375249500998,FALSE,FALSE
0,226,-0.0401568737198977,0.469061876247505,-0.0280904522613065,0.441117764471058,FALSE,FALSE
0,227,0.100088186576592,0.0818363273453094,0.0665829145728643,0.0838323353293413,FALSE,FALSE
0,228,-0.0106071729405165,0.860279441117764,-0.00718592964824121,0.862275449101796,FALSE,FALSE
0,229,-0.171899730134085,0.00199600798403194,-0.110753768844221,0.00199600798403194,TRUE,TRUE
0,230,-0.148495331212231,0.00598802395209581,-0.11427135678392,0.00598802395209581,TRUE,TRUE
0,231,0.121018597474286,0.0139720558882236,0.0957788944723618,0.0239520958083832,TRUE,TRUE
0,232,-0.0717248947735357,0.203592814371257,-0.0474874371859296,0.221556886227545,FALSE,FALSE
0,233,-0.0679931770715005,0.215568862275449,-0.0329145728643216,0.241516966067864,FALSE,FALSE
0,234,0.0330862033386147,0.524950099800399,0.0247738693467337,0.538922155688623,FALSE,FALSE
0,235,0.0857068112742803,0.12375249500998,0.0634170854271357,0.12375249500998,FALSE,FALSE
0,236,0.0490537330140358,0.389221556886228,0.0422613065326633,0.327345309381238,FALSE,FALSE
0,237,0.0619793683075399,0.245508982035928,0.050251256281407,0.253493013972056,FALSE,FALSE
0,238,-0.0104348249266068,0.848303393213573,-0.00341708542713568,0.848303393213573,FALSE,FALSE
0,239,0.129440521566014,0.0139720558882236,0.0741708542713568,0.0359281437125748,TRUE,TRUE
0,240,-0.016239236776004,0.766467065868264,-0.0135175879396985,0.772455089820359,FALSE,FALSE
0,241,0.0127061743502524,0.80439121756487,0.00638190954773869,0.834331337325349,FALSE,FALSE
0,242,0.137363319610804,0.00998003992015968,0.108190954773869,0.00598802395209581,TRUE,TRUE
0,243,0.165726130149079,0.00199600798403194,0.108743718592965,0.00399201596806387,TRUE,TRUE
0,244,-0.0914381210231926,0.12375249500998,-0.0358793969849246,0.117764471057884,FALSE,FALSE
0,245,-0.0728259806983054,0.169660678642715,-0.0546733668341709,0.149700598802395,FALSE,FALSE
0,246,-0.0725102338837505,0.199600798403194,-0.0382412060301508,0.203592814371257,FALSE,FALSE
0,247,0.0621973248128379,0.283433133732535,0.0337688442211055,0.255489021956088,FALSE,FALSE
0,248,0.094463865358285,0.0778443113772455,0.0618090452261307,0.0778443113772455,FALSE,FALSE
0,249,0.0572757328175183,0.293413173652695,0.0412562814070352,0.24750499001996,FALSE,FALSE
0,250,0.136985431101412,0.0139720558882236,0.0982914572864322,0.0159680638722555,TRUE,TRUE
0,251,0.105352814855001,0.0598802395209581,0.0688442211055276,0.0538922155688623,FALSE,FALSE
0,252,0.128204070578474,0.0139720558882236,0.101407035175879,0.0159680638722555,TRUE,TRUE
0,253,0.123767735716695,0.0219560878243513,0.0875879396984925,0.0199600798403194,TRUE,TRUE
0,254,0.00405434723788036,0.94810379241517,0.00321608040201005,0.946107784431138,FALSE,FALSE
0,255,-0.132852424554144,0.00998003992015968,-0.11608040201005,0.0159680638722555,TRUE,TRUE
0,256,-0.0685187060918508,0.24750499001996,-0.0424623115577889,0.205588822355289,FALSE,FALSE
0,257,0.168337533056445,0.00399201596806387,0.130502512562814,0.00399201596806387,TRUE,TRUE
0,258,0.0319190900080588,0.616766467065868,0.0104522613065327,0.558882235528942,FALSE,FALSE
0,259,-0.0534523462128479,0.303393213572854,-0.0381909547738693,0.293413173652695,FALSE,FALSE
0,260,-0.0201769833684171,0.720558882235529,-0.0151758793969849,0.67065868263473,FALSE,FALSE
0,261,0.0258225255973295,0.592814371257485,0.0172361809045226,0.666666666666667,FALSE,FALSE
0,262,0.0554579857058547,0.339321357285429,0.0392462311557789,0.287425149700599,FALSE,FALSE
0,263,0.165844402779409,0.00199600798403194,0.121658291457286,0.00598802395209581,TRUE,TRUE
0,264,0.0288047621646236,0.614770459081836,0.0166834170854271,0.584830339321357,FALSE,FALSE
0,265,0.124473264891823,0.0379241516966068,0.101909547738693,0.0279441117764471,TRUE,TRUE
0,266,0.15601414824291,0.00798403193612774,0.115527638190955,0.00598802395209581,TRUE,TRUE
0,267,0.0151669667184113,0.766467065868264,0.00879396984924623,0.784431137724551,FALSE,FALSE
0,268,-0.0215816006552442,0.688622754491018,-0.0135175879396985,0.710578842315369,FALSE,FALSE
0,269,0.0401874631629785,0.526946107784431,0.0208542713567839,0.493013972055888,FALSE,FALSE
0,270,-0.0585981571820425,0.269461077844311,-0.0441708542713568,0.287425149700599,FALSE,FALSE
0,271,-0.0364776766894374,0.516966067864271,-0.028391959798995,0.506986027944112,FALSE,FALSE
0,272,-0.0664658923024587,0.245508982035928,-0.0415577889447236,0.19560878243513,FALSE,FALSE
0,273,0.0171266781862438,0.760479041916168,0.0128643216080402,0.780439121756487,FALSE,FALSE
0,274,-0.0383034919967145,0.508982035928144,-0.0287939698492462,0.489021956087824,FALSE,FALSE
0,275,-0.042218587600043,0.425149700598802,-0.0356281407035176,0.409181636726547,FALSE,FALSE
0,276,0.0449371269559302,0.369261477045908,0.0337185929648241,0.43313373253493,FALSE,FALSE
0,277,-0.260221105879777,0.00199600798403194,-0.229949748743719,0.00199600798403194,TRUE,TRUE
0,278,-0.036333793609944,0.536926147704591,-0.0169346733668342,0.491017964071856,FALSE,FALSE
0,279,0.0548199286557846,0.321357285429142,0.0339698492462312,0.30938123752495,FALSE,FALSE
0,280,0.217506710023994,0.00199600798403194,0.151859296482412,0.00199600798403194,TRUE,TRUE
0,281,0.144973869320403,0.00798403193612774,0.104020100502513,0.00399201596806387,TRUE,TRUE
0,282,0.187780278947894,0.00399201596806387,0.130251256281407,0.00199600798403194,TRUE,TRUE
0,283,-0.0582422087969719,0.281437125748503,-0.0437185929648241,0.269461077844311,FALSE,FALSE
0,284,0.0153642509377686,0.790419161676647,0.0108040201005025,0.754491017964072,FALSE,FALSE
0,285,0.0738956591665733,0.18562874251497,0.0401005025125628,0.181636726546906,FALSE,FALSE
0,286,-0.101811898912458,0.029940119760479,-0.0798492462311558,0.0359281437125748,TRUE,TRUE
0,287,0.0467613576643455,0.363273453093812,0.0340201005025126,0.391217564870259,FALSE,FALSE
0,288,-0.141178082016971,0.00998003992015968,-0.0846231155778894,0.00598802395209581,TRUE,TRUE
0,289,0.143976825990175,0.0119760479041916,0.107688442211055,0.00798403193612774,TRUE,TRUE
0,290,0.0893294256328825,0.13373253493014,0.0638693467336683,0.0958083832335329,FALSE,FALSE
0,291,0.00541138539212919,0.918163672654691,0.00381909547738694,0.922155688622755,FALSE,FALSE
0,292,-0.11828338478615,0.0419161676646707,-0.068391959798995,0.0339321357285429,TRUE,TRUE
0,293,-0.0164448035477527,0.746506986027944,-0.0118090452261307,0.756487025948104,FALSE,FALSE
0,294,-0.0739122273012316,0.145708582834331,-0.0573869346733668,0.151696606786427,FALSE,FALSE
0,295,-0.138644367902643,0.00199600798403194,-0.0982914572864322,0.0199600798403194,TRUE,TRUE
0,296,-0.050882795287203,0.3812375249501,-0.0355276381909548,0.373253493013972,FALSE,FALSE
0,297,0.0106523273427139,0.860279441117764,0.0078391959798995,0.854291417165669,FALSE,FALSE
0,298,0.0677808201994384,0.213572854291417,0.0489949748743719,0.219560878243513,FALSE,FALSE
0,299,-0.0460493389649963,0.349301397205589,-0.037035175879397,0.387225548902196,FALSE,FALSE
0,300,0.169092145458068,0.00998003992015968,0.0917587939698492,0.00199600798403194,TRUE,TRUE
0,301,-0.17664952041545,0.00399201596806387,-0.125527638190955,0.00199600798403194,TRUE,TRUE
0,302,0.205455566424066,0.00199600798403194,0.12713567839196,0.00199600798403194,TRUE,TRUE
0,303,-0.0549447351700019,0.303393213572854,-0.040251256281407,0.325349301397206,FALSE,FALSE
0,304,-0.0903411365531324,0.109780439121756,-0.0421105527638191,0.143712574850299,FALSE,FALSE
0,305,0.178338151054098,0.00199600798403194,0.136331658291457,0.00199600798403194,TRUE,TRUE
0,306,0.00286463439926121,0.946107784431138,0.00180904522613065,0.968063872255489,FALSE,FALSE
0,307,0.0841822618149408,0.119760479041916,0.0613065326633166,0.13373253493014,FALSE,FALSE
0,308,-0.181029044216054,0.00199600798403194,-0.13643216080402,0.00199600798403194,TRUE,TRUE
0,309,-0.159095939962543,0.00598802395209581,-0.104170854271357,0.00399201596806387,TRUE,TRUE
0,310,-0.00280536642766406,0.966067864271457,-0.00190954773869347,0.988023952095808,FALSE,FALSE
0,311,0.204366359903223,0.00199600798403194,0.156180904522613,0.00199600798403194,TRUE,TRUE
0,312,-0.13844665396103,0.0119760479041916,-0.103366834170854,0.00798403193612774,TRUE,TRUE
0,313,-0.186084538273464,0.00199600798403194,-0.143718592964824,0.00199600798403194,TRUE,TRUE
0,314,-0.0281898591797157,0.642714570858283,-0.0196984924623116,0.596806387225549,FALSE,FALSE
0,315,0.0614061065125881,0.301397205588822,0.0354773869346734,0.273453093812375,FALSE,FALSE
0,316,-0.108679253875727,0.0698602794411178,-0.068643216080402,0.0419161676646707,FALSE,TRUE
0,317,0.13502644072716,0.0179640718562874,0.0921608040201005,0.0159680638722555,TRUE,TRUE
0,318,0.0362832781743055,0.48502994011976,0.0294974874371859,0.499001996007984,FALSE,FALSE
0,319,0.0750982505135156,0.191616766467066,0.0412562814070352,0.173652694610778,FALSE,FALSE
0,320,0.0293873097204641,0.606786427145709,0.0206532663316583,0.570858283433134,FALSE,FALSE
0,321,0.0630389462288862,0.277445109780439,0.041105527638191,0.271457085828343,FALSE,FALSE
0,322,-0.133299213799251,0.00998003992015968,-0.0974371859296482,0.0159680638722555,TRUE,TRUE
0,323,-0.0684592796730805,0.211576846307385,-0.0524120603015075,0.215568862275449,FALSE,FALSE
0,324,0.119368396840535,0.0379241516966068,0.0762311557788945,0.0339321357285429,TRUE,TRUE
0,325,-0.0846507964679996,0.115768463073852,-0.0571859296482412,0.131736526946108,FALSE,FALSE
0,326,-0.0830703941545635,0.135728542914172,-0.0636683417085427,0.143712574850299,FALSE,FALSE
0,327,0.0646243634201047,0.267465069860279,0.032964824120603,0.245508982035928,FALSE,FALSE
0,328,-0.000380209068915446,0.998003992015968,-0.000251256281407035,0.996007984031936,FALSE,FALSE
0,329,-0.0530051355805115,0.317365269461078,-0.034070351758794,0.343313373253493,FALSE,FALSE
0,330,-0.278091784475251,0.00199600798403194,-0.218693467336683,0.00199600798403194,TRUE,TRUE
0,331,-0.04051560106128,0.439121756487026,-0.0317587939698492,0.489021956087824,FALSE,FALSE
0,332,-0.111925683478824,0.06187624750499,-0.0707035175879397,0.0538922155688623,FALSE,FALSE
0,333,-0.0328774302582691,0.550898203592814,-0.0261306532663317,0.56686626746507,FALSE,FALSE
0,334,-0.0670717223645915,0.277445109780439,-0.0310552763819095,0.273453093812375,FALSE,FALSE
0,335,-0.0902774771993816,0.0918163672654691,-0.0617085427135678,0.0898203592814371,FALSE,FALSE
0,336,0.156318186757823,0.00598802395209581,0.101155778894472,0.00798403193612774,TRUE,TRUE
0,337,-0.106920258285139,0.0538922155688623,-0.0783417085427136,0.0339321357285429,FALSE,TRUE
0,338,-0.172753865363065,0.00199600798403194,-0.0880402010050251,0.00399201596806387,TRUE,TRUE
0,339,0.0430002394419824,0.457085828343313,0.0293969849246231,0.43313373253493,FALSE,FALSE
0,340,0.127425691847384,0.0239520958083832,0.0971356783919598,0.0259481037924152,TRUE,TRUE
0,341,-0.041506228796284,0.479041916167665,-0.0189447236180904,0.489021956087824,FALSE,FALSE
0,342,0.0896322694421709,0.0818363273453094,0.0675376884422111,0.0798403193612774,FALSE,FALSE
0,343,0.00642550636125259,0.884231536926148,0.00462311557788945,0.904191616766467,FALSE,FALSE
0,344,-0.192253014631114,0.00399201596806387,-0.138693467336683,0.00199600798403194,TRUE,TRUE
0,345,0.166711593014467,0.00598802395209581,0.0569346733668342,0.00199600798403194,TRUE,TRUE
0,346,0.0733912658232205,0.187624750499002,0.0558291457286432,0.167664670658683,FALSE,FALSE
0,347,0.017873060621074,0.734530938123752,0.0147236180904523,0.740518962075848,FALSE,FALSE
0,348,0.207307574714093,0.00199600798403194,0.143768844221106,0.00199600798403194,TRUE,TRUE
0,349,-0.045468971002466,0.389221556886228,-0.0350753768844221,0.363273453093812,FALSE,FALSE
0,350,-0.0480415065753634,0.393213572854291,-0.0281407035175879,0.411177644710579,FALSE,FALSE
0,351,-0.102490310499609,0.0538922155688623,-0.0402010050251256,0.0598802395209581,FALSE,FALSE
0,352,-0.0266819769933076,0.642714570858283,-0.018894472361809,0.642714570858283,FALSE,FALSE
0,353,-0.208532846175916,0.00199600798403194,-0.175226130653266,0.00199600798403194,TRUE,TRUE
0,354,0.0579082609387178,0.317365269461078,0.0213065326633166,0.307385229540918,FALSE,FALSE
0,355,0.129768940448965,0.00798403193612774,0.0884924623115578,0.0139720558882236,TRUE,TRUE
0,356,-0.0836656190832374,0.12375249500998,-0.0582914572864322,0.127744510978044,FALSE,FALSE
0,357,0.160068851447987,0.00598802395209581,0.111608040201005,0.00399201596806387,TRUE,TRUE
0,358,0.109166583874589,0.0479041916167665,0.0617587939698492,0.0538922155688623,TRUE,FALSE
0,359,-0.0659033735388847,0.207584830339321,-0.0475879396984925,0.225548902195609,FALSE,FALSE
0,360,-0.105507830569393,0.0459081836327345,-0.0737688442211055,0.0518962075848303,TRUE,FALSE
0,361,0.0733464494961459,0.17564870259481,0.0416582914572864,0.165668662674651,FALSE,FALSE
0,362,-0.0147023715809847,0.808383233532934,-0.00819095477386935,0.826347305389222,FALSE,FALSE
0,363,0.0515162996954659,0.351297405189621,0.0383417085427136,0.343313373253493,FALSE,FALSE
0,364,0.140085987331562,0.00598802395209581,0.120301507537688,0.0119760479041916,TRUE,TRUE
0,365,0.0499534576482358,0.383233532934132,0.0278894472361809,0.379241516966068,FALSE,FALSE
0,366,-0.090688802850424,0.111776447105788,-0.0572361809045226,0.103792415169661,FALSE,FALSE
0,367,-0.118893942083721,0.0339321357285429,-0.0784422110552764,0.029940119760479,TRUE,TRUE
0,368,-0.0122474682839365,0.82435129740519,-0.00743718592964824,0.806387225548902,FALSE,FALSE
0,369,0.239812197210901,0.00199600798403194,0.123969849246231,0.00199600798403194,TRUE,TRUE
0,370,-0.165907280279531,0.00399201596806387,-0.140251256281407,0.00199600798403194,TRUE,TRUE
0,371,0.0372086885922836,0.506986027944112,0.0215577889447236,0.491017964071856,FALSE,FALSE
0,372,-0.0438878935057556,0.407185628742515,-0.0341206030150754,0.401197604790419,FALSE,FALSE
0,373,0.0804986013991796,0.161676646706587,0.0351256281407035,0.137724550898204,FALSE,FALSE
0,374,-0.0181800345275028,0.70059880239521,-0.011608040201005,0.74251497005988,FALSE,FALSE
0,375,-0.0374956688412933,0.479041916167665,-0.0301507537688442,0.471057884231537,FALSE,FALSE
0,376,-0.0774754427572601,0.149700598802395,-0.0586934673366834,0.157684630738523,FALSE,FALSE
0,377,-0.0836704460417916,0.135728542914172,-0.0533668341708543,0.119760479041916,FALSE,FALSE
0,378,0.164348691932317,0.00798403193612774,0.0750251256281407,0.00199600798403194,TRUE,TRUE
0,379,-0.0801132122947281,0.137724550898204,-0.0491457286432161,0.173652694610778,FALSE,FALSE
0,380,-0.0882392753962017,0.11377245508982,-0.062713567839196,0.103792415169661,FALSE,FALSE
0,381,-0.0554198956246328,0.295409181636727,-0.0468844221105528,0.271457085828343,FALSE,FALSE
0,382,-0.0493768282790979,0.36127744510978,-0.0352261306532663,0.373253493013972,FALSE,FALSE
0,383,0.082959212181413,0.137724550898204,0.0478391959798995,0.129740518962076,FALSE,FALSE
0,384,0.134022494530633,0.0159680638722555,0.101608040201005,0.0159680638722555,TRUE,TRUE
0,385,0.00545845121630047,0.93812375249501,0.00296482412060301,0.902195608782435,FALSE,FALSE
0,386,0.109679489522791,0.0339321357285429,0.0969849246231156,0.0359281437125748,TRUE,TRUE
0,387,-0.0842627610828343,0.101796407185629,-0.0666834170854271,0.127744510978044,FALSE,FALSE
0,388,-0.0850967837592874,0.117764471057884,-0.0434673366834171,0.141716566866267,FALSE,FALSE
0,389,0.00668715079765006,0.898203592814371,0.0042713567839196,0.896207584830339,FALSE,FALSE
0,390,-0.125736325786551,0.0399201596806387,-0.0859798994974874,0.0239520958083832,TRUE,TRUE
0,391,0.00519125709082571,0.924151696606786,0.00221105527638191,0.93812375249501,FALSE,FALSE
0,392,-0.0336767513418501,0.564870259481038,-0.0187939698492462,0.50499001996008,FALSE,FALSE
0,393,-0.0398428694757092,0.457085828343313,-0.031608040201005,0.453093812375249,FALSE,FALSE
0,394,0.0640993186834672,0.249500998003992,0.0352763819095477,0.245508982035928,FALSE,FALSE
0,395,0.0578996477386743,0.301397205588822,0.0355276381909548,0.327345309381238,FALSE,FALSE
0,396,-0.0140825305375031,0.778443113772455,-0.0108542713567839,0.778443113772455,FALSE,FALSE
0,397,-0.0658534964741746,0.233532934131737,-0.0449748743718593,0.171656686626747,FALSE,FALSE
0,398,-0.0360497380539839,0.49500998003992,-0.0232160804020101,0.516966067864271,FALSE,FALSE
0,399,0.0854266160484188,0.135728542914172,0.0436180904522613,0.129740518962076,FALSE,FALSE
0,400,0.210589096636832,0.00199600798403194,0.16572864321608,0.00199600798403194,TRUE,TRUE
0,401,0.0379986175593737,0.489021956087824,0.0165829145728643,0.514970059880239,FALSE,FALSE
0,402,0.00814975470197739,0.872255489021956,0.00532663316582915,0.882235528942116,FALSE,FALSE
0,403,0.175158313784264,0.00399201596806387,0.114422110552764,0.00199600798403194,TRUE,TRUE
0,404,0.169304861914262,0.00199600798403194,0.0890452261306533,0.00598802395209581,TRUE,TRUE
0,405,0.0665744756195653,0.261477045908184,0.0253266331658291,0.233532934131737,FALSE,FALSE
0,406,-0.141448646425564,0.0139720558882236,-0.110150753768844,0.0119760479041916,TRUE,TRUE
0,407,-0.0168424756366071,0.790419161676647,-0.0104522613065327,0.80439121756487,FALSE,FALSE
0,408,-0.0413671451209277,0.475049900199601,-0.0200502512562814,0.471057884231537,FALSE,FALSE
0,409,0.309040894273021,0.00199600798403194,0.216030150753769,0.00199600798403194,TRUE,TRUE
0,410,0.020238833955051,0.750499001996008,0.0139195979899497,0.738522954091816,FALSE,FALSE
0,411,0.063320407153169,0.233532934131737,0.0538693467336683,0.239520958083832,FALSE,FALSE
0,412,-0.205724714034905,0.00199600798403194,-0.154874371859296,0.00199600798403194,TRUE,TRUE
0,413,-0.155299046387697,0.00798403193612774,-0.106130653266332,0.0199600798403194,TRUE,TRUE
0,414,0.010823936737042,0.800399201596806,0.00773869346733668,0.868263473053892,FALSE,FALSE
0,415,0.138016529529323,0.0179640718562874,0.0894472361809045,0.0119760479041916,TRUE,TRUE
0,416,-0.127006528700273,0.0279441117764471,-0.10251256281407,0.0199600798403194,TRUE,TRUE
0,417,0.0452156953543288,0.42315369261477,0.0285929648241206,0.43313373253493,FALSE,FALSE
0,418,-0.0014524963985574,0.980039920159681,-0.000753768844221105,0.982035928143713,FALSE,FALSE
0,419,0.111510511424293,0.0439121756487026,0.0772361809045226,0.0379241516966068,TRUE,TRUE
0,420,0.175796572256069,0.00598802395209581,0.0912562814070352,0.00199600798403194,TRUE,TRUE
0,421,-0.0623508563517023,0.291417165668663,-0.0393969849246231,0.231536926147705,FALSE,FALSE
0,422,-0.115787622741624,0.0518962075848303,-0.0635175879396985,0.0399201596806387,FALSE,TRUE
0,423,-0.0302051238380888,0.588822355289421,-0.0183417085427136,0.546906187624751,FALSE,FALSE
0,424,0.168721584304753,0.00199600798403194,0.105678391959799,0.00798403193612774,TRUE,TRUE
0,425,-0.03719239294155,0.471057884231537,-0.0249748743718593,0.493013972055888,FALSE,FALSE
0,426,0.0222982908425683,0.662674650698603,0.0169849246231156,0.682634730538922,FALSE,FALSE
0,427,0.191798345372932,0.00199600798403194,0.13356783919598,0.00399201596806387,TRUE,TRUE
0,428,0.0303936003755239,0.540918163672655,0.0228643216080402,0.560878243512974,FALSE,FALSE
0,429,0.00936655706914687,0.86626746506986,0.00462311557788945,0.87624750499002,FALSE,FALSE
0,430,-0.0994444480027312,0.0838323353293413,-0.0622613065326633,0.0558882235528942,FALSE,FALSE
0,431,0.00635117340902619,0.890219560878243,0.00371859296482412,0.896207584830339,FALSE,FALSE
0,432,-0.0394192596547898,0.431137724550898,-0.0335678391959799,0.449101796407186,FALSE,FALSE
0,433,-0.125486324540488,0.0239520958083832,-0.0894974874371859,0.0259481037924152,TRUE,TRUE
0,434,-0.0749402931693944,0.173652694610778,-0.0553768844221105,0.157684630738523,FALSE,FALSE
0,435,0.163920136128007,0.00399201596806387,0.11894472361809,0.00798403193612774,TRUE,TRUE
0,436,-0.0334150494665713,0.562874251497006,-0.0191457286432161,0.520958083832335,FALSE,FALSE
0,437,-0.121486888477696,0.0279441117764471,-0.0896482412060302,0.0239520958083832,TRUE,TRUE
0,438,0.00197970664766503,0.978043912175649,0.00130653266331658,0.982035928143713,FALSE,FALSE
0,439,0.0625699194616345,0.253493013972056,0.0379899497487437,0.263473053892216,FALSE,FALSE
0,440,0.0437635097876686,0.403193612774451,0.028894472361809,0.427145708582834,FALSE,FALSE
0,441,0.0311824393439901,0.554890219560878,0.0178391959798995,0.558882235528942,FALSE,FALSE
0,442,-0.0185306802864611,0.726546906187625,-0.0121105527638191,0.740518962075848,FALSE,FALSE
0,443,-0.0327435604218136,0.586826347305389,-0.0146231155778894,0.538922155688623,FALSE,FALSE
0,444,-0.134300210640816,0.0159680638722555,-0.102964824120603,0.00998003992015968,TRUE,TRUE
0,445,0.104124158936579,0.0538922155688623,0.04321608040201,0.063872255489022,FALSE,FALSE
0,446,-0.0684018397976884,0.207584830339321,-0.0496984924623116,0.207584830339321,FALSE,FALSE
0,447,-0.134390524332128,0.0279441117764471,-0.0870854271356784,0.0159680638722555,TRUE,TRUE
0,448,0.0875201993140039,0.12375249500998,0.061356783919598,0.0958083832335329,FALSE,FALSE
0,449,-0.166458013788714,0.00199600798403194,-0.100904522613065,0.00399201596806387,TRUE,TRUE
0,450,-0.0440736690121305,0.431137724550898,-0.0258291457286432,0.445109780439122,FALSE,FALSE
0,451,-0.110351646936573,0.0339321357285429,-0.0846733668341709,0.0439121756487026,TRUE,TRUE
0,452,0.0253577171307042,0.660678642714571,0.0133165829145729,0.6187624750499,FALSE,FALSE
0,453,0.206407089047403,0.00199600798403194,0.148442211055276,0.00199600798403194,TRUE,TRUE
0,454,-0.0046118264440027,0.930139720558882,-0.00381909547738694,0.930139720558882,FALSE,FALSE
0,455,-0.0655861929820463,0.215568862275449,-0.04,0.289421157684631,FALSE,FALSE
0,456,0.0341775843207301,0.530938123752495,0.0251256281407035,0.522954091816367,FALSE,FALSE
0,457,0.0395567390526473,0.469061876247505,0.0293467336683417,0.463073852295409,FALSE,FALSE
0,458,-0.247940836500996,0.00199600798403194,-0.178341708542714,0.00199600798403194,TRUE,TRUE
0,459,-0.10418483873593,0.0558882235528942,-0.0807537688442211,0.0459081836327345,FALSE,TRUE
0,460,-0.00933025645025072,0.904191616766467,-0.00376884422110553,0.864271457085828,FALSE,FALSE
0,461,-0.123789667619048,0.029940119760479,-0.0954773869346734,0.0179640718562874,TRUE,TRUE
0,462,0.141100710836099,0.0159680638722555,0.0501005025125628,0.0139720558882236,TRUE,TRUE
0,463,0.0931029848581555,0.0858283433133733,0.0650251256281407,0.0918163672654691,FALSE,FALSE
0,464,-0.00425587253154875,0.944111776447106,-0.00336683417085427,0.934131736526946,FALSE,FALSE
0,465,-0.102765535872753,0.0858283433133733,-0.0653266331658291,0.0518962075848303,FALSE,FALSE
0,466,0.0287591614358365,0.586826347305389,0.0211557788944724,0.56686626746507,FALSE,FALSE
0,467,-0.226667155529988,0.00199600798403194,-0.115778894472362,0.00199600798403194,TRUE,TRUE
0,468,0.158935792409387,0.00399201596806387,0.122814070351759,0.00399201596806387,TRUE,TRUE
0,469,0.159465636950798,0.00798403193612774,0.0875879396984925,0.00399201596806387,TRUE,TRUE
0,470,0.0638885723834177,0.281437125748503,0.0435175879396985,0.261477045908184,FALSE,FALSE
0,471,0.196778193911399,0.00199600798403194,0.134522613065327,0.00199600798403194,TRUE,TRUE
0,472,-0.00903536928556248,0.858283433133733,-0.00542713567839196,0.880239520958084,FALSE,FALSE
0,473,0.115816744209342,0.0419161676646707,0.0581407035175879,0.0359281437125748,TRUE,TRUE
0,474,0.12406892918404,0.031936127744511,0.0633668341708543,0.031936127744511,TRUE,TRUE
0,475,-0.0664071094034979,0.2375249500998,-0.0450251256281407,0.223552894211577,FALSE,FALSE
0,476,0.0457814345527435,0.335329341317365,0.0384422110552764,0.405189620758483,FALSE,FALSE
0,477,0.0541014843633738,0.305389221556886,0.0382914572864322,0.311377245508982,FALSE,FALSE
0,478,-0.109308498439128,0.031936127744511,-0.0850251256281407,0.0339321357285429,TRUE,TRUE
0,479,-0.00651171252814704,0.906187624750499,-0.00432160804020101,0.902195608782435,FALSE,FALSE
0,480,0.219477900560666,0.00199600798403194,0.171005025125628,0.00199600798403194,TRUE,TRUE
0,481,-0.0579116685179096,0.301397205588822,-0.0347236180904523,0.325349301397206,FALSE,FALSE
0,482,0.0675488699085969,0.231536926147705,0.0491457286432161,0.197604790419162,FALSE,FALSE
0,483,0.186652998009381,0.00199600798403194,0.116331658291457,0.00199600798403194,TRUE,TRUE
0,484,0.176955622054539,0.00199600798403194,0.110854271356784,0.00199600798403194,TRUE,TRUE
0,485,0.000526648809116199,0.99001996007984,0.000402010050251257,0.988023952095808,FALSE,FALSE
0,486,0.0241709889367014,0.652694610778443,0.0169849246231156,0.656686626746507,FALSE,FALSE
0,487,-0.00117221534171824,0.984031936127745,-0.000703517587939699,0.980039920159681,FALSE,FALSE
0,488,0.318345699342874,0.00199600798403194,0.157035175879397,0.00199600798403194,TRUE,TRUE
0,489,0.0659754014174814,0.211576846307385,0.0307537688442211,0.251497005988024,FALSE,FALSE
0,490,0.0941397187831191,0.12375249500998,0.0564824120603015,0.109780439121756,FALSE,FALSE
0,491,0.0698858101851269,0.245508982035928,0.0338693467336683,0.197604790419162,FALSE,FALSE
0,492,-0.00069298360874487,0.99001996007984,-0.000552763819095477,0.986027944111776,FALSE,FALSE
0,493,0.0427921340939395,0.457085828343313,0.0259798994974874,0.42315369261477,FALSE,FALSE
0,494,-0.165093424545429,0.00798403193612774,-0.104422110552764,0.00598802395209581,TRUE,TRUE
0,495,-0.102407863901821,0.0379241516966068,-0.0795979899497487,0.063872255489022,TRUE,FALSE
0,496,0.116715612030842,0.0339321357285429,0.0684924623115578,0.0339321357285429,TRUE,TRUE
0,497,0.0283091013201135,0.590818363273453,0.0163819095477387,0.630738522954092,FALSE,FALSE
0,498,0.0211375909353699,0.710578842315369,0.0151256281407035,0.740518962075848,FALSE,FALSE
0,499,-0.212525832293234,0.00199600798403194,-0.154422110552764,0.00199600798403194,TRUE,TRUE
0,500,-0.123010575614511,0.0199600798403194,-0.0777889447236181,0.0239520958083832,TRUE,TRUE
0,501,-0.00930744179768778,0.880239520958084,-0.00552763819095477,0.87624750499002,FALSE,FALSE
0,502,-0.0176850934403052,0.714570858283433,-0.0117085427135678,0.748502994011976,FALSE,FALSE
0,503,-0.0192098021331369,0.734530938123752,-0.0141708542713568,0.70059880239521,FALSE,FALSE
0,504,-0.0404601120349236,0.520958083832335,-0.0228643216080402,0.451097804391218,FALSE,FALSE
0,505,0.0438769200759477,0.449101796407186,0.0191457286432161,0.477045908183633,FALSE,FALSE
0,506,-0.0773189027194186,0.139720558882236,-0.0478894472361809,0.179640718562874,FALSE,FALSE
0,507,-0.313183945965278,0.00199600798403194,-0.224321608040201,0.00199600798403194,TRUE,TRUE
0,508,0.0239035015676721,0.676646706586826,0.014572864321608,0.664670658682635,FALSE,FALSE
0,509,-0.000190942592481169,0.998003992015968,-0.000100502512562814,0.994011976047904,FALSE,FALSE
0,510,-0.0354339050926117,0.516966067864271,-0.0247738693467337,0.499001996007984,FALSE,FALSE
0,511,0.0347285330305766,0.56686626746507,0.0210552763819096,0.522954091816367,FALSE,FALSE
0,512,0.104886098881913,0.0578842315369262,0.0525628140703518,0.0658682634730539,FALSE,FALSE
0,513,0.0522698287164654,0.351297405189621,0.0367336683417085,0.377245508982036,FALSE,FALSE
0,514,-0.0121862934764964,0.81437125748503,-0.00824120603015075,0.836327345309381,FALSE,FALSE
0,515,0.230727998178181,0.00199600798403194,0.149949748743719,0.00199600798403194,TRUE,TRUE
0,516,-0.0266139999262892,0.620758483033932,-0.0206532663316583,0.588822355289421,FALSE,FALSE
0,517,0.17363986973174,0.00798403193612774,0.132713567839196,0.00199600798403194,TRUE,TRUE
0,518,-0.0562228911254319,0.311377245508982,-0.0368341708542714,0.307385229540918,FALSE,FALSE
0,519,-0.0549860628460668,0.315369261477046,-0.0378391959798995,0.287425149700599,FALSE,FALSE
0,520,-0.0334271149912582,0.55688622754491,-0.0207035175879397,0.520958083832335,FALSE,FALSE
0,521,0.0210785423704953,0.702594810379242,0.0130653266331658,0.714570858283433,FALSE,FALSE
0,522,-0.0562259632726907,0.321357285429142,-0.0282412060301508,0.357285429141717,FALSE,FALSE
0,523,-0.0762831100032977,0.207584830339321,-0.0415075376884422,0.147704590818363,FALSE,FALSE
0,524,0.0768715169847038,0.181636726546906,0.0429145728643216,0.199600798403194,FALSE,FALSE
0,525,-0.101249686354229,0.0558882235528942,-0.0789447236180904,0.0518962075848303,FALSE,FALSE
0,526,0.069350499449048,0.205588822355289,0.0514070351758794,0.209580838323353,FALSE,FALSE
0,527,0.10733829816305,0.0698602794411178,0.0644723618090452,0.0538922155688623,FALSE,FALSE
0,528,0.0429360794455247,0.389221556886228,0.0208040201005025,0.445109780439122,FALSE,FALSE
0,529,-0.0141316076243716,0.788423153692615,-0.0102010050251256,0.794411177644711,FALSE,FALSE
0,530,-0.0884200897812892,0.0878243512974052,-0.0682412060301508,0.105788423153693,FALSE,FALSE
0,531,-0.147200087329145,0.0179640718562874,-0.0924120603015075,0.00998003992015968,TRUE,TRUE
0,532,-0.041573609283596,0.493013972055888,-0.0208040201005025,0.409181636726547,FALSE,FALSE
0,533,-0.10988826793041,0.0399201596806387,-0.0805025125628141,0.0339321357285429,TRUE,TRUE
0,534,0.110189490590351,0.0499001996007984,0.0614070351758794,0.0459081836327345,TRUE,TRUE
0,535,-0.0428964059394933,0.439121756487026,-0.0294472361809045,0.457085828343313,FALSE,FALSE
0,536,-0.000835889853932815,0.988023952095808,-0.000552763819095477,0.992015968063872,FALSE,FALSE
0,537,0.0290715049995928,0.63872255489022,0.0132663316582915,0.634730538922156,FALSE,FALSE
0,538,0.0406154222184925,0.455089820359281,0.0299497487437186,0.427145708582834,FALSE,FALSE
0,539,0.0278342287182121,0.592814371257485,0.0240201005025126,0.562874251497006,FALSE,FALSE
0,540,0.116542626823673,0.031936127744511,0.0885929648241206,0.0199600798403194,TRUE,TRUE
0,541,-0.0238545286086639,0.67065868263473,-0.0155778894472362,0.708582834331337,FALSE,FALSE
0,542,-0.0869617110017916,0.109780439121756,-0.0563819095477387,0.135728542914172,FALSE,FALSE
0,543,-0.124233492295616,0.0219560878243513,-0.0718592964824121,0.031936127744511,TRUE,TRUE
0,544,-0.123736391333602,0.0199600798403194,-0.0931155778894472,0.0199600798403194,TRUE,TRUE
0,545,-0.0729273037960472,0.18562874251497,-0.0517587939698492,0.181636726546906,FALSE,FALSE
0,546,-0.0233708183475783,0.678642714570858,-0.0122613065326633,0.668662674650699,FALSE,FALSE
0,547,0.0163836927665266,0.744510978043912,0.0125628140703518,0.756487025948104,FALSE,FALSE
0,548,0.0176462516557063,0.738522954091816,0.012713567839196,0.75249500998004,FALSE,FALSE
0,549,0.107147962519633,0.0598802395209581,0.0260804020100503,0.0518962075848303,FALSE,FALSE
0,550,-0.196132819175045,0.00399201596806387,-0.149145728643216,0.00199600798403194,TRUE,TRUE
0,551,0.0123929775734371,0.832335329341317,0.00964824120603015,0.806387225548902,FALSE,FALSE
0,552,0.0313527780854893,0.596806387225549,0.0165326633165829,0.570858283433134,FALSE,FALSE
0,553,-0.00593991435865661,0.906187624750499,-0.00326633165829146,0.910179640718563,FALSE,FALSE
0,554,-0.113821039086535,0.0558882235528942,-0.0706532663316583,0.0499001996007984,FALSE,TRUE
0,555,-0.078618807915738,0.161676646706587,-0.054070351758794,0.13373253493014,FALSE,FALSE
0,556,0.119878635788887,0.0419161676646707,0.0669346733668342,0.0339321357285429,TRUE,TRUE
0,557,-0.118359534393468,0.0359281437125748,-0.0803015075376884,0.0359281437125748,TRUE,TRUE
0,558,-0.0397664661149964,0.465069860279441,-0.0284422110552764,0.447105788423154,FALSE,FALSE
0,559,-0.0374998228734385,0.469061876247505,-0.0241708542713568,0.524950099800399,FALSE,FALSE
0,560,-0.016729934604701,0.708582834331337,-0.010251256281407,0.746506986027944,FALSE,FALSE
0,561,0.00823992809106113,0.864271457085828,0.00447236180904523,0.904191616766467,FALSE,FALSE
0,562,-0.0658970636863152,0.193612774451098,-0.0507537688442211,0.203592814371257,FALSE,FALSE
0,563,0.0220086458258576,0.682634730538922,0.0178894472361809,0.694610778443114,FALSE,FALSE
0,564,0.0456414612788153,0.431137724550898,0.0229145728643216,0.383233532934132,FALSE,FALSE
0,565,-0.0654581059375272,0.245508982035928,-0.0360301507537688,0.231536926147705,FALSE,FALSE
0,566,0.0529453756947035,0.351297405189621,0.034572864321608,0.327345309381238,FALSE,FALSE
0,567,-0.0102116762277235,0.820359281437126,-0.00703517587939699,0.858283433133733,FALSE,FALSE
0,568,0.0314484555061864,0.606786427145709,0.0168341708542714,0.594810379241517,FALSE,FALSE
0,569,-0.00852444511287996,0.892215568862275,-0.00527638190954774,0.852295409181637,FALSE,FALSE
0,570,-0.0373099051116392,0.516966067864271,-0.0261306532663317,0.50499001996008,FALSE,FALSE
0,571,0.226281349448028,0.00199600798403194,0.153266331658291,0.00199600798403194,TRUE,TRUE
0,572,-0.0236341380596637,0.666666666666667,-0.0158291457286432,0.666666666666667,FALSE,FALSE
0,573,-0.144731814753979,0.00598802395209581,-0.105326633165829,0.0119760479041916,TRUE,TRUE
0,574,0.0457874878233985,0.401197604790419,0.0357286432160804,0.417165668662675,FALSE,FALSE
0,575,-0.0573610736965758,0.287425149700599,-0.0426633165829146,0.269461077844311,FALSE,FALSE
0,576,-0.0098432736122835,0.858283433133733,-0.00693467336683417,0.864271457085828,FALSE,FALSE
0,577,-0.102630109635749,0.0558882235528942,-0.0834170854271357,0.063872255489022,FALSE,FALSE
0,578,-0.0315335604106564,0.574850299401198,-0.0213065326633166,0.574850299401198,FALSE,FALSE
0,579,-0.180168623931564,0.00199600798403194,-0.114824120603015,0.00199600798403194,TRUE,TRUE
0,580,-0.212157327064421,0.00199600798403194,-0.143266331658291,0.00199600798403194,TRUE,TRUE
0,581,-0.0111239255759104,0.836327345309381,-0.00793969849246231,0.826347305389222,FALSE,FALSE
0,582,-0.117333328649591,0.0479041916167665,-0.071105527638191,0.0399201596806387,TRUE,TRUE
0,583,-0.123918426123556,0.029940119760479,-0.058643216080402,0.0279441117764471,TRUE,TRUE
0,584,-0.0895930374010044,0.0918163672654691,-0.0705527638190955,0.105788423153693,FALSE,FALSE
0,585,-0.0260336621171534,0.612774451097804,-0.0139195979899498,0.602794411177645,FALSE,FALSE
0,586,-0.0676893863161506,0.173652694610778,-0.0513065326633166,0.201596806387226,FALSE,FALSE
0,587,0.195366133994372,0.00399201596806387,0.144673366834171,0.00199600798403194,TRUE,TRUE
0,588,0.111933272018637,0.0538922155688623,0.0720603015075377,0.0518962075848303,FALSE,FALSE
0,589,0.0292331291415805,0.592814371257485,0.0209045226130653,0.640718562874252,FALSE,FALSE
0,590,-0.0705376067986555,0.165668662674651,-0.0484924623115578,0.203592814371257,FALSE,FALSE
0,591,-0.059809514708308,0.255489021956088,-0.042713567839196,0.249500998003992,FALSE,FALSE
0,592,-0.0716771141819805,0.173652694610778,-0.0439698492462312,0.201596806387226,FALSE,FALSE
0,593,-0.021657106454653,0.678642714570858,-0.0173366834170854,0.69061876247505,FALSE,FALSE
0,594,-0.0505658102346321,0.401197604790419,-0.0278391959798995,0.379241516966068,FALSE,FALSE
0,595,-0.120963244585967,0.0239520958083832,-0.0785929648241206,0.0259481037924152,TRUE,TRUE
0,596,-0.0502045930522409,0.353293413173653,-0.0421105527638191,0.337325349301397,FALSE,FALSE
0,597,0.0443848885444358,0.407185628742515,0.0300502512562814,0.409181636726547,FALSE,FALSE
0,598,0.0594107846479492,0.261477045908184,0.0409547738693467,0.267465069860279,FALSE,FALSE
0,599,0.0185327840056988,0.740518962075848,0.0124623115577889,0.748502994011976,FALSE,FALSE
0,600,-0.0890765821274707,0.0918163672654691,-0.0649246231155779,0.0818363273453094,FALSE,FALSE
0,601,-0.010113153721577,0.870259481037924,-0.00678391959798995,0.870259481037924,FALSE,FALSE
0,602,0.0356219702352105,0.560878243512974,0.0211557788944724,0.502994011976048,FALSE,FALSE
0,603,-0.0723861520500187,0.199600798403194,-0.0404020100502513,0.181636726546906,FALSE,FALSE
0,604,-0.022454598339373,0.664670658682635,-0.0146733668341709,0.698602794411178,FALSE,FALSE
0,605,0.048241219699266,0.36127744510978,0.0355778894472362,0.349301397205589,FALSE,FALSE
0,606,0.0503654213946928,0.337325349301397,0.0396984924623116,0.335329341317365,FALSE,FALSE
0,607,0.0402281014284529,0.508982035928144,0.0221608040201005,0.451097804391218,FALSE,FALSE
0,608,0.0770991623852182,0.161676646706587,0.0441708542713568,0.201596806387226,FALSE,FALSE
0,609,-0.135266428744282,0.0199600798403194,-0.104673366834171,0.0139720558882236,TRUE,TRUE
0,610,-0.0847480471111962,0.145708582834331,-0.0553266331658291,0.11377245508982,FALSE,FALSE
0,611,0.102401349893549,0.0698602794411178,0.0555778894472362,0.0558882235528942,FALSE,FALSE
0,612,0.211806764471956,0.00199600798403194,0.176381909547739,0.00199600798403194,TRUE,TRUE
0,613,0.136175406377373,0.0159680638722555,0.088391959798995,0.0219560878243513,TRUE,TRUE
0,614,0.0602312859279195,0.267465069860279,0.0481909547738693,0.261477045908184,FALSE,FALSE
0,615,-0.0215932557976694,0.664670658682635,-0.0169849246231156,0.686626746506986,FALSE,FALSE
0,616,-0.0346072279629025,0.538922155688623,-0.0241206030150754,0.574850299401198,FALSE,FALSE
0,617,-0.0756742257613347,0.177644710578842,-0.0458793969849246,0.177644710578842,FALSE,FALSE
0,618,0.181614209389418,0.00199600798403194,0.129346733668342,0.00399201596806387,TRUE,TRUE
0,619,-0.0268458746566465,0.62874251497006,-0.0212060301507538,0.640718562874252,FALSE,FALSE
0,620,0.0527238243902252,0.355289421157685,0.0319597989949749,0.315369261477046,FALSE,FALSE
0,621,-0.0242189073852104,0.644710578842315,-0.0176381909547739,0.662674650698603,FALSE,FALSE
0,622,-0.00925105686548932,0.872255489021956,-0.0050251256281407,0.882235528942116,FALSE,FALSE
0,623,-0.0946293267096831,0.0718562874251497,-0.0789949748743719,0.0678642714570858,FALSE,FALSE
0,624,0.0293760697932946,0.594810379241517,0.0161809045226131,0.614770459081836,FALSE,FALSE
0,625,0.0594325085708391,0.287425149700599,0.0378391959798995,0.323353293413174,FALSE,FALSE
0,626,-0.0823399864062255,0.135728542914172,-0.0517085427135678,0.11377245508982,FALSE,FALSE
0,627,-0.0320656530514305,0.548902195608782,-0.0163819095477387,0.580838323353293,FALSE,FALSE
0,628,0.073668885006695,0.163672654690619,0.0519095477386935,0.179640718562874,FALSE,FALSE
0,629,0.160978021458301,0.00199600798403194,0.0969849246231156,0.00399201596806387,TRUE,TRUE
0,630,-0.0775552700780188,0.149700598802395,-0.042713567839196,0.163672654690619,FALSE,FALSE
0,631,0.0855003167810715,0.127744510978044,0.0436683417085427,0.115768463073852,FALSE,FALSE
0,632,0.0651014407365498,0.231536926147705,0.0470854271356784,0.233532934131737,FALSE,FALSE
0,633,-0.00798989426629186,0.874251497005988,-0.00648241206030151,0.882235528942116,FALSE,FALSE
0,634,-0.0333433641491929,0.560878243512974,-0.0208542713567839,0.552894211576846,FALSE,FALSE
0,635,-0.000529036671189026,0.998003992015968,-0.000251256281407033,0.99001996007984,FALSE,FALSE
0,636,-0.0691448844794242,0.221556886227545,-0.0375376884422111,0.219560878243513,FALSE,FALSE
0,637,0.0799913986334828,0.169660678642715,0.0323115577889447,0.177644710578842,FALSE,FALSE
0,638,-0.0623387569045058,0.249500998003992,-0.0409045226130653,0.285429141716567,FALSE,FALSE
0,639,-0.0324946845285974,0.542914171656687,-0.0123618090452261,0.582834331337325,FALSE,FALSE
0,640,-0.0827212542205638,0.12375249500998,-0.0551758793969849,0.139720558882236,FALSE,FALSE
0,641,0.0584441778563011,0.329341317365269,0.0308040201005025,0.265469061876248,FALSE,FALSE
0,642,-0.00512354796305447,0.942115768463074,-0.00346733668341708,0.924151696606786,FALSE,FALSE
0,643,-0.0630585392064047,0.271457085828343,-0.0462814070351759,0.217564870259481,FALSE,FALSE
0,644,-0.0279170206126769,0.648702594810379,-0.0140201005025126,0.626746506986028,FALSE,FALSE
0,645,0.113098867499262,0.0419161676646707,0.0746231155778894,0.0459081836327345,TRUE,TRUE
0,646,-0.00391139505972581,0.926147704590818,-0.00221105527638191,0.944111776447106,FALSE,FALSE
0,647,-0.0972930176319217,0.0878243512974052,-0.0557286432160804,0.0758483033932136,FALSE,FALSE
0,648,-0.0546012818195343,0.303393213572854,-0.0364321608040201,0.295409181636727,FALSE,FALSE
0,649,0.0777825402503749,0.169660678642715,0.0548743718592965,0.17564870259481,FALSE,FALSE
0,650,-0.078364715228204,0.153692614770459,-0.0536180904522613,0.139720558882236,FALSE,FALSE
0,651,0.017540894882521,0.704590818363273,0.011608040201005,0.764471057884232,FALSE,FALSE
0,652,0.195331848572809,0.00199600798403194,0.172211055276382,0.00199600798403194,TRUE,TRUE
0,653,-0.109574041408876,0.0518962075848303,-0.0559798994974874,0.0558882235528942,FALSE,FALSE
0,654,-0.0766492456508156,0.163672654690619,-0.0484924623115578,0.187624750499002,FALSE,FALSE
0,655,-0.19039761194375,0.00399201596806387,-0.138693467336683,0.00399201596806387,TRUE,TRUE
0,656,-0.110821596593934,0.0359281437125748,-0.0779899497487437,0.0399201596806387,TRUE,TRUE
0,657,-0.169668394787934,0.00399201596806387,-0.11748743718593,0.00199600798403194,TRUE,TRUE
0,658,-0.0144057767669117,0.806387225548902,-0.00597989949748744,0.810379241516966,FALSE,FALSE
0,659,-0.116872928877339,0.0239520958083832,-0.0585929648241206,0.0419161676646707,TRUE,TRUE
0,660,-0.0199489300067483,0.720558882235529,-0.00653266331658292,0.672654690618762,FALSE,FALSE
0,661,-0.052898307304719,0.341317365269461,-0.0353768844221106,0.343313373253493,FALSE,FALSE
0,662,0.0994579868466657,0.0878243512974052,0.0635175879396985,0.0878243512974052,FALSE,FALSE
0,663,0.148580068534386,0.0139720558882236,0.082964824120603,0.00998003992015968,TRUE,TRUE
0,664,-0.0216863811585421,0.69061876247505,-0.0149748743718593,0.744510978043912,FALSE,FALSE
0,665,0.015799924246883,0.786427145708583,0.0110050251256281,0.778443113772455,FALSE,FALSE
0,666,0.120264422276864,0.0179640718562874,0.0788442211055276,0.0279441117764471,TRUE,TRUE
0,667,0.0191404581087668,0.720558882235529,0.0111557788944724,0.75249500998004,FALSE,FALSE
0,668,0.0743545083849898,0.179640718562874,0.0429145728643216,0.171656686626747,FALSE,FALSE
0,669,-0.143794008948611,0.00798403193612774,-0.105427135678392,0.00598802395209581,TRUE,TRUE
0,670,-0.0189040493302294,0.740518962075848,-0.0129145728643216,0.718562874251497,FALSE,FALSE
0,671,-0.0135902899948996,0.818363273453094,-0.00824120603015075,0.792415169660679,FALSE,FALSE
0,672,0.0714507246317926,0.225548902195609,0.0319095477386935,0.179640718562874,FALSE,FALSE
0,673,0.108836562419209,0.0578842315369262,0.07,0.0518962075848303,FALSE,FALSE
0,674,0.0278689545692772,0.588822355289421,0.0189949748743719,0.6187624750499,FALSE,FALSE
0,675,-0.025896266410118,0.622754491017964,-0.0173869346733668,0.642714570858283,FALSE,FALSE
0,676,0.0464508600124895,0.421157684630739,0.0237185929648241,0.401197604790419,FALSE,FALSE
0,677,-0.0526647046244875,0.353293413173653,-0.0292964824120603,0.31936127744511,FALSE,FALSE
0,678,-0.121287488817174,0.0279441117764471,-0.0857286432160804,0.0159680638722555,TRUE,TRUE
0,679,-0.0878869972524617,0.107784431137725,-0.0634673366834171,0.0998003992015968,FALSE,FALSE
0,680,0.0632633029034874,0.25748502994012,0.0462311557788945,0.239520958083832,FALSE,FALSE
0,681,-0.245607409605719,0.00199600798403194,-0.201859296482412,0.00199600798403194,TRUE,TRUE
0,682,-0.100220623055354,0.063872255489022,-0.0631658291457286,0.063872255489022,FALSE,FALSE
0,683,0.183738293784,0.00199600798403194,0.0983417085427136,0.00199600798403194,TRUE,TRUE
0,684,-0.081439565064244,0.139720558882236,-0.0613065326633166,0.135728542914172,FALSE,FALSE
0,685,-0.0375526575587033,0.483033932135729,-0.0232160804020101,0.477045908183633,FALSE,FALSE
0,686,-0.0652140633088627,0.277445109780439,-0.0404020100502513,0.281437125748503,FALSE,FALSE
0,687,-0.0671475928728227,0.233532934131737,-0.0431658291457286,0.217564870259481,FALSE,FALSE
0,688,-0.0341827211087243,0.526946107784431,-0.0210050251256281,0.534930139720559,FALSE,FALSE
0,689,-0.00749106414541089,0.894211576846307,-0.00477386934673367,0.918163672654691,FALSE,FALSE
0,690,0.107756199224039,0.0479041916167665,0.0736180904522613,0.0439121756487026,TRUE,TRUE
0,691,0.011100670532939,0.868263473053892,0.00894472361809045,0.812375249500998,FALSE,FALSE
0,692,-0.20467416229755,0.00199600798403194,-0.0698994974874372,0.00598802395209581,TRUE,TRUE
0,693,0.0454641214324415,0.437125748502994,0.0314070351758794,0.415169660678643,FALSE,FALSE
0,694,-0.0508066332172448,0.403193612774451,-0.0271859296482412,0.359281437125749,FALSE,FALSE
0,695,-0.0768232689536412,0.167664670658683,-0.0636180904522613,0.129740518962076,FALSE,FALSE
0,696,0.155896695675618,0.00598802395209581,0.119095477386935,0.00798403193612774,TRUE,TRUE
0,697,-0.00510913846316189,0.926147704590818,-0.0028140703517588,0.94810379241517,FALSE,FALSE
0,698,-0.0841389674547133,0.131736526946108,-0.0621105527638191,0.111776447105788,FALSE,FALSE
0,699,-0.0551048803994724,0.345309381237525,-0.0397989949748744,0.323353293413174,FALSE,FALSE
0,700,-0.0410757050940626,0.409181636726547,-0.0280402010050251,0.469061876247505,FALSE,FALSE
0,701,0.00397322052658714,0.934131736526946,0.00276381909547739,0.94810379241517,FALSE,FALSE
0,702,-0.0188772985120935,0.722554890219561,-0.00804020100502513,0.754491017964072,FALSE,FALSE
0,703,-0.0726597701168064,0.159680638722555,-0.044070351758794,0.177644710578842,FALSE,FALSE
0,704,-0.117093544832704,0.0279441117764471,-0.0744723618090452,0.0419161676646707,TRUE,TRUE
0,705,0.0492830555012483,0.367265469061876,0.0215075376884422,0.383233532934132,FALSE,FALSE
0,706,-0.062688685995948,0.25748502994012,-0.0403517587939698,0.279441117764471,FALSE,FALSE
0,707,0.00763493491043029,0.902195608782435,0.00402010050251256,0.894211576846307,FALSE,FALSE
0,708,-0.0715566927467694,0.227544910179641,-0.0529145728643216,0.193612774451098,FALSE,FALSE
0,709,0.0218055751712621,0.68063872255489,0.0146733668341709,0.698602794411178,FALSE,FALSE
0,710,0.134610957961308,0.0119760479041916,0.0731155778894472,0.0179640718562874,TRUE,TRUE
0,711,0.0289591340096862,0.594810379241517,0.0211557788944724,0.594810379241517,FALSE,FALSE
0,712,0.0305413034520645,0.586826347305389,0.0224120603015075,0.578842315369261,FALSE,FALSE
0,713,-0.0190469833349374,0.744510978043912,-0.0150251256281407,0.75249500998004,FALSE,FALSE
0,714,-0.0596347735956115,0.285429141716567,-0.0379899497487437,0.265469061876248,FALSE,FALSE
0,715,-0.0453802069162821,0.387225548902196,-0.020251256281407,0.421157684630739,FALSE,FALSE
0,716,0.178452323243945,0.00199600798403194,0.118040201005025,0.00199600798403194,TRUE,TRUE
0,717,0.0720064569919616,0.147704590818363,0.0467839195979899,0.197604790419162,FALSE,FALSE
0,718,-0.0551719241726158,0.295409181636727,-0.0431155778894472,0.297405189620758,FALSE,FALSE
0,719,0.00356891915193281,0.934131736526946,0.00271356783919598,0.950099800399202,FALSE,FALSE
0,720,-0.040041394459359,0.439121756487026,-0.0285427135678392,0.475049900199601,FALSE,FALSE
0,721,0.0993866972511493,0.0818363273453094,0.04321608040201,0.0918163672654691,FALSE,FALSE
0,722,-0.0060431273189296,0.896207584830339,-0.00366834170854271,0.888223552894212,FALSE,FALSE
0,723,0.0555542411943746,0.271457085828343,0.0382914572864322,0.291417165668663,FALSE,FALSE
0,724,-0.0441493031134947,0.42315369261477,-0.0306030150753769,0.407185628742515,FALSE,FALSE
0,725,0.0750021185672221,0.179640718562874,0.0553768844221105,0.157684630738523,FALSE,FALSE
0,726,0.0169071966617207,0.792415169660679,0.0126130653266332,0.802395209580838,FALSE,FALSE
0,727,0.0766969240876081,0.155688622754491,0.0536683417085427,0.161676646706587,FALSE,FALSE
0,728,-0.0207687475750169,0.68063872255489,-0.0166331658291457,0.684630738522954,FALSE,FALSE
0,729,0.0358158255654862,0.554890219560878,0.0255276381909548,0.512974051896208,FALSE,FALSE
0,730,0.0553051120309801,0.289421157684631,0.0362814070351759,0.287425149700599,FALSE,FALSE
0,731,0.0645160351111,0.221556886227545,0.0467336683417085,0.235528942115768,FALSE,FALSE
0,732,-0.154092410745219,0.00598802395209581,-0.118341708542714,0.00798403193612774,TRUE,TRUE
0,733,-0.105625451201574,0.0538922155688623,-0.0821608040201005,0.0499001996007984,FALSE,TRUE
0,734,0.234917667776991,0.00199600798403194,0.162462311557789,0.00199600798403194,TRUE,TRUE
0,735,-0.0647542448607793,0.25748502994012,-0.0340201005025126,0.2375249500998,FALSE,FALSE
0,736,-0.120793729123482,0.029940119760479,-0.0780402010050251,0.0159680638722555,TRUE,TRUE
0,737,0.0780804994952729,0.145708582834331,0.0612562814070352,0.117764471057884,FALSE,FALSE
0,738,0.165836210898985,0.00399201596806387,0.0818592964824121,0.00199600798403194,TRUE,TRUE
0,739,0.0189958088025515,0.728542914171657,0.0106030150753769,0.750499001996008,FALSE,FALSE
0,740,-0.0208295786563364,0.704590818363273,-0.0162311557788945,0.720558882235529,FALSE,FALSE
0,741,0.275977875033275,0.00199600798403194,0.20356783919598,0.00199600798403194,TRUE,TRUE
0,742,0.013311886243646,0.818363273453094,0.00864321608040201,0.828343313373254,FALSE,FALSE
0,743,-0.00735653480272774,0.894211576846307,-0.00482412060301508,0.904191616766467,FALSE,FALSE
0,744,-0.0798489040996133,0.153692614770459,-0.0457286432160804,0.11377245508982,FALSE,FALSE
0,745,-0.141924297180297,0.0159680638722555,-0.0893969849246231,0.0179640718562874,TRUE,TRUE
0,746,0.149275890412784,0.0119760479041916,0.103266331658291,0.00998003992015968,TRUE,TRUE
0,747,-0.0425274066652112,0.502994011976048,-0.0212562814070352,0.471057884231537,FALSE,FALSE
0,748,-0.10133476688306,0.0598802395209581,-0.0472361809045226,0.0698602794411178,FALSE,FALSE
0,749,0.0560723785318852,0.355289421157685,0.0360804020100502,0.303393213572854,FALSE,FALSE
0,750,-0.0369244576526832,0.502994011976048,-0.0188442211055276,0.483033932135729,FALSE,FALSE
0,751,-0.0197022328272016,0.724550898203593,-0.00954773869346734,0.764471057884232,FALSE,FALSE
0,752,-0.0158994829348365,0.746506986027944,-0.0107537688442211,0.738522954091816,FALSE,FALSE
0,753,0.00482456957369256,0.94810379241517,0.00361809045226131,0.920159680638723,FALSE,FALSE
0,754,0.0589097138244658,0.313373253493014,0.0231155778894472,0.285429141716567,FALSE,FALSE
0,755,-0.209479396511367,0.00199600798403194,-0.155025125628141,0.00199600798403194,TRUE,TRUE
0,756,-0.0447683548799022,0.393213572854291,-0.031105527638191,0.403193612774451,FALSE,FALSE
0,757,-0.00917212643228307,0.850299401197605,-0.00648241206030151,0.850299401197605,FALSE,FALSE
0,758,-0.0625641685832957,0.249500998003992,-0.037035175879397,0.253493013972056,FALSE,FALSE
0,759,0.107841640276426,0.0698602794411178,0.0706532663316583,0.0578842315369262,FALSE,FALSE
0,760,0.0140333330575711,0.81437125748503,0.00793969849246231,0.836327345309381,FALSE,FALSE
0,761,-0.212392924313989,0.00199600798403194,-0.113668341708543,0.00199600798403194,TRUE,TRUE
0,762,0.0296324478002342,0.590818363273453,0.0206532663316583,0.598802395209581,FALSE,FALSE
0,763,-0.212139412710911,0.00199600798403194,-0.145979899497487,0.00199600798403194,TRUE,TRUE
0,764,0.00510184713182162,0.924151696606786,0.00402010050251257,0.932135728542914,FALSE,FALSE
0,765,0.222673788958654,0.00199600798403194,0.174623115577889,0.00199600798403194,TRUE,TRUE
0,766,0.0219193690634728,0.710578842315369,0.0137185929648241,0.728542914171657,FALSE,FALSE
0,767,-0.0484651714924278,0.37125748502994,-0.0333668341708543,0.405189620758483,FALSE,FALSE
0,768,0.0179105465083043,0.726546906187625,0.0144221105527638,0.716566866267465,FALSE,FALSE
0,769,0.0368049870290047,0.487025948103792,0.0247738693467337,0.481037924151697,FALSE,FALSE
0,770,-0.163726115905917,0.00598802395209581,-0.0992462311557789,0.00598802395209581,TRUE,TRUE
0,771,-0.00985628529408519,0.870259481037924,-0.00623115577889447,0.86626746506986,FALSE,FALSE
0,772,-0.141150481587433,0.00598802395209581,-0.0805025125628141,0.0239520958083832,TRUE,TRUE
0,773,-0.126145302977749,0.0199600798403194,-0.0731658291457286,0.0359281437125748,TRUE,TRUE
0,774,0.0785288964630342,0.13373253493014,0.0548241206030151,0.143712574850299,FALSE,FALSE
0,775,-0.132721743300964,0.0199600798403194,-0.0822613065326633,0.0159680638722555,TRUE,TRUE
0,776,-0.00726261206295862,0.86626746506986,-0.00376884422110553,0.892215568862275,FALSE,FALSE
0,777,-0.0403050000444845,0.459081836327345,-0.0293969849246231,0.44311377245509,FALSE,FALSE
0,778,-0.0897423972248818,0.119760479041916,-0.0521105527638191,0.111776447105788,FALSE,FALSE
0,779,-0.0939111284376022,0.0658682634730539,-0.0846733668341709,0.0598802395209581,FALSE,FALSE
0,780,0.17242768479267,0.00199600798403194,0.144522613065327,0.00199600798403194,TRUE,TRUE
0,781,0.21602181121063,0.00199600798403194,0.0942713567839196,0.00199600798403194,TRUE,TRUE
0,782,0.0845341632401059,0.149700598802395,0.0532663316582915,0.12375249500998,FALSE,FALSE
0,783,-0.145364741404677,0.0139720558882236,-0.112713567839196,0.00399201596806387,TRUE,TRUE
0,784,0.0682650910193894,0.2375249500998,0.0375879396984925,0.209580838323353,FALSE,FALSE
0,785,0.0320813004662511,0.574850299401198,0.0194472361809045,0.55688622754491,FALSE,FALSE
0,786,-0.121109578729581,0.029940119760479,-0.0802010050251256,0.031936127744511,TRUE,TRUE
0,787,0.0445996805581847,0.417165668662675,0.0220100502512563,0.403193612774451,FALSE,FALSE
0,788,0.0139325880712618,0.81437125748503,0.0103517587939698,0.800399201596806,FALSE,FALSE
0,789,-0.0012036027895276,0.988023952095808,-0.000753768844221105,0.986027944111776,FALSE,FALSE
0,790,0.166911991813315,0.00199600798403194,0.109145728643216,0.00399201596806387,TRUE,TRUE
0,791,-0.180080087538638,0.00399201596806387,-0.128442211055276,0.00399201596806387,TRUE,TRUE
0,792,0.0186321523093553,0.750499001996008,0.0128140703517588,0.75249500998004,FALSE,FALSE
0,793,-0.0641277898054475,0.295409181636727,-0.0353266331658291,0.25748502994012,FALSE,FALSE
0,794,-0.0805726099245126,0.145708582834331,-0.058894472361809,0.119760479041916,FALSE,FALSE
0,795,0.0183703880841953,0.744510978043912,0.00698492462311558,0.748502994011976,FALSE,FALSE
0,796,0.109798483078622,0.06187624750499,0.0679396984924623,0.06187624750499,FALSE,FALSE
0,797,-0.0478595033239006,0.379241516966068,-0.0349246231155779,0.395209580838323,FALSE,FALSE
0,798,0.0590599552000689,0.289421157684631,0.0399497487437186,0.283433133732535,FALSE,FALSE
0,799,0.0915622893454226,0.0978043912175649,0.0408542713567839,0.109780439121756,FALSE,FALSE
0,800,-0.0938093455174265,0.0998003992015968,-0.061608040201005,0.0998003992015968,FALSE,FALSE
0,801,0.0168812521872359,0.766467065868264,0.00954773869346734,0.780439121756487,FALSE,FALSE
0,802,-0.0362722401285588,0.520958083832335,-0.0203517587939698,0.542914171656687,FALSE,FALSE
0,803,-0.0552616835898937,0.315369261477046,-0.0410552763819095,0.333333333333333,FALSE,FALSE
0,804,-0.169505098837143,0.00199600798403194,-0.131306532663317,0.00199600798403194,TRUE,TRUE
0,805,0.0782817753063486,0.151696606786427,0.0419095477386935,0.163672654690619,FALSE,FALSE
0,806,-0.00686377039769976,0.896207584830339,-0.00306532663316583,0.908183632734531,FALSE,FALSE
0,807,-0.0174485393481056,0.7624750499002,-0.0142211055276382,0.736526946107784,FALSE,FALSE
0,808,-0.0347479155566489,0.526946107784431,-0.0265326633165829,0.518962075848303,FALSE,FALSE
0,809,0.16538418170162,0.00598802395209581,0.104824120603015,0.00399201596806387,TRUE,TRUE
0,810,0.00460586119831,0.918163672654691,0.00407035175879397,0.940119760479042,FALSE,FALSE
0,811,0.0261864782192157,0.658682634730539,0.0176884422110553,0.63872255489022,FALSE,FALSE
0,812,-0.0460009604655776,0.407185628742515,-0.0278894472361809,0.409181636726547,FALSE,FALSE
0,813,0.038322154773468,0.479041916167665,0.0154773869346734,0.522954091816367,FALSE,FALSE
0,814,-0.198109058138881,0.00199600798403194,-0.142160804020101,0.00199600798403194,TRUE,TRUE
0,815,-0.0679362076524992,0.231536926147705,-0.0387939698492462,0.223552894211577,FALSE,FALSE
0,816,0.0153935471589218,0.790419161676647,0.0085929648241206,0.788423153692615,FALSE,FALSE
0,817,0.107895813075088,0.0439121756487026,0.0871356783919598,0.0479041916167665,TRUE,TRUE
0,818,0.0478938224045387,0.369261477045908,0.0373366834170854,0.385229540918164,FALSE,FALSE
0,819,0.0213021817645974,0.686626746506986,0.0150753768844221,0.714570858283433,FALSE,FALSE
0,820,-0.0322963292355681,0.532934131736527,-0.0250251256281407,0.570858283433134,FALSE,FALSE
0,821,-0.058766713749248,0.273453093812375,-0.0362311557788945,0.293413173652695,FALSE,FALSE
0,822,0.0231328377152816,0.640718562874252,0.0182412060301508,0.708582834331337,FALSE,FALSE
0,823,0.100482206382913,0.0598802395209581,0.0653266331658291,0.0758483033932136,FALSE,FALSE
0,824,-0.144392823589688,0.00798403193612774,-0.0961306532663317,0.00798403193612774,TRUE,TRUE
0,825,-0.0740848108255372,0.19560878243513,-0.0449748743718593,0.187624750499002,FALSE,FALSE
0,826,-0.0729831484400724,0.203592814371257,-0.0548743718592965,0.177644710578842,FALSE,FALSE
0,827,-0.0266649530737739,0.596806387225549,-0.0190954773869347,0.644710578842315,FALSE,FALSE
0,828,-0.117077633260347,0.0399201596806387,-0.0746733668341709,0.0339321357285429,TRUE,TRUE
0,829,0.0317028680953065,0.554890219560878,0.0196482412060302,0.604790419161677,FALSE,FALSE
0,830,-0.0382172875980132,0.463073852295409,-0.0279396984924623,0.48502994011976,FALSE,FALSE
0,831,0.109544977446758,0.0698602794411178,0.0550251256281407,0.0598802395209581,FALSE,FALSE
0,832,0.0112088317389565,0.838323353293413,0.00798994974874372,0.838323353293413,FALSE,FALSE
0,833,-0.0175829978241382,0.750499001996008,-0.00954773869346733,0.754491017964072,FALSE,FALSE
0,834,-0.109224735650028,0.0279441117764471,-0.0802010050251256,0.0339321357285429,TRUE,TRUE
0,835,0.0365689720112935,0.516966067864271,0.0233165829145729,0.528942115768463,FALSE,FALSE
0,836,0.0116995426041172,0.812375249500998,0.0085427135678392,0.776447105788423,FALSE,FALSE
0,837,-0.0470235933248573,0.36127744510978,-0.031105527638191,0.413173652694611,FALSE,FALSE
0,838,0.0164985967362639,0.754491017964072,0.0078391959798995,0.74251497005988,FALSE,FALSE
0,839,-0.158756161366442,0.00199600798403194,-0.0897989949748744,0.00598802395209581,TRUE,TRUE
0,840,0.0834234636847763,0.119760479041916,0.0536180904522613,0.147704590818363,FALSE,FALSE
0,841,0.156269542064847,0.00598802395209581,0.118994974874372,0.00399201596806387,TRUE,TRUE
0,842,0.018318957908815,0.696606786427146,0.012713567839196,0.704590818363273,FALSE,FALSE
0,843,0.141154472490381,0.00998003992015968,0.0630150753768844,0.0199600798403194,TRUE,TRUE
0,844,0.0593902928017876,0.29940119760479,0.0322613065326633,0.289421157684631,FALSE,FALSE
0,845,0.124144411264357,0.0279441117764471,0.0743718592964824,0.031936127744511,TRUE,TRUE
0,846,-0.278019507220572,0.00199600798403194,-0.187286432160804,0.00199600798403194,TRUE,TRUE
0,847,-0.0708182198813625,0.199600798403194,-0.0567336683417085,0.207584830339321,FALSE,FALSE
0,848,-0.142425788995692,0.0239520958083832,-0.0942713567839196,0.00399201596806387,TRUE,TRUE
0,849,-0.0313917649070112,0.568862275449102,-0.0217085427135678,0.552894211576846,FALSE,FALSE
0,850,-0.0477581707825786,0.355289421157685,-0.0380402010050251,0.385229540918164,FALSE,FALSE
0,851,0.0745318029890246,0.191616766467066,0.0386934673366834,0.201596806387226,FALSE,FALSE
0,852,0.0810440762010419,0.121756487025948,0.0573366834170854,0.149700598802395,FALSE,FALSE
0,853,-0.163681091626348,0.00199600798403194,-0.117688442211055,0.00399201596806387,TRUE,TRUE
0,854,-0.0878535979197587,0.117764471057884,-0.047035175879397,0.115768463073852,FALSE,FALSE
0,855,-0.0464464389998112,0.393213572854291,-0.0274874371859297,0.385229540918164,FALSE,FALSE
0,856,-0.0306255783683958,0.552894211576846,-0.0211557788944724,0.568862275449102,FALSE,FALSE
0,857,-0.0283282482182554,0.634730538922156,-0.019748743718593,0.598802395209581,FALSE,FALSE
0,858,-0.187827670384969,0.00199600798403194,-0.142763819095477,0.00399201596806387,TRUE,TRUE
0,859,0.0156522373899102,0.784431137724551,0.00512562814070352,0.848303393213573,FALSE,FALSE
0,860,-0.129948488564951,0.0159680638722555,-0.0880402010050251,0.0159680638722555,TRUE,TRUE
0,861,0.0206004236498957,0.722554890219561,0.0126130653266332,0.706586826347305,FALSE,FALSE
0,862,0.121819047214756,0.0259481037924152,0.0907035175879397,0.0199600798403194,TRUE,TRUE
0,863,-0.00554470508407149,0.916167664670659,-0.00321608040201005,0.914171656686627,FALSE,FALSE
0,864,0.0159781480045577,0.760479041916168,0.00829145728643216,0.75249500998004,FALSE,FALSE
0,865,-0.07515217129443,0.17564870259481,-0.05321608040201,0.181636726546906,FALSE,FALSE
0,866,-0.0683317017345187,0.205588822355289,-0.0462311557788945,0.201596806387226,FALSE,FALSE
0,867,0.0248680530854154,0.656686626746507,0.0142211055276382,0.662674650698603,FALSE,FALSE
0,868,-0.129646267526944,0.0139720558882236,-0.080251256281407,0.0159680638722555,TRUE,TRUE
0,869,-0.123968813058074,0.031936127744511,-0.0929145728643216,0.0339321357285429,TRUE,TRUE
0,870,-0.0767158112395329,0.145708582834331,-0.0558793969849246,0.137724550898204,FALSE,FALSE
0,871,0.0691716552617248,0.211576846307385,0.0390954773869347,0.215568862275449,FALSE,FALSE
0,872,-0.0323386833915329,0.546906187624751,-0.0236180904522613,0.582834331337325,FALSE,FALSE
0,873,0.0956956731382424,0.0858283433133733,0.0610552763819095,0.0838323353293413,FALSE,FALSE
0,874,0.00935081928384205,0.868263473053892,0.00708542713567839,0.856287425149701,FALSE,FALSE
0,875,-0.0394703207131682,0.520958083832335,-0.0163819095477387,0.489021956087824,FALSE,FALSE
0,876,-0.0692503704055776,0.191616766467066,-0.0509547738693467,0.177644710578842,FALSE,FALSE
0,877,-0.170091148639413,0.00798403193612774,-0.132663316582915,0.00199600798403194,TRUE,TRUE
0,878,-0.18180182799752,0.00199600798403194,-0.100150753768844,0.00199600798403194,TRUE,TRUE
0,879,0.145614885183294,0.00798403193612774,0.0965326633165829,0.0119760479041916,TRUE,TRUE
0,880,-0.0757154595889804,0.199600798403194,-0.0483417085427136,0.157684630738523,FALSE,FALSE
0,881,-0.115251327211276,0.031936127744511,-0.0976381909547739,0.0219560878243513,TRUE,TRUE
0,882,0.167022844058416,0.00798403193612774,0.101407035175879,0.00798403193612774,TRUE,TRUE
0,883,0.0707988730370434,0.225548902195609,0.0420100502512563,0.225548902195609,FALSE,FALSE
0,884,-0.0318397516755302,0.608782435129741,-0.0121105527638191,0.542914171656687,FALSE,FALSE
0,885,0.0376556716291909,0.499001996007984,0.0223618090452261,0.499001996007984,FALSE,FALSE
0,886,-0.181958266728191,0.00399201596806387,-0.101356783919598,0.00399201596806387,TRUE,TRUE
0,887,-0.0754531302876484,0.165668662674651,-0.0517587939698492,0.221556886227545,FALSE,FALSE
0,888,0.10802543180268,0.0439121756487026,0.0654773869346734,0.0598802395209581,TRUE,FALSE
0,889,0.0447046465756983,0.419161676646707,0.0315075376884422,0.407185628742515,FALSE,FALSE
0,890,-0.177196131162632,0.00399201596806387,-0.132713567839196,0.00399201596806387,TRUE,TRUE
0,891,0.289539839047755,0.00199600798403194,0.197738693467337,0.00199600798403194,TRUE,TRUE
0,892,-0.0790851701192466,0.139720558882236,-0.0582412060301508,0.143712574850299,FALSE,FALSE
0,893,-0.00434899857109817,0.934131736526946,-0.00236180904522613,0.924151696606786,FALSE,FALSE
0,894,-0.0745578536263292,0.155688622754491,-0.0588442211055276,0.171656686626747,FALSE,FALSE
0,895,-0.117817241017776,0.0379241516966068,-0.0752763819095477,0.0259481037924152,TRUE,TRUE
0,896,0.0810917116534534,0.149700598802395,0.054070351758794,0.169660678642715,FALSE,FALSE
0,897,-0.089647460212309,0.0878243512974052,-0.0653768844221106,0.0958083832335329,FALSE,FALSE
0,898,-0.0304722139430534,0.616766467065868,-0.0085427135678392,0.652694610778443,FALSE,FALSE
0,899,0.0236665672947431,0.666666666666667,0.0147738693467337,0.676646706586826,FALSE,FALSE
0,900,0.0152002576529958,0.796407185628742,0.0101005025125628,0.754491017964072,FALSE,FALSE
0,901,-0.128802196771695,0.0179640718562874,-0.0852261306532663,0.0239520958083832,TRUE,TRUE
0,902,-0.0490036588169311,0.365269461077844,-0.0354773869346734,0.419161676646707,FALSE,FALSE
0,903,0.0376955070113185,0.475049900199601,0.0207537688442211,0.455089820359281,FALSE,FALSE
0,904,0.0952806520531235,0.0778443113772455,0.0596482412060302,0.0958083832335329,FALSE,FALSE
0,905,-0.10553821856717,0.0738522954091816,-0.0678894472361809,0.0678642714570858,FALSE,FALSE
0,906,0.0400154041142741,0.49500998003992,0.0273366834170854,0.459081836327345,FALSE,FALSE
0,907,0.135705859385631,0.0199600798403194,0.0831658291457286,0.0139720558882236,TRUE,TRUE
0,908,0.0643123904863235,0.263473053892216,0.0434673366834171,0.255489021956088,FALSE,FALSE
0,909,-0.0393182789576766,0.445109780439122,-0.0225125628140704,0.451097804391218,FALSE,FALSE
0,910,-0.101962431497042,0.0718562874251497,-0.0673366834170854,0.0578842315369262,FALSE,FALSE
0,911,-0.00351073969166029,0.966067864271457,-0.0014572864321608,0.954091816367265,FALSE,FALSE
0,912,0.00145964381077346,0.982035928143713,0.000804020100502513,0.978043912175649,FALSE,FALSE
0,913,-0.170824754387286,0.00199600798403194,-0.133768844221106,0.00598802395209581,TRUE,TRUE
0,914,-0.236952228021906,0.00199600798403194,-0.149748743718593,0.00199600798403194,TRUE,TRUE
0,915,-0.112606280213357,0.0558882235528942,-0.0657788944723618,0.0419161676646707,FALSE,TRUE
0,916,-0.117568173597594,0.0419161676646707,-0.0764321608040201,0.0279441117764471,TRUE,TRUE
0,917,0.0242177539770497,0.67065868263473,0.0162814070351759,0.666666666666667,FALSE,FALSE
0,918,0.0238291802913399,0.634730538922156,0.0197989949748744,0.694610778443114,FALSE,FALSE
0,919,-0.00711100917662567,0.898203592814371,-0.00547738693467337,0.900199600798403,FALSE,FALSE
0,920,-0.0135601853009813,0.800399201596806,-0.00703517587939699,0.82435129740519,FALSE,FALSE
0,921,-0.0834349360455181,0.117764471057884,-0.0678894472361809,0.131736526946108,FALSE,FALSE
0,922,0.132720311836174,0.0119760479041916,0.0965829145728643,0.0159680638722555,TRUE,TRUE
0,923,0.0489645805267107,0.383233532934132,0.0363316582914573,0.379241516966068,FALSE,FALSE
0,924,-0.0317575894440304,0.536926147704591,-0.0219597989949749,0.546906187624751,FALSE,FALSE
0,925,0.0590734337506947,0.303393213572854,0.0263819095477387,0.327345309381238,FALSE,FALSE
0,926,-0.0254010300586547,0.660678642714571,-0.0168844221105528,0.660678642714571,FALSE,FALSE
0,927,0.101621839039166,0.0778443113772455,0.0559798994974874,0.0838323353293413,FALSE,FALSE
0,928,-0.111637303592627,0.0439121756487026,-0.0424623115577889,0.0518962075848303,TRUE,FALSE
0,929,0.04520784584276,0.397205588822355,0.0285427135678392,0.409181636726547,FALSE,FALSE
0,930,0.0268799725772881,0.622754491017964,0.0132663316582915,0.662674650698603,FALSE,FALSE
0,931,0.265096012040316,0.00199600798403194,0.172562814070352,0.00199600798403194,TRUE,TRUE
0,932,-0.0119228012628521,0.832335329341317,-0.00849246231155779,0.822355289421158,FALSE,FALSE
0,933,0.0252951712176054,0.68063872255489,0.018643216080402,0.630738522954092,FALSE,FALSE
0,934,0.0417248999160658,0.461077844311377,0.0246231155778894,0.489021956087824,FALSE,FALSE
0,935,0.017323738904719,0.720558882235529,0.00899497487437186,0.730538922155689,FALSE,FALSE
0,936,0.00934290121684193,0.872255489021956,0.00638190954773868,0.860279441117764,FALSE,FALSE
0,937,0.0402386015057184,0.499001996007984,0.0258291457286432,0.457085828343313,FALSE,FALSE
0,938,-0.185680569777183,0.00199600798403194,-0.135276381909548,0.00199600798403194,TRUE,TRUE
0,939,0.0491868389252108,0.369261477045908,0.0355778894472362,0.369261477045908,FALSE,FALSE
0,940,0.0446404960166245,0.375249500998004,0.0330150753768844,0.447105788423154,FALSE,FALSE
0,941,0.019213605401486,0.734530938123752,0.0136180904522613,0.764471057884232,FALSE,FALSE
0,942,0.0397032854552862,0.463073852295409,0.0224120603015075,0.475049900199601,FALSE,FALSE
0,943,-0.055916680696987,0.31936127744511,-0.0412562814070352,0.347305389221557,FALSE,FALSE
0,944,0.134753679365771,0.0159680638722555,0.0628140703517588,0.0199600798403194,TRUE,TRUE
0,945,0.0911188948863344,0.0738522954091816,0.069748743718593,0.0918163672654691,FALSE,FALSE
0,946,-0.118217272664237,0.029940119760479,-0.084070351758794,0.0359281437125748,TRUE,TRUE
0,947,0.0921437377926327,0.121756487025948,0.0582914572864322,0.101796407185629,FALSE,FALSE
0,948,-0.0509843911332629,0.335329341317365,-0.0340201005025126,0.327345309381238,FALSE,FALSE
0,949,-0.155895937318073,0.00399201596806387,-0.113266331658291,0.00598802395209581,TRUE,TRUE
0,950,-0.0699919149701655,0.171656686626747,-0.0536180904522613,0.181636726546906,FALSE,FALSE
0,951,0.0426622513697736,0.445109780439122,0.0281909547738693,0.457085828343313,FALSE,FALSE
0,952,0.0324549334216828,0.546906187624751,0.0222613065326633,0.55688622754491,FALSE,FALSE
0,953,-0.160493470352366,0.00998003992015968,-0.12894472361809,0.00199600798403194,TRUE,TRUE
0,954,-0.0330964729454609,0.540918163672655,-0.0198994974874372,0.55688622754491,FALSE,FALSE
0,955,0.00671652666427641,0.916167664670659,0.00407035175879397,0.884231536926148,FALSE,FALSE
0,956,0.118140320578289,0.029940119760479,0.08321608040201,0.029940119760479,TRUE,TRUE
0,957,-0.010358913338714,0.862275449101796,-0.00678391959798995,0.858283433133733,FALSE,FALSE
0,958,0.00574040470786144,0.920159680638723,0.00351758793969849,0.906187624750499,FALSE,FALSE
0,959,-0.105127668002429,0.0499001996007984,-0.0860301507537688,0.0399201596806387,TRUE,TRUE
0,960,0.152300421666112,0.00598802395209581,0.0790452261306533,0.00598802395209581,TRUE,TRUE
0,961,0.00496518984483914,0.922155688622755,0.00301507537688442,0.932135728542914,FALSE,FALSE
0,962,-0.0357838960217093,0.55688622754491,-0.0173366834170854,0.50499001996008,FALSE,FALSE
0,963,-0.0136943567018217,0.766467065868264,-0.0107035175879397,0.776447105788423,FALSE,FALSE
0,964,-0.0703037764696359,0.207584830339321,-0.0407537688442211,0.197604790419162,FALSE,FALSE
0,965,0.19342819833937,0.00399201596806387,0.11713567839196,0.00199600798403194,TRUE,TRUE
0,966,-0.174187968348061,0.00598802395209581,-0.117236180904523,0.00399201596806387,TRUE,TRUE
0,967,-0.0955423123650974,0.0698602794411178,-0.0731658291457286,0.0758483033932136,FALSE,FALSE
0,968,-0.0856408756087422,0.13373253493014,-0.054572864321608,0.111776447105788,FALSE,FALSE
0,969,-0.0260707616884587,0.626746506986028,-0.0176884422110553,0.63872255489022,FALSE,FALSE
0,970,0.166295860692869,0.00998003992015968,0.120502512562814,0.00399201596806387,TRUE,TRUE
0,971,-0.0642380386868514,0.211576846307385,-0.0338693467336683,0.245508982035928,FALSE,FALSE
0,972,0.0723892643902644,0.163672654690619,0.0523115577889447,0.157684630738523,FALSE,FALSE
0,973,-0.250955480890562,0.00199600798403194,-0.188592964824121,0.00199600798403194,TRUE,TRUE
0,974,-0.181541447877918,0.00199600798403194,-0.139698492462312,0.00199600798403194,TRUE,TRUE
0,975,-0.0466490557051643,0.403193612774451,-0.03,0.427145708582834,FALSE,FALSE
0,976,0.0357527600435551,0.542914171656687,0.0182412060301508,0.56686626746507,FALSE,FALSE
0,977,-0.0154156656625906,0.808383233532934,-0.0115577889447236,0.734530938123752,FALSE,FALSE
0,978,-0.098821793014964,0.0558882235528942,-0.0715075376884422,0.0678642714570858,FALSE,FALSE
0,979,-0.0263015671685396,0.626746506986028,-0.0174874371859296,0.600798403193613,FALSE,FALSE
0,980,0.000579550805576161,0.984031936127745,0.000402010050251257,0.994011976047904,FALSE,FALSE
0,981,0.0524330865707214,0.363273453093812,0.0296482412060301,0.339321357285429,FALSE,FALSE
0,982,-0.151071464680237,0.00399201596806387,-0.109246231155779,0.00798403193612774,TRUE,TRUE
0,983,-0.01918591688413,0.760479041916168,-0.00979899497487437,0.756487025948104,FALSE,FALSE
0,984,0.0189729011456886,0.754491017964072,0.00919597989949749,0.760479041916168,FALSE,FALSE
0,985,-0.0555731735261991,0.305389221556886,-0.0423115577889447,0.301397205588822,FALSE,FALSE
0,986,0.223071266291004,0.00199600798403194,0.16251256281407,0.00199600798403194,TRUE,TRUE
0,987,0.12775367712164,0.0139720558882236,0.0968341708542714,0.0159680638722555,TRUE,TRUE
0,988,-0.158085493064166,0.00399201596806387,-0.11608040201005,0.00399201596806387,TRUE,TRUE
0,989,0.15006410328302,0.00399201596806387,0.117537688442211,0.00798403193612774,TRUE,TRUE
0,990,-0.0327905860138491,0.526946107784431,-0.0244221105527638,0.526946107784431,FALSE,FALSE
0,991,-0.170076386413978,0.00399201596806387,-0.124673366834171,0.00199600798403194,TRUE,TRUE
0,992,-0.145140421869556,0.00998003992015968,-0.101306532663317,0.00998003992015968,TRUE,TRUE
0,993,0.0559348904982498,0.297405189620758,0.0401005025125628,0.285429141716567,FALSE,FALSE
0,994,0.0481620045318129,0.355289421157685,0.0342713567839196,0.399201596806387,FALSE,FALSE
0,995,0.121603636562744,0.0359281437125748,0.0711557788944724,0.0199600798403194,TRUE,TRUE
0,996,0.106055865769914,0.0459081836327345,0.0685929648241206,0.0738522954091816,TRUE,FALSE
0,997,0.00448168075591876,0.926147704590818,0.00346733668341708,0.918163672654691,FALSE,FALSE
0,998,0.115236682321593,0.0399201596806387,0.0830653266331658,0.0479041916167665,TRUE,TRUE
0,999,-0.0242205818136086,0.634730538922156,-0.0160301507537688,0.684630738522954,FALSE,FALSE
0,1000,0.102954711536322,0.0858283433133733,0.0489447236180905,0.0778443113772455,FALSE,FALSE
0.25,1,-0.0354596698792881,0.518962075848303,-0.0243718592964824,0.512974051896208,FALSE,FALSE
0.25,2,-0.143703121016412,0.0139720558882236,-0.106582914572864,0.00798403193612774,TRUE,TRUE
0.25,3,-0.0612902406719087,0.267465069860279,-0.0247236180904523,0.291417165668663,FALSE,FALSE
0.25,4,0.0274166821329788,0.652694610778443,0.0185929648241206,0.600798403193613,FALSE,FALSE
0.25,5,-0.0492290821466072,0.377245508982036,-0.0294472361809045,0.367265469061876,FALSE,FALSE
0.25,6,0.186352797595575,0.00399201596806387,0.132914572864322,0.00199600798403194,TRUE,TRUE
0.25,7,0.020302158084857,0.718562874251497,0.0128140703517588,0.748502994011976,FALSE,FALSE
0.25,8,0.0280388871517475,0.616766467065868,0.0125125628140704,0.652694610778443,FALSE,FALSE
0.25,9,0.109277948542682,0.0419161676646707,0.062964824120603,0.0598802395209581,TRUE,FALSE
0.25,10,0.0606778000417763,0.269461077844311,0.0457286432160804,0.269461077844311,FALSE,FALSE
0.25,11,0.0726234599228024,0.191616766467066,0.0465829145728643,0.215568862275449,FALSE,FALSE
0.25,12,-0.0291508445887008,0.55688622754491,-0.021608040201005,0.594810379241517,FALSE,FALSE
0.25,13,0.0657151506900615,0.227544910179641,0.0493467336683417,0.213572854291417,FALSE,FALSE
0.25,14,-0.0725532622897524,0.17564870259481,-0.0601005025125628,0.159680638722555,FALSE,FALSE
0.25,15,0.0240379910618632,0.664670658682635,0.0184422110552764,0.67065868263473,FALSE,FALSE
0.25,16,0.0284272105791659,0.616766467065868,0.0164824120603015,0.596806387225549,FALSE,FALSE
0.25,17,-0.185958596983425,0.00399201596806387,-0.134874371859296,0.00199600798403194,TRUE,TRUE
0.25,18,-0.123798476977727,0.0199600798403194,-0.067035175879397,0.0179640718562874,TRUE,TRUE
0.25,19,-0.0181657882111879,0.780439121756487,-0.0109045226130653,0.770459081836327,FALSE,FALSE
0.25,20,-0.150486238947113,0.00798403193612774,-0.111356783919598,0.00998003992015968,TRUE,TRUE
0.25,21,-0.104037243996129,0.0518962075848303,-0.0723115577889447,0.0558882235528942,FALSE,FALSE
0.25,22,-0.0765400898797578,0.211576846307385,-0.035678391959799,0.205588822355289,FALSE,FALSE
0.25,23,-0.00197382099746027,0.960079840319361,-0.0014070351758794,0.968063872255489,FALSE,FALSE
0.25,24,-0.222236567318072,0.00199600798403194,-0.137738693467337,0.00199600798403194,TRUE,TRUE
0.25,25,-0.0688769771629678,0.209580838323353,-0.0384422110552764,0.251497005988024,FALSE,FALSE
0.25,26,-0.0688843009371476,0.169660678642715,-0.0530653266331658,0.225548902195609,FALSE,FALSE
0.25,27,-0.0869860520048946,0.107784431137725,-0.0608542713567839,0.115768463073852,FALSE,FALSE
0.25,28,0.0913611738859084,0.0698602794411178,0.0731658291457286,0.0818363273453094,FALSE,FALSE
0.25,29,-0.0205594071215047,0.706586826347305,-0.0105025125628141,0.69061876247505,FALSE,FALSE
0.25,30,-0.0111153290170607,0.828343313373254,-0.00728643216080402,0.806387225548902,FALSE,FALSE
0.25,31,0.0365280011175279,0.514970059880239,0.0223618090452261,0.548902195608782,FALSE,FALSE
0.25,32,0.020273907212252,0.692614770459082,0.0108542713567839,0.704590818363273,FALSE,FALSE
0.25,33,0.00631233752716599,0.888223552894212,0.00422110552763819,0.930139720558882,FALSE,FALSE
0.25,34,-0.211498915578862,0.00399201596806387,-0.11964824120603,0.00199600798403194,TRUE,TRUE
0.25,35,-0.116059624475422,0.0219560878243513,-0.0885929648241206,0.031936127744511,TRUE,TRUE
0.25,36,0.0316545704234143,0.568862275449102,0.0236683417085427,0.536926147704591,FALSE,FALSE
0.25,37,0.110451656147202,0.0479041916167665,0.0792462311557789,0.0379241516966068,TRUE,TRUE
0.25,38,-0.0816548167867283,0.127744510978044,-0.0617085427135678,0.145708582834331,FALSE,FALSE
0.25,39,-0.0405468439625139,0.459081836327345,-0.024070351758794,0.500998003992016,FALSE,FALSE
0.25,40,0.0001914630715277,0.996007984031936,0.000150753768844224,0.994011976047904,FALSE,FALSE
0.25,41,0.0404678209484916,0.449101796407186,0.0250753768844221,0.445109780439122,FALSE,FALSE
0.25,42,-0.0230821867041588,0.658682634730539,-0.012713567839196,0.698602794411178,FALSE,FALSE
0.25,43,0.019232723621507,0.758483033932136,0.0131155778894472,0.724550898203593,FALSE,FALSE
0.25,44,-0.0171126474918531,0.754491017964072,-0.0117587939698492,0.744510978043912,FALSE,FALSE
0.25,45,0.0228179024192505,0.710578842315369,0.0114572864321608,0.67065868263473,FALSE,FALSE
0.25,46,-0.236902170336234,0.00199600798403194,-0.177889447236181,0.00199600798403194,TRUE,TRUE
0.25,47,-0.0124174383220851,0.820359281437126,-0.00824120603015075,0.790419161676647,FALSE,FALSE
0.25,48,0.181369787816676,0.00399201596806387,0.139346733668342,0.00199600798403194,TRUE,TRUE
0.25,49,0.0840108031835517,0.12375249500998,0.0555778894472362,0.13373253493014,FALSE,FALSE
0.25,50,0.156441997080608,0.00798403193612774,0.10070351758794,0.00798403193612774,TRUE,TRUE
0.25,51,-0.158820541855255,0.00199600798403194,-0.110201005025126,0.00199600798403194,TRUE,TRUE
0.25,52,-0.136339014831665,0.0179640718562874,-0.0874874371859296,0.00798403193612774,TRUE,TRUE
0.25,53,-0.0581670899647064,0.313373253493014,-0.0439698492462312,0.277445109780439,FALSE,FALSE
0.25,54,-0.184662970127873,0.00199600798403194,-0.166281407035176,0.00199600798403194,TRUE,TRUE
0.25,55,0.0832215036897914,0.143712574850299,0.0580402010050251,0.0918163672654691,FALSE,FALSE
0.25,56,-0.11199128764901,0.029940119760479,-0.0928140703517588,0.0339321357285429,TRUE,TRUE
0.25,57,0.0733214646988598,0.197604790419162,0.0498994974874372,0.157684630738523,FALSE,FALSE
0.25,58,-0.0185190975088302,0.746506986027944,-0.0137185929648241,0.726546906187625,FALSE,FALSE
0.25,59,0.0791338710476934,0.151696606786427,0.0523618090452261,0.149700598802395,FALSE,FALSE
0.25,60,-0.103792422123207,0.0439121756487026,-0.0880402010050251,0.0538922155688623,TRUE,FALSE
0.25,61,-0.026203215903752,0.666666666666667,-0.0163819095477387,0.630738522954092,FALSE,FALSE
0.25,62,0.0983158151593677,0.0678642714570858,0.0448743718592965,0.093812375249501,FALSE,FALSE
0.25,63,0.0393088282049046,0.49500998003992,0.0235175879396985,0.500998003992016,FALSE,FALSE
0.25,64,-0.209203270862944,0.00199600798403194,-0.159195979899497,0.00199600798403194,TRUE,TRUE
0.25,65,0.0337880466060607,0.538922155688623,0.0195979899497487,0.552894211576846,FALSE,FALSE
0.25,66,-0.0225901002291243,0.730538922155689,-0.0144221105527638,0.69061876247505,FALSE,FALSE
0.25,67,0.0438307644038797,0.435129740518962,0.0211557788944724,0.453093812375249,FALSE,FALSE
0.25,68,-0.0679952679613465,0.207584830339321,-0.0369346733668342,0.225548902195609,FALSE,FALSE
0.25,69,0.0208793777301855,0.688622754491018,0.0118090452261307,0.672654690618762,FALSE,FALSE
0.25,70,-0.107306582342578,0.06187624750499,-0.0864321608040201,0.0359281437125748,FALSE,TRUE
0.25,71,0.014117704312468,0.822355289421158,0.00462311557788945,0.798403193612774,FALSE,FALSE
0.25,72,-0.146565716731128,0.00798403193612774,-0.122211055276382,0.00199600798403194,TRUE,TRUE
0.25,73,0.0391637663651322,0.473053892215569,0.0271859296482412,0.461077844311377,FALSE,FALSE
0.25,74,0.0418501073434014,0.401197604790419,0.0213065326633166,0.447105788423154,FALSE,FALSE
0.25,75,-0.0138896318590658,0.818363273453094,-0.00834170854271357,0.828343313373254,FALSE,FALSE
0.25,76,-0.0374620970028735,0.479041916167665,-0.0242211055276382,0.499001996007984,FALSE,FALSE
0.25,77,-0.0315942163228935,0.578842315369261,-0.0179899497487437,0.580838323353293,FALSE,FALSE
0.25,78,0.125451505526179,0.029940119760479,0.0826633165829146,0.0279441117764471,TRUE,TRUE
0.25,79,0.0787679878080535,0.183632734530938,0.0408542713567839,0.149700598802395,FALSE,FALSE
0.25,80,-0.0321456233245865,0.550898203592814,-0.0181407035175879,0.568862275449102,FALSE,FALSE
0.25,81,-0.0351447584039453,0.538922155688623,-0.0270854271356784,0.520958083832335,FALSE,FALSE
0.25,82,-0.0057198174965491,0.896207584830339,-0.00447236180904523,0.908183632734531,FALSE,FALSE
0.25,83,-0.12463876868653,0.0239520958083832,-0.0626130653266332,0.0219560878243513,TRUE,TRUE
0.25,84,0.0139569207952742,0.848303393213573,0.00788944723618091,0.80439121756487,FALSE,FALSE
0.25,85,0.0258221548491693,0.608782435129741,0.0164824120603015,0.682634730538922,FALSE,FALSE
0.25,86,0.00338636479843951,0.94810379241517,0.00231155778894472,0.958083832335329,FALSE,FALSE
0.25,87,0.0556725619240889,0.305389221556886,0.0388442211055276,0.293413173652695,FALSE,FALSE
0.25,88,-0.0256300004818173,0.626746506986028,-0.017035175879397,0.636726546906188,FALSE,FALSE
0.25,89,-0.130269737521495,0.0259481037924152,-0.0799497487437186,0.0159680638722555,TRUE,TRUE
0.25,90,-0.035032728184281,0.534930139720559,-0.027286432160804,0.528942115768463,FALSE,FALSE
0.25,91,-0.13279615506979,0.0159680638722555,-0.0948743718592965,0.0119760479041916,TRUE,TRUE
0.25,92,0.0384614571340089,0.506986027944112,0.0217587939698492,0.453093812375249,FALSE,FALSE
0.25,93,-0.0136965892488394,0.820359281437126,-0.011105527638191,0.816367265469062,FALSE,FALSE
0.25,94,-0.120084502564335,0.031936127744511,-0.0844723618090452,0.0179640718562874,TRUE,TRUE
0.25,95,0.0084662316132834,0.890219560878243,0.00472361809045226,0.870259481037924,FALSE,FALSE
0.25,96,-0.0793463146087271,0.19560878243513,-0.0546231155778895,0.169660678642715,FALSE,FALSE
0.25,97,0.0451179286044059,0.427145708582834,0.0308040201005025,0.391217564870259,FALSE,FALSE
0.25,98,-0.00780533731604446,0.894211576846307,-0.00628140703517588,0.870259481037924,FALSE,FALSE
0.25,99,0.0305615675496989,0.570858283433134,0.0200502512562814,0.562874251497006,FALSE,FALSE
0.25,100,-0.0307431103939985,0.57684630738523,-0.0230150753768844,0.552894211576846,FALSE,FALSE
0.25,101,-0.0491263560457351,0.399201596806387,-0.035427135678392,0.367265469061876,FALSE,FALSE
0.25,102,-0.135224798065591,0.0219560878243513,-0.103015075376884,0.00598802395209581,TRUE,TRUE
0.25,103,0.106494050653982,0.0778443113772455,0.0678391959798995,0.0499001996007984,FALSE,TRUE
0.25,104,-0.0676255182896443,0.223552894211577,-0.0447236180904523,0.225548902195609,FALSE,FALSE
0.25,105,-0.0672036876163389,0.211576846307385,-0.0492462311557789,0.209580838323353,FALSE,FALSE
0.25,106,-0.108779864556478,0.0379241516966068,-0.0906030150753769,0.031936127744511,TRUE,TRUE
0.25,107,0.0329745632623706,0.528942115768463,0.0117085427135678,0.578842315369261,FALSE,FALSE
0.25,108,-0.0391667605266811,0.48502994011976,-0.0241708542713568,0.453093812375249,FALSE,FALSE
0.25,109,0.00349078514740632,0.966067864271457,0.00155778894472362,0.952095808383233,FALSE,FALSE
0.25,110,0.0095615120425393,0.878243512974052,0.00648241206030151,0.894211576846307,FALSE,FALSE
0.25,111,-0.17370620707846,0.00399201596806387,-0.104221105527638,0.00199600798403194,TRUE,TRUE
0.25,112,-0.112248610024325,0.0578842315369262,-0.0560804020100502,0.0558882235528942,FALSE,FALSE
0.25,113,-0.0288427092666561,0.600798403193613,-0.0234170854271357,0.602794411177645,FALSE,FALSE
0.25,114,0.0998216546908711,0.0678642714570858,0.0708040201005025,0.0538922155688623,FALSE,FALSE
0.25,115,-0.054752579360015,0.331337325349301,-0.0408040201005025,0.30938123752495,FALSE,FALSE
0.25,116,0.0569314015037731,0.31936127744511,0.039748743718593,0.321357285429142,FALSE,FALSE
0.25,117,0.0157160527622592,0.7624750499002,0.0105527638190955,0.778443113772455,FALSE,FALSE
0.25,118,0.136286918011706,0.0139720558882236,0.0847738693467337,0.0199600798403194,TRUE,TRUE
0.25,119,0.16543149040739,0.00199600798403194,0.0991959798994975,0.00798403193612774,TRUE,TRUE
0.25,120,0.00974054241809675,0.878243512974052,0.0049748743718593,0.868263473053892,FALSE,FALSE
0.25,121,0.0526396266829949,0.355289421157685,0.0329145728643216,0.349301397205589,FALSE,FALSE
0.25,122,-0.106638946714212,0.0558882235528942,-0.0734170854271357,0.0439121756487026,FALSE,TRUE
0.25,123,0.0882032260914469,0.131736526946108,0.0598492462311558,0.115768463073852,FALSE,FALSE
0.25,124,0.0746642138312938,0.155688622754491,0.044572864321608,0.181636726546906,FALSE,FALSE
0.25,125,-0.0409589683407222,0.50499001996008,-0.025678391959799,0.445109780439122,FALSE,FALSE
0.25,126,-0.0682658732840898,0.197604790419162,-0.0446231155778894,0.205588822355289,FALSE,FALSE
0.25,127,0.0563549152583105,0.313373253493014,0.0339195979899497,0.315369261477046,FALSE,FALSE
0.25,128,0.00936583487262042,0.884231536926148,0.00522613065326633,0.86626746506986,FALSE,FALSE
0.25,129,-0.000240905798839363,0.996007984031936,-0.000150753768844221,0.994011976047904,FALSE,FALSE
0.25,130,-0.157518432890325,0.00399201596806387,-0.135879396984925,0.00399201596806387,TRUE,TRUE
0.25,131,0.0767993048448568,0.149700598802395,0.0364824120603015,0.173652694610778,FALSE,FALSE
0.25,132,-0.0313438537250771,0.600798403193613,-0.022964824120603,0.564870259481038,FALSE,FALSE
0.25,133,-0.0240180256846318,0.640718562874252,-0.0203015075376884,0.688622754491018,FALSE,FALSE
0.25,134,-0.0609905717020201,0.263473053892216,-0.028894472361809,0.285429141716567,FALSE,FALSE
0.25,135,-0.00322028212760743,0.964071856287425,-0.0021105527638191,0.964071856287425,FALSE,FALSE
0.25,136,0.115397385786133,0.031936127744511,0.0715577889447236,0.0379241516966068,TRUE,TRUE
0.25,137,0.0708883166029498,0.189620758483034,0.0511557788944724,0.171656686626747,FALSE,FALSE
0.25,138,0.022934719060174,0.69061876247505,0.0154773869346734,0.668662674650699,FALSE,FALSE
0.25,139,0.0130505953823331,0.808383233532934,0.01,0.80439121756487,FALSE,FALSE
0.25,140,0.036866719684497,0.493013972055888,0.0232160804020101,0.508982035928144,FALSE,FALSE
0.25,141,0.11944677044526,0.0459081836327345,0.0664824120603015,0.0219560878243513,TRUE,TRUE
0.25,142,0.323778701086963,0.00199600798403194,0.222964824120603,0.00199600798403194,TRUE,TRUE
0.25,143,0.0129046205794667,0.810379241516966,0.0101507537688442,0.854291417165669,FALSE,FALSE
0.25,144,-0.105757237374371,0.0499001996007984,-0.0705527638190955,0.0518962075848303,TRUE,FALSE
0.25,145,-0.243238589035252,0.00199600798403194,-0.124120603015075,0.00199600798403194,TRUE,TRUE
0.25,146,-0.0345534702117174,0.538922155688623,-0.0233668341708543,0.489021956087824,FALSE,FALSE
0.25,147,0.0663378230783422,0.229540918163673,0.0423115577889447,0.249500998003992,FALSE,FALSE
0.25,148,-0.00921545317766405,0.864271457085828,-0.00527638190954774,0.854291417165669,FALSE,FALSE
0.25,149,-0.196893235571225,0.00199600798403194,-0.126884422110553,0.00199600798403194,TRUE,TRUE
0.25,150,-0.0748745341339105,0.213572854291417,-0.0468844221105528,0.18562874251497,FALSE,FALSE
0.25,151,0.201203447859035,0.00199600798403194,0.149597989949749,0.00199600798403194,TRUE,TRUE
0.25,152,0.23724849473497,0.00199600798403194,0.12105527638191,0.00199600798403194,TRUE,TRUE
0.25,153,-0.076966859207301,0.167664670658683,-0.0418090452261307,0.163672654690619,FALSE,FALSE
0.25,154,0.223596478385216,0.00199600798403194,0.142713567839196,0.00199600798403194,TRUE,TRUE
0.25,155,0.180302377539059,0.00598802395209581,0.0936180904522613,0.00399201596806387,TRUE,TRUE
0.25,156,-0.0233500459133149,0.650698602794411,-0.0141708542713568,0.656686626746507,FALSE,FALSE
0.25,157,0.0186066540414789,0.710578842315369,0.0124120603015075,0.702594810379242,FALSE,FALSE
0.25,158,0.0839261641482782,0.125748502994012,0.0449246231155779,0.129740518962076,FALSE,FALSE
0.25,159,-0.13336721202525,0.00798403193612774,-0.100251256281407,0.00798403193612774,TRUE,TRUE
0.25,160,0.208006168666328,0.00199600798403194,0.0863316582914573,0.00199600798403194,TRUE,TRUE
0.25,161,0.0207602066602185,0.654690618762475,0.0149748743718593,0.70059880239521,FALSE,FALSE
0.25,162,0.0405258238473586,0.489021956087824,0.0301005025125628,0.44311377245509,FALSE,FALSE
0.25,163,0.0501239504165484,0.351297405189621,0.0325628140703518,0.355289421157685,FALSE,FALSE
0.25,164,-0.0445608216109934,0.411177644710579,-0.03,0.419161676646707,FALSE,FALSE
0.25,165,0.0265026266298009,0.622754491017964,0.0172361809045226,0.63872255489022,FALSE,FALSE
0.25,166,-0.0550560092676889,0.329341317365269,-0.0337688442211055,0.307385229540918,FALSE,FALSE
0.25,167,-0.0320758471484016,0.574850299401198,-0.0178894472361809,0.544910179640719,FALSE,FALSE
0.25,168,-0.076044528513462,0.203592814371257,-0.0375376884422111,0.177644710578842,FALSE,FALSE
0.25,169,0.0465863709605736,0.373253493013972,0.0331155778894472,0.365269461077844,FALSE,FALSE
0.25,170,-0.0968891861892366,0.0738522954091816,-0.0680402010050251,0.0558882235528942,FALSE,FALSE
0.25,171,0.0593756590429423,0.277445109780439,0.0435175879396985,0.285429141716567,FALSE,FALSE
0.25,172,0.108684056231193,0.0598802395209581,0.0622613065326633,0.0518962075848303,FALSE,FALSE
0.25,173,0.0330960419787077,0.526946107784431,0.024070351758794,0.528942115768463,FALSE,FALSE
0.25,174,0.0170067992624877,0.748502994011976,0.0112562814070352,0.782435129740519,FALSE,FALSE
0.25,175,-0.0361012378312639,0.512974051896208,-0.0274371859296482,0.518962075848303,FALSE,FALSE
0.25,176,0.148568509652865,0.00998003992015968,0.0782914572864322,0.0139720558882236,TRUE,TRUE
0.25,177,0.0106594073297413,0.838323353293413,0.00618090452261306,0.852295409181637,FALSE,FALSE
0.25,178,-0.0706430111248,0.207584830339321,-0.0579899497487437,0.171656686626747,FALSE,FALSE
0.25,179,0.121025559572827,0.0279441117764471,0.0725628140703518,0.0379241516966068,TRUE,TRUE
0.25,180,-0.0758279220516181,0.165668662674651,-0.0520603015075377,0.135728542914172,FALSE,FALSE
0.25,181,0.0197629778705862,0.740518962075848,0.0137185929648241,0.708582834331337,FALSE,FALSE
0.25,182,-0.0758428343276511,0.171656686626747,-0.0374371859296482,0.191616766467066,FALSE,FALSE
0.25,183,-0.154184873400807,0.00399201596806387,-0.135427135678392,0.00598802395209581,TRUE,TRUE
0.25,184,0.0927574307112974,0.0818363273453094,0.0625628140703518,0.107784431137725,FALSE,FALSE
0.25,185,-0.17918730704822,0.00199600798403194,-0.13608040201005,0.00199600798403194,TRUE,TRUE
0.25,186,-0.0681314602873337,0.243512974051896,-0.0317587939698492,0.229540918163673,FALSE,FALSE
0.25,187,-0.005124025260833,0.93812375249501,-0.00321608040201005,0.924151696606786,FALSE,FALSE
0.25,188,0.00851456962205076,0.868263473053892,0.00557788944723618,0.872255489021956,FALSE,FALSE
0.25,189,0.0785567686902577,0.155688622754491,0.0268341708542714,0.167664670658683,FALSE,FALSE
0.25,190,0.164675981025874,0.00199600798403194,0.11608040201005,0.00598802395209581,TRUE,TRUE
0.25,191,-0.0235379570155141,0.652694610778443,-0.0197989949748744,0.660678642714571,FALSE,FALSE
0.25,192,-0.0567954013328471,0.29940119760479,-0.0425628140703518,0.235528942115768,FALSE,FALSE
0.25,193,-0.207614272569192,0.00199600798403194,-0.16251256281407,0.00199600798403194,TRUE,TRUE
0.25,194,-0.224899255499385,0.00199600798403194,-0.16321608040201,0.00199600798403194,TRUE,TRUE
0.25,195,-0.115331442144432,0.0359281437125748,-0.0746733668341709,0.029940119760479,TRUE,TRUE
0.25,196,0.0674095339974675,0.207584830339321,0.0492462311557789,0.187624750499002,FALSE,FALSE
0.25,197,-0.129430474976441,0.0159680638722555,-0.0876884422110553,0.00798403193612774,TRUE,TRUE
0.25,198,-0.114611330321606,0.0379241516966068,-0.0944723618090452,0.0419161676646707,TRUE,TRUE
0.25,199,-0.0544365233295944,0.303393213572854,-0.0339195979899497,0.331337325349301,FALSE,FALSE
0.25,200,-0.0377065352716666,0.467065868263473,-0.0286934673366834,0.465069860279441,FALSE,FALSE
0.25,201,0.0204903352432925,0.758483033932136,0.00804020100502513,0.738522954091816,FALSE,FALSE
0.25,202,0.121128469196812,0.0279441117764471,0.0772361809045226,0.0359281437125748,TRUE,TRUE
0.25,203,0.00273207054846784,0.954091816367265,0.0022110552763819,0.962075848303393,FALSE,FALSE
0.25,204,-0.0173057749069498,0.732534930139721,-0.0119095477386935,0.734530938123752,FALSE,FALSE
0.25,205,-0.0861771478559251,0.159680638722555,-0.0517587939698492,0.121756487025948,FALSE,FALSE
0.25,206,0.0283460967231147,0.602794411177645,0.0152261306532663,0.632734530938124,FALSE,FALSE
0.25,207,-0.00305996517779441,0.962075848303393,-0.00170854271356784,0.960079840319361,FALSE,FALSE
0.25,208,0.137464649414477,0.0219560878243513,0.064070351758794,0.0139720558882236,TRUE,TRUE
0.25,209,-0.0287677602060679,0.6187624750499,-0.0217587939698492,0.584830339321357,FALSE,FALSE
0.25,210,-0.0414495128181695,0.465069860279441,-0.0297989949748744,0.411177644710579,FALSE,FALSE
0.25,211,0.0653439941349877,0.249500998003992,0.04321608040201,0.255489021956088,FALSE,FALSE
0.25,212,-0.0634431038584399,0.223552894211577,-0.0458793969849246,0.229540918163673,FALSE,FALSE
0.25,213,0.0199728445224385,0.728542914171657,0.00949748743718593,0.716566866267465,FALSE,FALSE
0.25,214,0.0031139785559836,0.944111776447106,0.00211055276381909,0.956087824351297,FALSE,FALSE
0.25,215,-0.0802664139856236,0.141716566866267,-0.064321608040201,0.129740518962076,FALSE,FALSE
0.25,216,0.0710409503076933,0.183632734530938,0.0431155778894472,0.193612774451098,FALSE,FALSE
0.25,217,0.0592289416624227,0.29940119760479,0.0381407035175879,0.30938123752495,FALSE,FALSE
0.25,218,-0.132190928929245,0.00798403193612774,-0.098391959798995,0.0119760479041916,TRUE,TRUE
0.25,219,0.012376686319992,0.832335329341317,0.00386934673366834,0.822355289421158,FALSE,FALSE
0.25,220,-0.0197327051957117,0.706586826347305,-0.0121105527638191,0.728542914171657,FALSE,FALSE
0.25,221,0.119732630899954,0.0139720558882236,0.0813065326633166,0.0179640718562874,TRUE,TRUE
0.25,222,-0.2063060032026,0.00199600798403194,-0.142763819095477,0.00199600798403194,TRUE,TRUE
0.25,223,0.06629422683764,0.213572854291417,0.0369346733668342,0.275449101796407,FALSE,FALSE
0.25,224,0.0495787719009619,0.393213572854291,0.0338693467336683,0.405189620758483,FALSE,FALSE
0.25,225,-0.059592857252607,0.283433133732535,-0.0391457286432161,0.291417165668663,FALSE,FALSE
0.25,226,0.0688527867044267,0.217564870259481,0.0426130653266332,0.227544910179641,FALSE,FALSE
0.25,227,-0.144823303562504,0.00998003992015968,-0.0452763819095477,0.0139720558882236,TRUE,TRUE
0.25,228,-0.0868525576278016,0.13373253493014,-0.0634170854271357,0.109780439121756,FALSE,FALSE
0.25,229,0.0762168581842237,0.173652694610778,0.0566331658291457,0.139720558882236,FALSE,FALSE
0.25,230,-0.028770087632163,0.650698602794411,-0.0181407035175879,0.590818363273453,FALSE,FALSE
0.25,231,0.135459728796051,0.0199600798403194,0.10035175879397,0.0159680638722555,TRUE,TRUE
0.25,232,-0.0262667467247856,0.662674650698603,-0.0192964824120603,0.63872255489022,FALSE,FALSE
0.25,233,0.0506044158963099,0.349301397205589,0.0333165829145729,0.357285429141717,FALSE,FALSE
0.25,234,-0.0268264851240171,0.606786427145709,-0.0240201005025126,0.580838323353293,FALSE,FALSE
0.25,235,-0.15879010928416,0.00199600798403194,-0.128291457286432,0.00598802395209581,TRUE,TRUE
0.25,236,0.113286690137933,0.0399201596806387,0.0772361809045226,0.0279441117764471,TRUE,TRUE
0.25,237,-0.0278501132343443,0.614770459081836,-0.012713567839196,0.612774451097804,FALSE,FALSE
0.25,238,0.0145695845067852,0.796407185628742,0.00824120603015075,0.80439121756487,FALSE,FALSE
0.25,239,-0.0729695743593472,0.179640718562874,-0.0578391959798995,0.159680638722555,FALSE,FALSE
0.25,240,-0.0755424204080206,0.173652694610778,-0.0439698492462312,0.157684630738523,FALSE,FALSE
0.25,241,0.074348862621331,0.183632734530938,0.0515577889447236,0.19560878243513,FALSE,FALSE
0.25,242,0.0617176293816033,0.259481037924152,0.0501507537688442,0.251497005988024,FALSE,FALSE
0.25,243,0.143120605595979,0.0119760479041916,0.0653266331658292,0.0179640718562874,TRUE,TRUE
0.25,244,0.0776209182505136,0.163672654690619,0.0510050251256281,0.167664670658683,FALSE,FALSE
0.25,245,0.0556642326429434,0.295409181636727,0.0387939698492462,0.311377245508982,FALSE,FALSE
0.25,246,-0.0210417077884986,0.692614770459082,-0.0155276381909548,0.684630738522954,FALSE,FALSE
0.25,247,-0.0361878729609601,0.489021956087824,-0.0248743718592965,0.534930139720559,FALSE,FALSE
0.25,248,0.129218380752627,0.0159680638722555,0.0648241206030151,0.0179640718562874,TRUE,TRUE
0.25,249,-0.109177422226056,0.0698602794411178,-0.077035175879397,0.0419161676646707,FALSE,TRUE
0.25,250,-0.009704941203868,0.884231536926148,-0.00562814070351759,0.830339321357285,FALSE,FALSE
0.25,251,-0.00969054377322994,0.840319361277445,-0.0050251256281407,0.87624750499002,FALSE,FALSE
0.25,252,0.000324319538928887,0.996007984031936,0.000201005025125628,1,FALSE,FALSE
0.25,253,0.178343005820668,0.00199600798403194,0.143668341708543,0.00598802395209581,TRUE,TRUE
0.25,254,0.0774317041660677,0.159680638722555,0.0459798994974874,0.157684630738523,FALSE,FALSE
0.25,255,0.0871436287304104,0.109780439121756,0.045929648241206,0.129740518962076,FALSE,FALSE
0.25,256,0.0550067003140436,0.311377245508982,0.040251256281407,0.327345309381238,FALSE,FALSE
0.25,257,0.110335950136124,0.0259481037924152,0.0995979899497487,0.0339321357285429,TRUE,TRUE
0.25,258,-0.0857347720834765,0.117764471057884,-0.0676381909547739,0.0898203592814371,FALSE,FALSE
0.25,259,-0.119141782378863,0.0538922155688623,-0.0744723618090452,0.0279441117764471,FALSE,TRUE
0.25,260,0.138221292238717,0.0119760479041916,0.0657286432160804,0.0179640718562874,TRUE,TRUE
0.25,261,-0.0711110255322152,0.187624750499002,-0.0481909547738693,0.197604790419162,FALSE,FALSE
0.25,262,0.169337898998435,0.00199600798403194,0.133115577889447,0.00199600798403194,TRUE,TRUE
0.25,263,0.117573498271365,0.0259481037924152,0.0962814070351759,0.0259481037924152,TRUE,TRUE
0.25,264,-0.0595659111796276,0.235528942115768,-0.0464321608040201,0.261477045908184,FALSE,FALSE
0.25,265,-0.0403009734620682,0.457085828343313,-0.0233668341708543,0.534930139720559,FALSE,FALSE
0.25,266,0.0161839099076018,0.74251497005988,0.0106030150753769,0.750499001996008,FALSE,FALSE
0.25,267,-0.0233909732108353,0.68063872255489,-0.0113065326633166,0.67065868263473,FALSE,FALSE
0.25,268,-0.0285328939301502,0.630738522954092,-0.0215075376884422,0.580838323353293,FALSE,FALSE
0.25,269,-0.100715328956483,0.0698602794411178,-0.0716582914572864,0.0558882235528942,FALSE,FALSE
0.25,270,0.0400251011516943,0.447105788423154,0.0353768844221106,0.405189620758483,FALSE,FALSE
0.25,271,-0.0380935239880278,0.497005988023952,-0.024321608040201,0.514970059880239,FALSE,FALSE
0.25,272,0.103701431069587,0.0598802395209581,0.0731658291457286,0.0578842315369262,FALSE,FALSE
0.25,273,-0.0211121574090627,0.704590818363273,-0.0157788944723618,0.678642714570858,FALSE,FALSE
0.25,274,0.126490613294368,0.0279441117764471,0.0538693467336683,0.0279441117764471,TRUE,TRUE
0.25,275,-0.0453717555207481,0.435129740518962,-0.0242713567839196,0.441117764471058,FALSE,FALSE
0.25,276,0.169568223391489,0.00399201596806387,0.10070351758794,0.00199600798403194,TRUE,TRUE
0.25,277,0.0381805621436856,0.491017964071856,0.0224120603015075,0.489021956087824,FALSE,FALSE
0.25,278,0.0911873231634547,0.125748502994012,0.0534673366834171,0.119760479041916,FALSE,FALSE
0.25,279,0.0378344426897672,0.481037924151697,0.0278894472361809,0.491017964071856,FALSE,FALSE
0.25,280,0.00354222572870873,0.966067864271457,0.00266331658291457,0.950099800399202,FALSE,FALSE
0.25,281,0.0933724269492159,0.0898203592814371,0.0551758793969849,0.0818363273453094,FALSE,FALSE
0.25,282,0.066634853862202,0.2375249500998,0.0399497487437186,0.223552894211577,FALSE,FALSE
0.25,283,0.0371136504018005,0.479041916167665,0.0235175879396985,0.518962075848303,FALSE,FALSE
0.25,284,-0.0316561871593071,0.562874251497006,-0.0237185929648241,0.582834331337325,FALSE,FALSE
0.25,285,0.0821487572684038,0.127744510978044,0.0513065326633166,0.149700598802395,FALSE,FALSE
0.25,286,-0.00966132398298779,0.846307385229541,-0.00703517587939699,0.87624750499002,FALSE,FALSE
0.25,287,0.182008096606925,0.00199600798403194,0.102964824120603,0.00399201596806387,TRUE,TRUE
0.25,288,0.0518387251302498,0.353293413173653,0.032964824120603,0.391217564870259,FALSE,FALSE
0.25,289,-0.0738582075380569,0.141716566866267,-0.0615075376884422,0.157684630738523,FALSE,FALSE
0.25,290,-0.179802691759891,0.00399201596806387,-0.0705527638190955,0.00199600798403194,TRUE,TRUE
0.25,291,0.0565808935873294,0.31936127744511,0.038391959798995,0.305389221556886,FALSE,FALSE
0.25,292,-0.0784488460180376,0.169660678642715,-0.0400502512562814,0.161676646706587,FALSE,FALSE
0.25,293,0.040580386947443,0.415169660678643,0.0315577889447236,0.435129740518962,FALSE,FALSE
0.25,294,0.0983893971089079,0.0878243512974052,0.0744221105527638,0.0698602794411178,FALSE,FALSE
0.25,295,0.0499971507406238,0.37125748502994,0.0353266331658291,0.353293413173653,FALSE,FALSE
0.25,296,0.00235101027952611,0.964071856287425,0.00170854271356784,0.980039920159681,FALSE,FALSE
0.25,297,-0.0380342501184448,0.491017964071856,-0.0241206030150754,0.467065868263473,FALSE,FALSE
0.25,298,0.115764560024745,0.0279441117764471,0.08,0.0219560878243513,TRUE,TRUE
0.25,299,0.177477080423913,0.00199600798403194,0.13391959798995,0.00399201596806387,TRUE,TRUE
0.25,300,-0.0427645075824644,0.447105788423154,-0.0250753768844221,0.435129740518962,FALSE,FALSE
0.25,301,-0.132325080949504,0.0139720558882236,-0.109597989949749,0.0139720558882236,TRUE,TRUE
0.25,302,0.0309270740171322,0.554890219560878,0.0210050251256281,0.616766467065868,FALSE,FALSE
0.25,303,0.074257877156415,0.187624750499002,0.0562814070351759,0.143712574850299,FALSE,FALSE
0.25,304,0.0519376453076052,0.327345309381238,0.0395979899497487,0.349301397205589,FALSE,FALSE
0.25,305,-0.0399146162044071,0.469061876247505,-0.0206030150753769,0.479041916167665,FALSE,FALSE
0.25,306,-0.0622811939972941,0.261477045908184,-0.0441206030150754,0.269461077844311,FALSE,FALSE
0.25,307,-0.0386099852324029,0.431137724550898,-0.0308542713567839,0.447105788423154,FALSE,FALSE
0.25,308,0.0552804661164529,0.263473053892216,0.0482412060301508,0.343313373253493,FALSE,FALSE
0.25,309,-0.114777543579491,0.0339321357285429,-0.0793969849246231,0.0379241516966068,TRUE,TRUE
0.25,310,0.0969561116192303,0.105788423153693,0.0494974874371859,0.0838323353293413,FALSE,FALSE
0.25,311,-0.0245457549857574,0.654690618762475,-0.0160804020100503,0.648702594810379,FALSE,FALSE
0.25,312,-0.109501676704181,0.0379241516966068,-0.0685427135678392,0.0558882235528942,TRUE,FALSE
0.25,313,0.16664796842349,0.00399201596806387,0.103015075376884,0.00399201596806387,TRUE,TRUE
0.25,314,0.15938929078772,0.00798403193612774,0.110854271356784,0.00598802395209581,TRUE,TRUE
0.25,315,0.0246356709258009,0.682634730538922,0.00994974874371859,0.68063872255489,FALSE,FALSE
0.25,316,0.160083240864109,0.00798403193612774,0.0588442211055276,0.00598802395209581,TRUE,TRUE
0.25,317,-0.0011915886640561,0.982035928143713,-0.000753768844221105,0.988023952095808,FALSE,FALSE
0.25,318,-0.0723446368768939,0.177644710578842,-0.0419095477386935,0.207584830339321,FALSE,FALSE
0.25,319,-0.113388820148685,0.031936127744511,-0.0841708542713568,0.0479041916167665,TRUE,TRUE
0.25,320,-0.071901110577466,0.19560878243513,-0.0471356783919598,0.181636726546906,FALSE,FALSE
0.25,321,0.0661045185306137,0.245508982035928,0.0492462311557789,0.211576846307385,FALSE,FALSE
0.25,322,-0.0550887381424017,0.341317365269461,-0.0285929648241206,0.347305389221557,FALSE,FALSE
0.25,323,0.0772086681741483,0.179640718562874,0.0442211055276382,0.18562874251497,FALSE,FALSE
0.25,324,0.0778505241661249,0.161676646706587,0.0517587939698492,0.147704590818363,FALSE,FALSE
0.25,325,-0.0774632359931588,0.173652694610778,-0.0479899497487437,0.155688622754491,FALSE,FALSE
0.25,326,-0.107424069740539,0.0359281437125748,-0.0803015075376884,0.0578842315369262,TRUE,FALSE
0.25,327,0.0874834639958032,0.109780439121756,0.0547236180904523,0.129740518962076,FALSE,FALSE
0.25,328,-0.111944615903599,0.0518962075848303,-0.0698994974874372,0.0479041916167665,FALSE,TRUE
0.25,329,0.030238029964418,0.602794411177645,0.00793969849246231,0.608782435129741,FALSE,FALSE
0.25,330,0.0595245945636069,0.261477045908184,0.045427135678392,0.253493013972056,FALSE,FALSE
0.25,331,0.0537585259750577,0.353293413173653,0.0364321608040201,0.281437125748503,FALSE,FALSE
0.25,332,-0.08489551651644,0.129740518962076,-0.0473869346733668,0.121756487025948,FALSE,FALSE
0.25,333,-0.230677342743566,0.00199600798403194,-0.196633165829146,0.00199600798403194,TRUE,TRUE
0.25,334,-0.102372731086355,0.0439121756487026,-0.0924120603015075,0.0419161676646707,TRUE,TRUE
0.25,335,-0.0758665151227062,0.13373253493014,-0.0633165829145729,0.141716566866267,FALSE,FALSE
0.25,336,0,1,0,1,FALSE,FALSE
0.25,337,-0.0020546666226428,0.960079840319361,-0.00155778894472362,0.956087824351297,FALSE,FALSE
0.25,338,0.0517272182411506,0.333333333333333,0.0408542713567839,0.311377245508982,FALSE,FALSE
0.25,339,0.046727695156963,0.417165668662675,0.0322110552763819,0.403193612774451,FALSE,FALSE
0.25,340,-0.184243681329469,0.00199600798403194,-0.10678391959799,0.00399201596806387,TRUE,TRUE
0.25,341,-0.0929671734258188,0.0818363273453094,-0.0542211055276382,0.115768463073852,FALSE,FALSE
0.25,342,-0.0824442986696389,0.111776447105788,-0.0578894472361809,0.12375249500998,FALSE,FALSE
0.25,343,-0.0702698616244334,0.19560878243513,-0.05321608040201,0.223552894211577,FALSE,FALSE
0.25,344,0.0823021332889977,0.153692614770459,0.0515075376884422,0.143712574850299,FALSE,FALSE
0.25,345,0.0589284490034536,0.245508982035928,0.0457788944723618,0.259481037924152,FALSE,FALSE
0.25,346,0.128452047542672,0.0259481037924152,0.0770854271356784,0.0199600798403194,TRUE,TRUE
0.25,347,-0.00647027731897623,0.918163672654691,-0.0049748743718593,0.898203592814371,FALSE,FALSE
0.25,348,-0.0572095067228962,0.321357285429142,-0.0396482412060302,0.287425149700599,FALSE,FALSE
0.25,349,0.074161136202655,0.165668662674651,0.0547236180904523,0.163672654690619,FALSE,FALSE
0.25,350,0.0971480976300373,0.06187624750499,0.079748743718593,0.0778443113772455,FALSE,FALSE
0.25,351,0.0163781435549867,0.794411177644711,0.00889447236180905,0.758483033932136,FALSE,FALSE
0.25,352,0.0258477567046892,0.630738522954092,0.0180402010050251,0.652694610778443,FALSE,FALSE
0.25,353,0.0845345153357687,0.117764471057884,0.0502010050251256,0.173652694610778,FALSE,FALSE
0.25,354,-0.172449292407525,0.00399201596806387,-0.139698492462312,0.00399201596806387,TRUE,TRUE
0.25,355,-0.0534808373951078,0.297405189620758,-0.0433668341708543,0.323353293413174,FALSE,FALSE
0.25,356,0.111478460627827,0.0279441117764471,0.0776884422110553,0.0439121756487026,TRUE,TRUE
0.25,357,-0.149701496284831,0.00798403193612774,-0.0908542713567839,0.00798403193612774,TRUE,TRUE
0.25,358,-0.154853268368208,0.00598802395209581,-0.110653266331658,0.00399201596806387,TRUE,TRUE
0.25,359,0.0264551811444488,0.608782435129741,0.0199497487437186,0.606786427145709,FALSE,FALSE
0.25,360,0.0186451613402749,0.714570858283433,0.0148241206030151,0.704590818363273,FALSE,FALSE
0.25,361,0.00696389801417749,0.914171656686627,0.00296482412060302,0.906187624750499,FALSE,FALSE
0.25,362,-0.0693274061996865,0.215568862275449,-0.037035175879397,0.199600798403194,FALSE,FALSE
0.25,363,-0.0567165511971668,0.31936127744511,-0.0411557788944724,0.305389221556886,FALSE,FALSE
0.25,364,-0.0756985230000788,0.151696606786427,-0.0557286432160804,0.141716566866267,FALSE,FALSE
0.25,365,-0.0396044984336138,0.48502994011976,-0.0222110552763819,0.471057884231537,FALSE,FALSE
0.25,366,-0.0870637553390714,0.121756487025948,-0.0637185929648241,0.11377245508982,FALSE,FALSE
0.25,367,-0.129261992705135,0.0139720558882236,-0.102412060301508,0.0179640718562874,TRUE,TRUE
0.25,368,-0.2070688658878,0.00199600798403194,-0.140854271356784,0.00199600798403194,TRUE,TRUE
0.25,369,-0.0646923476600314,0.211576846307385,-0.0456281407035176,0.251497005988024,FALSE,FALSE
0.25,370,0.123490932389755,0.0219560878243513,0.0817085427135678,0.0199600798403194,TRUE,TRUE
0.25,371,0.00904947105342811,0.884231536926148,0.00542713567839196,0.860279441117764,FALSE,FALSE
0.25,372,0.105958368892596,0.0518962075848303,0.0774371859296482,0.063872255489022,FALSE,FALSE
0.25,373,0.067137891849651,0.207584830339321,0.0460804020100503,0.207584830339321,FALSE,FALSE
0.25,374,0.0138557097563542,0.784431137724551,0.00798994974874372,0.834331337325349,FALSE,FALSE
0.25,375,-0.330010224217698,0.00199600798403194,-0.256281407035176,0.00199600798403194,TRUE,TRUE
0.25,376,0.115392081764792,0.0399201596806387,0.0569346733668342,0.0479041916167665,TRUE,TRUE
0.25,377,0.136557214464257,0.0139720558882236,0.102713567839196,0.00998003992015968,TRUE,TRUE
0.25,378,0.0175131425094297,0.720558882235529,0.0123618090452261,0.720558882235529,FALSE,FALSE
0.25,379,0.0478807581166247,0.399201596806387,0.0304522613065327,0.3812375249501,FALSE,FALSE
0.25,380,-0.0536529790900794,0.345309381237525,-0.0394974874371859,0.311377245508982,FALSE,FALSE
0.25,381,-0.00349993328374918,0.954091816367265,-0.0021608040201005,0.94810379241517,FALSE,FALSE
0.25,382,-0.138936678723309,0.0119760479041916,-0.101758793969849,0.0179640718562874,TRUE,TRUE
0.25,383,0.0392089492243619,0.467065868263473,0.0242211055276382,0.463073852295409,FALSE,FALSE
0.25,384,-0.0269249873654525,0.652694610778443,-0.015427135678392,0.646706586826347,FALSE,FALSE
0.25,385,-0.0893368521148339,0.0998003992015968,-0.0633668341708543,0.115768463073852,FALSE,FALSE
0.25,386,-0.0755032208653056,0.155688622754491,-0.0533668341708543,0.17564870259481,FALSE,FALSE
0.25,387,-0.0331928318088126,0.520958083832335,-0.0234673366834171,0.568862275449102,FALSE,FALSE
0.25,388,-0.180548497742086,0.00399201596806387,-0.119447236180905,0.00399201596806387,TRUE,TRUE
0.25,389,0.0239976601325092,0.600798403193613,0.0207537688442211,0.642714570858283,FALSE,FALSE
0.25,390,0.0660076719356449,0.211576846307385,0.0491959798994975,0.231536926147705,FALSE,FALSE
0.25,391,-0.0883280872398299,0.107784431137725,-0.0451256281407035,0.107784431137725,FALSE,FALSE
0.25,392,-0.400694381095718,0.00199600798403194,-0.260552763819095,0.00199600798403194,TRUE,TRUE
0.25,393,0.027125840051837,0.614770459081836,0.0157286432160804,0.612774451097804,FALSE,FALSE
0.25,394,0.281499091537466,0.00199600798403194,0.16321608040201,0.00199600798403194,TRUE,TRUE
0.25,395,-0.0669992404473056,0.213572854291417,-0.0487939698492462,0.211576846307385,FALSE,FALSE
0.25,396,0.0263046813706857,0.648702594810379,0.0190954773869347,0.644710578842315,FALSE,FALSE
0.25,397,0.104577678481292,0.0598802395209581,0.051608040201005,0.0858283433133733,FALSE,FALSE
0.25,398,0.213360752711358,0.00199600798403194,0.163869346733668,0.00199600798403194,TRUE,TRUE
0.25,399,-0.0573674906999749,0.317365269461078,-0.0348241206030151,0.313373253493014,FALSE,FALSE
0.25,400,0.0715476318052787,0.193612774451098,0.0507035175879397,0.209580838323353,FALSE,FALSE
0.25,401,0.0336084041747026,0.528942115768463,0.0193969849246231,0.550898203592814,FALSE,FALSE
0.25,402,-0.117099883630594,0.0159680638722555,-0.0744723618090452,0.0239520958083832,TRUE,TRUE
0.25,403,0.0580088930960982,0.275449101796407,0.0386934673366834,0.283433133732535,FALSE,FALSE
0.25,404,-0.101004772518367,0.0518962075848303,-0.0841708542713568,0.06187624750499,FALSE,FALSE
0.25,405,-0.0921882269008991,0.0998003992015968,-0.0558793969849246,0.101796407185629,FALSE,FALSE
0.25,406,0.109666024271754,0.0379241516966068,0.0834170854271357,0.0499001996007984,TRUE,TRUE
0.25,407,0.0222434350976604,0.658682634730539,0.0144221105527638,0.656686626746507,FALSE,FALSE
0.25,408,-0.00313662789025349,0.968063872255489,-0.00256281407035176,0.946107784431138,FALSE,FALSE
0.25,409,-0.0478909004014017,0.341317365269461,-0.0393467336683417,0.36127744510978,FALSE,FALSE
0.25,410,-0.0633591306966478,0.301397205588822,-0.0383417085427136,0.255489021956088,FALSE,FALSE
0.25,411,-0.160407795875925,0.00598802395209581,-0.117437185929648,0.00798403193612774,TRUE,TRUE
0.25,412,0.00705571834329597,0.896207584830339,0.00542713567839196,0.87624750499002,FALSE,FALSE
0.25,413,0.12126683081797,0.0279441117764471,0.0751758793969849,0.029940119760479,TRUE,TRUE
0.25,414,0.0304718350225723,0.572854291417166,0.0228643216080402,0.55688622754491,FALSE,FALSE
0.25,415,0.0190341659026371,0.7624750499002,0.0130150753768844,0.704590818363273,FALSE,FALSE
0.25,416,-0.0684790153419872,0.235528942115768,-0.0458793969849246,0.205588822355289,FALSE,FALSE
0.25,417,-0.0608879854971699,0.273453093812375,-0.0483417085427136,0.263473053892216,FALSE,FALSE
0.25,418,-0.0588848848990143,0.289421157684631,-0.0347738693467337,0.293413173652695,FALSE,FALSE
0.25,419,-0.168757867218742,0.00399201596806387,-0.11929648241206,0.00199600798403194,TRUE,TRUE
0.25,420,0.0544747325877809,0.29940119760479,0.0431658291457286,0.279441117764471,FALSE,FALSE
0.25,421,0.016067293252499,0.776447105788423,0.00819095477386934,0.788423153692615,FALSE,FALSE
0.25,422,-0.00236543471440202,0.974051896207585,-0.0014572864321608,0.960079840319361,FALSE,FALSE
0.25,423,0.111336911721923,0.0339321357285429,0.0798994974874372,0.0359281437125748,TRUE,TRUE
0.25,424,-0.0700289065092838,0.18562874251497,-0.0460804020100503,0.189620758483034,FALSE,FALSE
0.25,425,-0.0713077281673822,0.189620758483034,-0.0545226130653266,0.177644710578842,FALSE,FALSE
0.25,426,0.0787906102414322,0.137724550898204,0.0497989949748744,0.161676646706587,FALSE,FALSE
0.25,427,-0.0378771858876827,0.475049900199601,-0.021608040201005,0.560878243512974,FALSE,FALSE
0.25,428,0.0989468375116868,0.0778443113772455,0.0612562814070352,0.063872255489022,FALSE,FALSE
0.25,429,0.146924456784501,0.00399201596806387,0.110854271356784,0.00598802395209581,TRUE,TRUE
0.25,430,0.0216033551008924,0.698602794411178,0.0149246231155779,0.694610778443114,FALSE,FALSE
0.25,431,-0.00180125821024648,0.972055888223553,-0.00130653266331658,0.972055888223553,FALSE,FALSE
0.25,432,0.118122899041848,0.0479041916167665,0.0967336683417085,0.031936127744511,TRUE,TRUE
0.25,433,0.0938487036477777,0.093812375249501,0.0632663316582915,0.0718562874251497,FALSE,FALSE
0.25,434,-0.0898988170160712,0.0998003992015968,-0.0591457286432161,0.101796407185629,FALSE,FALSE
0.25,435,-0.0273450169721132,0.648702594810379,-0.0139698492462312,0.648702594810379,FALSE,FALSE
0.25,436,-0.00448229709874008,0.918163672654691,-0.00306532663316583,0.936127744510978,FALSE,FALSE
0.25,437,0.0798484788583658,0.137724550898204,0.0505025125628141,0.139720558882236,FALSE,FALSE
0.25,438,0.0304103284035488,0.552894211576846,0.0242713567839196,0.574850299401198,FALSE,FALSE
0.25,439,0.0687030940944017,0.177644710578842,0.0469849246231156,0.207584830339321,FALSE,FALSE
0.25,440,0.102445028238596,0.0738522954091816,0.0742211055276382,0.0538922155688623,FALSE,FALSE
0.25,441,-0.0933906303032601,0.0758483033932136,-0.0599497487437186,0.0918163672654691,FALSE,FALSE
0.25,442,-0.0925761108104477,0.0898203592814371,-0.0480402010050251,0.0898203592814371,FALSE,FALSE
0.25,443,0.0699439160804233,0.191616766467066,0.0368844221105528,0.211576846307385,FALSE,FALSE
0.25,444,0.0537359557932318,0.355289421157685,0.0358291457286432,0.339321357285429,FALSE,FALSE
0.25,445,0.018316037688118,0.734530938123752,0.0134170854271357,0.74251497005988,FALSE,FALSE
0.25,446,-0.0704747306605693,0.17564870259481,-0.06,0.18562874251497,FALSE,FALSE
0.25,447,0.0909340854200765,0.0898203592814371,0.064070351758794,0.093812375249501,FALSE,FALSE
0.25,448,0.0502566768805916,0.359281437125749,0.0263819095477387,0.363273453093812,FALSE,FALSE
0.25,449,-0.0595423707161582,0.287425149700599,-0.0465829145728643,0.273453093812375,FALSE,FALSE
0.25,450,-0.0293911500691081,0.600798403193613,-0.0205527638190955,0.590818363273453,FALSE,FALSE
0.25,451,0.103372683050708,0.06187624750499,0.0366834170854271,0.0738522954091816,FALSE,FALSE
0.25,452,0.017150177624323,0.722554890219561,0.0137688442211055,0.738522954091816,FALSE,FALSE
0.25,453,0.0384161603014609,0.483033932135729,0.0261809045226131,0.479041916167665,FALSE,FALSE
0.25,454,-0.0222024465061559,0.728542914171657,-0.00964824120603015,0.702594810379242,FALSE,FALSE
0.25,455,-0.201262602405536,0.00199600798403194,-0.101105527638191,0.00199600798403194,TRUE,TRUE
0.25,456,-0.267705203887312,0.00199600798403194,-0.165527638190955,0.00199600798403194,TRUE,TRUE
0.25,457,0.171849403030482,0.00199600798403194,0.131206030150754,0.00399201596806387,TRUE,TRUE
0.25,458,0.00744743409320987,0.896207584830339,0.00477386934673367,0.894211576846307,FALSE,FALSE
0.25,459,0.063346680874403,0.283433133732535,0.0307035175879397,0.285429141716567,FALSE,FALSE
0.25,460,0.0535617982720725,0.337325349301397,0.0303015075376884,0.357285429141717,FALSE,FALSE
0.25,461,0.0490589383981531,0.379241516966068,0.0389447236180905,0.337325349301397,FALSE,FALSE
0.25,462,-0.0116957225607337,0.830339321357285,-0.00472361809045226,0.850299401197605,FALSE,FALSE
0.25,463,0.166987503693668,0.00399201596806387,0.141206030150754,0.00199600798403194,TRUE,TRUE
0.25,464,0.0893135145464844,0.0898203592814371,0.0564321608040201,0.127744510978044,FALSE,FALSE
0.25,465,0.0337369868614263,0.568862275449102,0.021105527638191,0.550898203592814,FALSE,FALSE
0.25,466,-0.0769929613316464,0.137724550898204,-0.051105527638191,0.139720558882236,FALSE,FALSE
0.25,467,0.0455262335533096,0.401197604790419,0.034572864321608,0.375249500998004,FALSE,FALSE
0.25,468,0.158264105519518,0.00199600798403194,0.0706532663316583,0.00998003992015968,TRUE,TRUE
0.25,469,0.0869295826295442,0.0978043912175649,0.0521608040201005,0.129740518962076,FALSE,FALSE
0.25,470,-0.0838609768754812,0.11377245508982,-0.0537185929648241,0.137724550898204,FALSE,FALSE
0.25,471,-0.223507958524687,0.00199600798403194,-0.123115577889447,0.00199600798403194,TRUE,TRUE
0.25,472,-0.209639726412948,0.00199600798403194,-0.15427135678392,0.00199600798403194,TRUE,TRUE
0.25,473,-0.245200181786317,0.00199600798403194,-0.16070351758794,0.00199600798403194,TRUE,TRUE
0.25,474,0.116457607515743,0.0259481037924152,0.107839195979899,0.0239520958083832,TRUE,TRUE
0.25,475,0.0151795548128672,0.80439121756487,0.00613065326633166,0.806387225548902,FALSE,FALSE
0.25,476,0.025214191663789,0.624750499001996,0.0190954773869347,0.650698602794411,FALSE,FALSE
0.25,477,-0.0225116984250738,0.634730538922156,-0.0143718592964824,0.672654690618762,FALSE,FALSE
0.25,478,-0.0212688947384321,0.684630738522954,-0.0112060301507538,0.698602794411178,FALSE,FALSE
0.25,479,-0.0379484616350684,0.497005988023952,-0.0266834170854271,0.48502994011976,FALSE,FALSE
0.25,480,0.126163677499433,0.0139720558882236,0.0894974874371859,0.0239520958083832,TRUE,TRUE
0.25,481,-0.0357363438935789,0.550898203592814,-0.0204522613065327,0.526946107784431,FALSE,FALSE
0.25,482,-0.068137820766407,0.223552894211577,-0.0374371859296482,0.225548902195609,FALSE,FALSE
0.25,483,0.198156089759704,0.00199600798403194,0.145025125628141,0.00199600798403194,TRUE,TRUE
0.25,484,-0.114711404728592,0.0279441117764471,-0.0951758793969849,0.0339321357285429,TRUE,TRUE
0.25,485,0.00729375407992253,0.910179640718563,0.00447236180904523,0.882235528942116,FALSE,FALSE
0.25,486,-0.115388511401125,0.0439121756487026,-0.0955276381909548,0.0199600798403194,TRUE,TRUE
0.25,487,0.196255496605596,0.00399201596806387,0.128542713567839,0.00199600798403194,TRUE,TRUE
0.25,488,-0.110080133299065,0.0538922155688623,-0.0757286432160804,0.0379241516966068,FALSE,TRUE
0.25,489,-0.057433539346041,0.305389221556886,-0.0337185929648241,0.303393213572854,FALSE,FALSE
0.25,490,0.0567462510832433,0.327345309381238,0.0253266331658291,0.321357285429142,FALSE,FALSE
0.25,491,0.0114350921968066,0.848303393213573,0.00663316582914573,0.846307385229541,FALSE,FALSE
0.25,492,0.114345422952933,0.0419161676646707,0.0795979899497487,0.0459081836327345,TRUE,TRUE
0.25,493,-0.0805065666737893,0.141716566866267,-0.0532663316582915,0.165668662674651,FALSE,FALSE
0.25,494,-0.0690062417203401,0.217564870259481,-0.0425628140703518,0.217564870259481,FALSE,FALSE
0.25,495,0.0848041500265721,0.107784431137725,0.0637185929648241,0.093812375249501,FALSE,FALSE
0.25,496,0.0448455062065514,0.403193612774451,0.0315075376884422,0.399201596806387,FALSE,FALSE
0.25,497,0.0651733864806227,0.249500998003992,0.0284422110552764,0.235528942115768,FALSE,FALSE
0.25,498,-0.0318002397098225,0.578842315369261,-0.0201005025125628,0.550898203592814,FALSE,FALSE
0.25,499,0.0668479763177447,0.241516966067864,0.0401507537688442,0.207584830339321,FALSE,FALSE
0.25,500,-0.0443792322052838,0.459081836327345,-0.0272361809045226,0.451097804391218,FALSE,FALSE
0.25,501,-0.117129547493665,0.0219560878243513,-0.0885427135678392,0.031936127744511,TRUE,TRUE
0.25,502,-0.0056611136662746,0.924151696606786,-0.00386934673366834,0.916167664670659,FALSE,FALSE
0.25,503,0.115775951427815,0.0279441117764471,0.0687437185929648,0.0279441117764471,TRUE,TRUE
0.25,504,-0.0219360593330122,0.658682634730539,-0.0161809045226131,0.70059880239521,FALSE,FALSE
0.25,505,-0.0202083475760809,0.722554890219561,-0.0103015075376884,0.722554890219561,FALSE,FALSE
0.25,506,-0.0146474305613602,0.7624750499002,-0.0104522613065327,0.776447105788423,FALSE,FALSE
0.25,507,0.0227279323088924,0.714570858283433,0.011608040201005,0.696606786427146,FALSE,FALSE
0.25,508,-0.0155665917490973,0.802395209580838,-0.0120603015075377,0.778443113772455,FALSE,FALSE
0.25,509,0.144280891554955,0.00798403193612774,0.100753768844221,0.00598802395209581,TRUE,TRUE
0.25,510,-0.0262102884062289,0.63872255489022,-0.0196984924623116,0.640718562874252,FALSE,FALSE
0.25,511,0.0139220076526689,0.808383233532934,0.00592964824120603,0.786427145708583,FALSE,FALSE
0.25,512,-0.0679557560821172,0.211576846307385,-0.0498492462311558,0.203592814371257,FALSE,FALSE
0.25,513,0.0258598453723872,0.640718562874252,0.0199497487437186,0.588822355289421,FALSE,FALSE
0.25,514,-0.202988200687978,0.00199600798403194,-0.103115577889447,0.00199600798403194,TRUE,TRUE
0.25,515,-0.133869779655624,0.00998003992015968,-0.0690954773869347,0.0239520958083832,TRUE,TRUE
0.25,516,0.0965950584991901,0.0818363273453094,0.0524623115577889,0.0878243512974052,FALSE,FALSE
0.25,517,0.142565092564848,0.0159680638722555,0.0739195979899498,0.00998003992015968,TRUE,TRUE
0.25,518,-0.0292669202896698,0.546906187624751,-0.02,0.592814371257485,FALSE,FALSE
0.25,519,0.0150546596946427,0.778443113772455,0.0128643216080402,0.764471057884232,FALSE,FALSE
0.25,520,-0.0110815752704571,0.832335329341317,-0.00824120603015075,0.816367265469062,FALSE,FALSE
0.25,521,0.0686858065983249,0.18562874251497,0.0448241206030151,0.219560878243513,FALSE,FALSE
0.25,522,0.148599411124712,0.00998003992015968,0.0838693467336683,0.00598802395209581,TRUE,TRUE
0.25,523,-0.0499424449410902,0.393213572854291,-0.0296482412060302,0.325349301397206,FALSE,FALSE
0.25,524,0.0250491369374695,0.644710578842315,0.0159798994974874,0.648702594810379,FALSE,FALSE
0.25,525,-0.041021956725138,0.457085828343313,-0.0206030150753769,0.445109780439122,FALSE,FALSE
0.25,526,0.26411444004832,0.00199600798403194,0.195276381909548,0.00199600798403194,TRUE,TRUE
0.25,527,-0.296738807311154,0.00199600798403194,-0.228994974874372,0.00199600798403194,TRUE,TRUE
0.25,528,0.0243045218343204,0.642714570858283,0.0103517587939698,0.674650698602794,FALSE,FALSE
0.25,529,0.072780100982962,0.191616766467066,0.0332160804020101,0.217564870259481,FALSE,FALSE
0.25,530,-0.0448019073969298,0.431137724550898,-0.0278894472361809,0.449101796407186,FALSE,FALSE
0.25,531,0.0317075006075705,0.586826347305389,0.0198492462311558,0.560878243512974,FALSE,FALSE
0.25,532,0.22964688135316,0.00199600798403194,0.175175879396985,0.00199600798403194,TRUE,TRUE
0.25,533,-0.191420939250203,0.00199600798403194,-0.131507537688442,0.00199600798403194,TRUE,TRUE
0.25,534,-0.0582223673890288,0.301397205588822,-0.0271356783919598,0.295409181636727,FALSE,FALSE
0.25,535,0.0955285061079503,0.0778443113772455,0.075678391959799,0.0918163672654691,FALSE,FALSE
0.25,536,-0.0612570908276324,0.29940119760479,-0.0412060301507538,0.241516966067864,FALSE,FALSE
0.25,537,0.0376173352730912,0.50499001996008,0.0293969849246231,0.457085828343313,FALSE,FALSE
0.25,538,0.00396747506599837,0.946107784431138,0.00271356783919598,0.934131736526946,FALSE,FALSE
0.25,539,0.00847735749241922,0.870259481037924,0.00673366834170854,0.870259481037924,FALSE,FALSE
0.25,540,0.13135283862489,0.0159680638722555,0.0896984924623116,0.0179640718562874,TRUE,TRUE
0.25,541,0.0311146797224121,0.578842315369261,0.0237185929648241,0.552894211576846,FALSE,FALSE
0.25,542,-0.0719461650307634,0.211576846307385,-0.0581909547738693,0.163672654690619,FALSE,FALSE
0.25,543,0.0724458140287624,0.189620758483034,0.0543718592964824,0.191616766467066,FALSE,FALSE
0.25,544,-0.0144124281123997,0.768463073852295,-0.0107035175879397,0.802395209580838,FALSE,FALSE
0.25,545,0.135148229033742,0.00798403193612774,0.100753768844221,0.0139720558882236,TRUE,TRUE
0.25,546,-0.222918769039896,0.00199600798403194,-0.147587939698492,0.00199600798403194,TRUE,TRUE
0.25,547,-0.243447366077356,0.00199600798403194,-0.169246231155779,0.00199600798403194,TRUE,TRUE
0.25,548,-0.0536637256113069,0.321357285429142,-0.0348743718592965,0.321357285429142,FALSE,FALSE
0.25,549,0.0660629280238079,0.227544910179641,0.0475376884422111,0.213572854291417,FALSE,FALSE
0.25,550,0.179995055387988,0.00199600798403194,0.128190954773869,0.00199600798403194,TRUE,TRUE
0.25,551,0.0202984460537671,0.70059880239521,0.0138190954773869,0.722554890219561,FALSE,FALSE
0.25,552,-0.0405499535361921,0.435129740518962,-0.0297989949748744,0.516966067864271,FALSE,FALSE
0.25,553,0.0303708016794732,0.544910179640719,0.0261306532663317,0.536926147704591,FALSE,FALSE
0.25,554,-0.0100156043282755,0.846307385229541,-0.00819095477386935,0.870259481037924,FALSE,FALSE
0.25,555,0.0558117060964268,0.291417165668663,0.0425628140703518,0.295409181636727,FALSE,FALSE
0.25,556,0.242923577744127,0.00199600798403194,0.192964824120603,0.00199600798403194,TRUE,TRUE
0.25,557,-0.152104308627885,0.00998003992015968,-0.0750251256281407,0.00998003992015968,TRUE,TRUE
0.25,558,0.0707962467563946,0.245508982035928,0.0525125628140704,0.209580838323353,FALSE,FALSE
0.25,559,-0.00167338318644295,0.980039920159681,-0.00110552763819096,0.986027944111776,FALSE,FALSE
0.25,560,-0.185040620342179,0.00399201596806387,-0.119547738693467,0.00199600798403194,TRUE,TRUE
0.25,561,-0.075702033573074,0.215568862275449,-0.0553266331658291,0.18562874251497,FALSE,FALSE
0.25,562,-0.132740536080087,0.0179640718562874,-0.101608040201005,0.0139720558882236,TRUE,TRUE
0.25,563,0.0597267389867435,0.273453093812375,0.0412562814070352,0.245508982035928,FALSE,FALSE
0.25,564,0.0664079702130273,0.223552894211577,0.0521608040201005,0.235528942115768,FALSE,FALSE
0.25,565,0.034438283073101,0.564870259481038,0.0175879396984925,0.546906187624751,FALSE,FALSE
0.25,566,0.00494821216594557,0.918163672654691,0.00306532663316583,0.92814371257485,FALSE,FALSE
0.25,567,0.107210152064346,0.031936127744511,0.0709547738693467,0.06187624750499,TRUE,FALSE
0.25,568,0.0173880998000528,0.760479041916168,0.011105527638191,0.730538922155689,FALSE,FALSE
0.25,569,-0.073198618198287,0.213572854291417,-0.0452261306532663,0.18562874251497,FALSE,FALSE
0.25,570,0.120955711669759,0.0139720558882236,0.10427135678392,0.0259481037924152,TRUE,TRUE
0.25,571,0.0609775016548772,0.285429141716567,0.0316582914572864,0.293413173652695,FALSE,FALSE
0.25,572,-0.123044282093166,0.0259481037924152,-0.0893969849246231,0.0159680638722555,TRUE,TRUE
0.25,573,0.0475975681062459,0.391217564870259,0.0305527638190955,0.393213572854291,FALSE,FALSE
0.25,574,0.0130107336474075,0.800399201596806,0.00778894472361809,0.840319361277445,FALSE,FALSE
0.25,575,-0.0851294453423203,0.111776447105788,-0.0693969849246231,0.0958083832335329,FALSE,FALSE
0.25,576,0.0292518289123671,0.598802395209581,0.015427135678392,0.592814371257485,FALSE,FALSE
0.25,577,-0.107965198320589,0.0518962075848303,-0.0795979899497487,0.0439121756487026,FALSE,TRUE
0.25,578,-0.0147883624706582,0.812375249500998,-0.00974874371859296,0.786427145708583,FALSE,FALSE
0.25,579,0.0847329097273594,0.155688622754491,0.0479396984924623,0.141716566866267,FALSE,FALSE
0.25,580,0.024403558332874,0.686626746506986,0.0128643216080402,0.678642714570858,FALSE,FALSE
0.25,581,0.125872979065257,0.0179640718562874,0.0747236180904523,0.029940119760479,TRUE,TRUE
0.25,582,-0.0416739531285459,0.417165668662675,-0.0279396984924623,0.427145708582834,FALSE,FALSE
0.25,583,-0.0602425990851533,0.261477045908184,-0.0446733668341709,0.273453093812375,FALSE,FALSE
0.25,584,-0.28910545147948,0.00199600798403194,-0.207085427135678,0.00199600798403194,TRUE,TRUE
0.25,585,-0.132463104981247,0.0119760479041916,-0.0698492462311558,0.0199600798403194,TRUE,TRUE
0.25,586,-0.0540879293266176,0.333333333333333,-0.0408542713567839,0.315369261477046,FALSE,FALSE
0.25,587,0.114493258377544,0.029940119760479,0.0811557788944724,0.0379241516966068,TRUE,TRUE
0.25,588,-0.018880501517408,0.720558882235529,-0.0117085427135678,0.722554890219561,FALSE,FALSE
0.25,589,-0.0117337415760963,0.832335329341317,-0.00366834170854271,0.826347305389222,FALSE,FALSE
0.25,590,0.0641797085271147,0.235528942115768,0.0513065326633166,0.203592814371257,FALSE,FALSE
0.25,591,-0.164083232646386,0.00399201596806387,-0.111356783919598,0.00199600798403194,TRUE,TRUE
0.25,592,-0.0568949145169454,0.287425149700599,-0.0317085427135678,0.335329341317365,FALSE,FALSE
0.25,593,-0.166451774554082,0.00598802395209581,-0.0836180904522613,0.00598802395209581,TRUE,TRUE
0.25,594,-0.0308090642261663,0.57684630738523,-0.0210552763819096,0.568862275449102,FALSE,FALSE
0.25,595,-0.16767154776647,0.00199600798403194,-0.0856281407035176,0.00199600798403194,TRUE,TRUE
0.25,596,-0.108429132405631,0.0558882235528942,-0.0818090452261307,0.0279441117764471,FALSE,TRUE
0.25,597,0.208772756448741,0.00199600798403194,0.138140703517588,0.00199600798403194,TRUE,TRUE
0.25,598,0.000599599753010643,0.99001996007984,0.000502512562814071,0.998003992015968,FALSE,FALSE
0.25,599,-0.0682275986211287,0.221556886227545,-0.0439698492462312,0.229540918163673,FALSE,FALSE
0.25,600,-0.0114614098188615,0.842315369261477,-0.00648241206030151,0.834331337325349,FALSE,FALSE
0.25,601,-0.00529233253974034,0.914171656686627,-0.00412060301507538,0.926147704590818,FALSE,FALSE
0.25,602,0.00994280177141988,0.856287425149701,0.00633165829145728,0.870259481037924,FALSE,FALSE
0.25,603,-0.0759972351187474,0.205588822355289,-0.0331658291457286,0.173652694610778,FALSE,FALSE
0.25,604,0.15405708419785,0.00598802395209581,0.0844723618090452,0.00798403193612774,TRUE,TRUE
0.25,605,-0.207261234125642,0.00199600798403194,-0.132914572864322,0.00199600798403194,TRUE,TRUE
0.25,606,0.168978896449743,0.00399201596806387,0.11643216080402,0.00199600798403194,TRUE,TRUE
0.25,607,0.0815653682347854,0.155688622754491,0.068643216080402,0.115768463073852,FALSE,FALSE
0.25,608,-0.0753295313037449,0.177644710578842,-0.0492462311557789,0.171656686626747,FALSE,FALSE
0.25,609,-0.0520084249907463,0.333333333333333,-0.028643216080402,0.341317365269461,FALSE,FALSE
0.25,610,0.0332526344200041,0.50499001996008,0.0254773869346734,0.524950099800399,FALSE,FALSE
0.25,611,-0.0979790648130593,0.0838323353293413,-0.0658291457286432,0.0558882235528942,FALSE,FALSE
0.25,612,0.202233764507468,0.00199600798403194,0.144472361809045,0.00199600798403194,TRUE,TRUE
0.25,613,-0.0157782679659543,0.780439121756487,-0.0105025125628141,0.786427145708583,FALSE,FALSE
0.25,614,-0.0477319683223238,0.37125748502994,-0.0278391959798995,0.379241516966068,FALSE,FALSE
0.25,615,-0.0150453637804177,0.760479041916168,-0.0121608040201005,0.790419161676647,FALSE,FALSE
0.25,616,0.0580319364527067,0.271457085828343,0.0477386934673367,0.255489021956088,FALSE,FALSE
0.25,617,-0.182051433874577,0.00199600798403194,-0.158492462311558,0.00199600798403194,TRUE,TRUE
0.25,618,-0.0423714566430505,0.435129740518962,-0.019748743718593,0.477045908183633,FALSE,FALSE
0.25,619,-0.0850885423547719,0.105788423153693,-0.068643216080402,0.0858283433133733,FALSE,FALSE
0.25,620,-0.00625850639562266,0.880239520958084,-0.00512562814070352,0.926147704590818,FALSE,FALSE
0.25,621,0.0312292627329275,0.536926147704591,0.0246231155778894,0.588822355289421,FALSE,FALSE
0.25,622,0.048602506714496,0.383233532934132,0.0381407035175879,0.385229540918164,FALSE,FALSE
0.25,623,-0.0463075663411417,0.369261477045908,-0.0319095477386935,0.42315369261477,FALSE,FALSE
0.25,624,-0.0461223205812813,0.3812375249501,-0.0335678391959799,0.393213572854291,FALSE,FALSE
0.25,625,-0.07275838280035,0.199600798403194,-0.0455778894472362,0.181636726546906,FALSE,FALSE
0.25,626,0.0410513644626257,0.447105788423154,0.0325125628140703,0.445109780439122,FALSE,FALSE
0.25,627,0.0705931141998083,0.179640718562874,0.0568341708542714,0.189620758483034,FALSE,FALSE
0.25,628,-0.0180492001837018,0.74251497005988,-0.0118090452261306,0.74251497005988,FALSE,FALSE
0.25,629,-0.122536344526611,0.0279441117764471,-0.0848241206030151,0.0439121756487026,TRUE,TRUE
0.25,630,-0.215048043684073,0.00199600798403194,-0.133115577889447,0.00199600798403194,TRUE,TRUE
0.25,631,0.000705379908082149,0.996007984031936,0.000351758793969846,0.992015968063872,FALSE,FALSE
0.25,632,0.0869445770527864,0.11377245508982,0.0607035175879397,0.115768463073852,FALSE,FALSE
0.25,633,-0.0224226642002479,0.668662674650699,-0.0144221105527638,0.718562874251497,FALSE,FALSE
0.25,634,0.12849695075755,0.00798403193612774,0.09,0.0159680638722555,TRUE,TRUE
0.25,635,0.00187434021528007,0.976047904191617,0.00130653266331658,0.978043912175649,FALSE,FALSE
0.25,636,0.228200094150423,0.00199600798403194,0.160854271356784,0.00199600798403194,TRUE,TRUE
0.25,637,-0.105666014223834,0.0219560878243513,-0.0945226130653266,0.0279441117764471,TRUE,TRUE
0.25,638,0.0621455000323487,0.273453093812375,0.0332160804020101,0.271457085828343,FALSE,FALSE
0.25,639,0.103524557172306,0.0598802395209581,0.0641206030150754,0.0558882235528942,FALSE,FALSE
0.25,640,-0.120303144696133,0.0359281437125748,-0.0634170854271357,0.029940119760479,TRUE,TRUE
0.25,641,-0.0459031510621407,0.405189620758483,-0.0209547738693467,0.411177644710579,FALSE,FALSE
0.25,642,-0.165088099233103,0.00199600798403194,-0.126884422110553,0.00199600798403194,TRUE,TRUE
0.25,643,0.0513964464989283,0.373253493013972,0.0353768844221106,0.337325349301397,FALSE,FALSE
0.25,644,-0.0698113910332332,0.209580838323353,-0.0394974874371859,0.189620758483034,FALSE,FALSE
0.25,645,0.0498586261308189,0.343313373253493,0.0348743718592965,0.373253493013972,FALSE,FALSE
0.25,646,0.0593255504344009,0.29940119760479,0.0348241206030151,0.303393213572854,FALSE,FALSE
0.25,647,-0.00785657126991883,0.890219560878243,-0.00522613065326633,0.894211576846307,FALSE,FALSE
0.25,648,-0.0117128166342068,0.832335329341317,-0.00733668341708543,0.808383233532934,FALSE,FALSE
0.25,649,-0.142328017680826,0.0179640718562874,-0.0925628140703518,0.00798403193612774,TRUE,TRUE
0.25,650,0.103314086909607,0.0439121756487026,0.0742713567839196,0.06187624750499,TRUE,FALSE
0.25,651,-0.0427750556712518,0.425149700598802,-0.0361809045226131,0.431137724550898,FALSE,FALSE
0.25,652,-0.12829276314278,0.0199600798403194,-0.0665326633165829,0.0199600798403194,TRUE,TRUE
0.25,653,-0.0650420168985257,0.251497005988024,-0.0360804020100502,0.219560878243513,FALSE,FALSE
0.25,654,-0.0581365103151037,0.321357285429142,-0.0286934673366834,0.325349301397206,FALSE,FALSE
0.25,655,0.0906913466508762,0.105788423153693,0.0446733668341709,0.093812375249501,FALSE,FALSE
0.25,656,-0.130372714729167,0.0179640718562874,-0.0873869346733668,0.0139720558882236,TRUE,TRUE
0.25,657,-0.0894004880245816,0.093812375249501,-0.0714070351758794,0.121756487025948,FALSE,FALSE
0.25,658,0.161567790389804,0.00399201596806387,0.0479396984924623,0.00199600798403194,TRUE,TRUE
0.25,659,-0.0300345340965518,0.624750499001996,-0.0155778894472362,0.624750499001996,FALSE,FALSE
0.25,660,-0.139502475220847,0.0139720558882236,-0.0957286432160804,0.0139720558882236,TRUE,TRUE
0.25,661,-0.110374507179706,0.0399201596806387,-0.0599497487437186,0.0558882235528942,TRUE,FALSE
0.25,662,0.0886565794407169,0.11377245508982,0.0599497487437186,0.0858283433133733,FALSE,FALSE
0.25,663,0.00465689378939372,0.924151696606786,0.00371859296482412,0.932135728542914,FALSE,FALSE
0.25,664,0.142162730908663,0.0139720558882236,0.0821105527638191,0.0159680638722555,TRUE,TRUE
0.25,665,0.0136340398845558,0.818363273453094,0.00939698492462311,0.80439121756487,FALSE,FALSE
0.25,666,-0.093533902748167,0.0858283433133733,-0.0522110552763819,0.0798403193612774,FALSE,FALSE
0.25,667,0.0758382990975373,0.145708582834331,0.0594974874371859,0.173652694610778,FALSE,FALSE
0.25,668,-0.0978064226456304,0.0678642714570858,-0.0665829145728643,0.0778443113772455,FALSE,FALSE
0.25,669,-0.0814957563053706,0.131736526946108,-0.0566834170854271,0.131736526946108,FALSE,FALSE
0.25,670,-0.0334628651911516,0.524950099800399,-0.0138693467336683,0.56686626746507,FALSE,FALSE
0.25,671,-0.077473922099629,0.159680638722555,-0.0532663316582915,0.157684630738523,FALSE,FALSE
0.25,672,0.00847656705607841,0.892215568862275,0.00623115577889447,0.86626746506986,FALSE,FALSE
0.25,673,0.0580524457478869,0.249500998003992,0.0398492462311558,0.267465069860279,FALSE,FALSE
0.25,674,0.02446770357449,0.654690618762475,0.0175879396984925,0.650698602794411,FALSE,FALSE
0.25,675,-0.171969874857838,0.00199600798403194,-0.102110552763819,0.00199600798403194,TRUE,TRUE
0.25,676,-0.0773763893477747,0.169660678642715,-0.0549246231155779,0.149700598802395,FALSE,FALSE
0.25,677,-0.0174392514313002,0.750499001996008,-0.00959798994974874,0.772455089820359,FALSE,FALSE
0.25,678,-0.0413856970446381,0.437125748502994,-0.0289447236180905,0.455089820359281,FALSE,FALSE
0.25,679,-0.0717120691302101,0.143712574850299,-0.0547236180904523,0.17564870259481,FALSE,FALSE
0.25,680,-0.170382031582502,0.00199600798403194,-0.0971356783919598,0.00199600798403194,TRUE,TRUE
0.25,681,0.0554744728088231,0.279441117764471,0.0450251256281407,0.301397205588822,FALSE,FALSE
0.25,682,0.0595201085273865,0.301397205588822,0.0309045226130653,0.25748502994012,FALSE,FALSE
0.25,683,-0.0177314594313654,0.760479041916168,-0.0100502512562814,0.784431137724551,FALSE,FALSE
0.25,684,0.106978533709666,0.0439121756487026,0.0648241206030151,0.0419161676646707,TRUE,TRUE
0.25,685,0.101529372347682,0.0499001996007984,0.0710050251256281,0.0778443113772455,TRUE,FALSE
0.25,686,-0.0895310256820785,0.0758483033932136,-0.0648241206030151,0.109780439121756,FALSE,FALSE
0.25,687,0.170708999785431,0.00199600798403194,0.112914572864322,0.00199600798403194,TRUE,TRUE
0.25,688,-0.162844075911709,0.00598802395209581,-0.0657788944723618,0.00399201596806387,TRUE,TRUE
0.25,689,0.103160871624408,0.0578842315369262,0.0721608040201005,0.0678642714570858,FALSE,FALSE
0.25,690,0.102445594343039,0.0538922155688623,0.0640201005025126,0.0518962075848303,FALSE,FALSE
0.25,691,0.0206475826959698,0.710578842315369,0.0105025125628141,0.704590818363273,FALSE,FALSE
0.25,692,-0.0741684251229203,0.191616766467066,-0.034572864321608,0.233532934131737,FALSE,FALSE
0.25,693,-0.0377610421925804,0.469061876247505,-0.0299497487437186,0.497005988023952,FALSE,FALSE
0.25,694,-0.0324890588523605,0.540918163672655,-0.0223115577889447,0.584830339321357,FALSE,FALSE
0.25,695,-0.117710434739079,0.0399201596806387,-0.0655276381909548,0.0419161676646707,TRUE,TRUE
0.25,696,-0.113354204724252,0.0419161676646707,-0.0730653266331658,0.0499001996007984,TRUE,TRUE
0.25,697,-0.174735156064188,0.00199600798403194,-0.144020100502513,0.00199600798403194,TRUE,TRUE
0.25,698,0.0981144364230461,0.0718562874251497,0.0578894472361809,0.0518962075848303,FALSE,FALSE
0.25,699,0.0281478364616927,0.63872255489022,0.0181909547738693,0.6187624750499,FALSE,FALSE
0.25,700,-0.0570203958282703,0.31936127744511,-0.0326633165829146,0.323353293413174,FALSE,FALSE
0.25,701,-0.181362195238609,0.00199600798403194,-0.126331658291457,0.00598802395209581,TRUE,TRUE
0.25,702,0.102778895347184,0.0479041916167665,0.0734673366834171,0.0718562874251497,TRUE,FALSE
0.25,703,0.0199772204372589,0.694610778443114,0.0110050251256281,0.726546906187625,FALSE,FALSE
0.25,704,0.228859721526767,0.00199600798403194,0.152964824120603,0.00199600798403194,TRUE,TRUE
0.25,705,-0.10128914083594,0.0698602794411178,-0.0718090452261307,0.0898203592814371,FALSE,FALSE
0.25,706,0.0997005631132472,0.06187624750499,0.0757286432160804,0.063872255489022,FALSE,FALSE
0.25,707,-0.0676446483860575,0.227544910179641,-0.0565326633165829,0.191616766467066,FALSE,FALSE
0.25,708,-0.00456011131121476,0.946107784431138,-0.0035678391959799,0.916167664670659,FALSE,FALSE
0.25,709,0.00557223422690541,0.910179640718563,0.00326633165829146,0.906187624750499,FALSE,FALSE
0.25,710,-0.167245428001074,0.00199600798403194,-0.119849246231156,0.00598802395209581,TRUE,TRUE
0.25,711,-0.0548104932451192,0.303393213572854,-0.0476381909547739,0.225548902195609,FALSE,FALSE
0.25,712,-0.00874881506007929,0.86626746506986,-0.00562814070351759,0.862275449101796,FALSE,FALSE
0.25,713,-0.145805914924081,0.00798403193612774,-0.101256281407035,0.00598802395209581,TRUE,TRUE
0.25,714,-0.0636125918661487,0.253493013972056,-0.0441206030150754,0.245508982035928,FALSE,FALSE
0.25,715,-0.102978585584362,0.0538922155688623,-0.071105527638191,0.0678642714570858,FALSE,FALSE
0.25,716,0.0676651674334648,0.199600798403194,0.0410552763819095,0.225548902195609,FALSE,FALSE
0.25,717,-0.0106641893924325,0.854291417165669,-0.00748743718592965,0.840319361277445,FALSE,FALSE
0.25,718,-0.0161346083205296,0.764471057884232,-0.0128140703517588,0.740518962075848,FALSE,FALSE
0.25,719,-0.0672059868764094,0.203592814371257,-0.0325628140703518,0.229540918163673,FALSE,FALSE
0.25,720,-0.107298330738788,0.0598802395209581,-0.0793969849246231,0.0399201596806387,FALSE,TRUE
0.25,721,-0.170553613218505,0.00199600798403194,-0.145929648241206,0.00199600798403194,TRUE,TRUE
0.25,722,-0.100942086333705,0.063872255489022,-0.0763819095477387,0.0598802395209581,FALSE,FALSE
0.25,723,-0.126224034321752,0.031936127744511,-0.0797989949748744,0.0179640718562874,TRUE,TRUE
0.25,724,-0.169390666405907,0.00199600798403194,-0.0756281407035176,0.00199600798403194,TRUE,TRUE
0.25,725,-0.0906672735798775,0.11377245508982,-0.0605025125628141,0.0858283433133733,FALSE,FALSE
0.25,726,0.0506603267574561,0.417165668662675,0.018643216080402,0.357285429141717,FALSE,FALSE
0.25,727,-0.0272875542501539,0.624750499001996,-0.0151758793969849,0.604790419161677,FALSE,FALSE
0.25,728,0.00388764719988259,0.916167664670659,0.0021105527638191,0.94810379241517,FALSE,FALSE
0.25,729,-0.1215629962385,0.029940119760479,-0.0665829145728643,0.0459081836327345,TRUE,TRUE
0.25,730,-0.179483523428998,0.00399201596806387,-0.109748743718593,0.00598802395209581,TRUE,TRUE
0.25,731,-0.00636010274339191,0.910179640718563,-0.00502512562814071,0.894211576846307,FALSE,FALSE
0.25,732,-0.0274205242626847,0.626746506986028,-0.0220100502512563,0.574850299401198,FALSE,FALSE
0.25,733,0.0719845936797602,0.179640718562874,0.041608040201005,0.211576846307385,FALSE,FALSE
0.25,734,0.0531184874365001,0.37125748502994,0.0387437185929648,0.363273453093812,FALSE,FALSE
0.25,735,-0.098309861576678,0.0558882235528942,-0.068643216080402,0.0658682634730539,FALSE,FALSE
0.25,736,0.209137195243559,0.00199600798403194,0.152060301507538,0.00199600798403194,TRUE,TRUE
0.25,737,0.121544413892337,0.0259481037924152,0.0923618090452261,0.031936127744511,TRUE,TRUE
0.25,738,0.182865786338267,0.00199600798403194,0.10608040201005,0.00199600798403194,TRUE,TRUE
0.25,739,0.208148429690437,0.00199600798403194,0.119045226130653,0.00199600798403194,TRUE,TRUE
0.25,740,-0.132829474251829,0.0119760479041916,-0.0866834170854271,0.0139720558882236,TRUE,TRUE
0.25,741,-0.0130964545834617,0.800399201596806,-0.0107537688442211,0.796407185628742,FALSE,FALSE
0.25,742,-0.0816126727843412,0.131736526946108,-0.055678391959799,0.107784431137725,FALSE,FALSE
0.25,743,0.00926236296803706,0.862275449101796,0.00658291457286432,0.854291417165669,FALSE,FALSE
0.25,744,0.0665647302630778,0.231536926147705,0.0356281407035176,0.227544910179641,FALSE,FALSE
0.25,745,0,1,0,1,FALSE,FALSE
0.25,746,0.057225828958986,0.305389221556886,0.0350753768844221,0.337325349301397,FALSE,FALSE
0.25,747,-0.123624882116163,0.029940119760479,-0.0910050251256281,0.0239520958083832,TRUE,TRUE
0.25,748,0.0251237358822122,0.656686626746507,0.0166331658291457,0.632734530938124,FALSE,FALSE
0.25,749,0.17496527358368,0.00798403193612774,0.114623115577889,0.00598802395209581,TRUE,TRUE
0.25,750,-0.0152970712103759,0.758483033932136,-0.0116582914572864,0.754491017964072,FALSE,FALSE
0.25,751,0.0384650060449108,0.520958083832335,0.01678391959799,0.546906187624751,FALSE,FALSE
0.25,752,0.121205322806584,0.0239520958083832,0.0842713567839196,0.0179640718562874,TRUE,TRUE
0.25,753,-0.232804404727899,0.00199600798403194,-0.138542713567839,0.00199600798403194,TRUE,TRUE
0.25,754,-0.0329137701860433,0.512974051896208,-0.0150251256281407,0.558882235528942,FALSE,FALSE
0.25,755,0.0104419502116612,0.846307385229541,0.00718592964824121,0.810379241516966,FALSE,FALSE
0.25,756,-0.00215203775705567,0.966067864271457,-0.00130653266331658,0.966067864271457,FALSE,FALSE
0.25,757,0.00483977236117542,0.946107784431138,0.00331658291457286,0.92814371257485,FALSE,FALSE
0.25,758,-0.0546580394882779,0.297405189620758,-0.0442211055276382,0.285429141716567,FALSE,FALSE
0.25,759,0.100041131561148,0.0698602794411178,0.0466331658291457,0.093812375249501,FALSE,FALSE
0.25,760,-0.00762339479787108,0.918163672654691,-0.00442211055276382,0.874251497005988,FALSE,FALSE
0.25,761,0.0702693114308585,0.171656686626747,0.0364824120603015,0.219560878243513,FALSE,FALSE
0.25,762,0.0625925641292292,0.243512974051896,0.0441206030150754,0.235528942115768,FALSE,FALSE
0.25,763,-0.127512749491591,0.0259481037924152,-0.0956281407035176,0.0339321357285429,TRUE,TRUE
0.25,764,-0.11506107768766,0.031936127744511,-0.092713567839196,0.0359281437125748,TRUE,TRUE
0.25,765,0.101087304971711,0.0758483033932136,0.0498994974874372,0.0798403193612774,FALSE,FALSE
0.25,766,0.131417788547874,0.0199600798403194,0.101557788944724,0.0159680638722555,TRUE,TRUE
0.25,767,-0.036333793609944,0.502994011976048,-0.0169346733668342,0.506986027944112,FALSE,FALSE
0.25,768,0.0464660004418368,0.43313373253493,0.0296482412060301,0.377245508982036,FALSE,FALSE
0.25,769,-0.0748013185834153,0.18562874251497,-0.0449246231155779,0.159680638722555,FALSE,FALSE
0.25,770,0.0765787564589294,0.177644710578842,0.0449246231155779,0.187624750499002,FALSE,FALSE
0.25,771,0.0267162885433144,0.632734530938124,0.0134170854271357,0.648702594810379,FALSE,FALSE
0.25,772,0.127806953600706,0.0199600798403194,0.0928140703517588,0.0259481037924152,TRUE,TRUE
0.25,773,0.0995841554281916,0.0499001996007984,0.0804020100502513,0.0838323353293413,TRUE,FALSE
0.25,774,0.101446819991719,0.0518962075848303,0.0482412060301508,0.0738522954091816,FALSE,FALSE
0.25,775,-0.0209118876639441,0.686626746506986,-0.0136683417085427,0.698602794411178,FALSE,FALSE
0.25,776,-0.132920746882164,0.0139720558882236,-0.0667336683417085,0.0159680638722555,TRUE,TRUE
0.25,777,0.171487386310033,0.00598802395209581,0.12,0.00798403193612774,TRUE,TRUE
0.25,778,0.0065153459087548,0.900199600798403,0.00386934673366834,0.900199600798403,FALSE,FALSE
0.25,779,-0.116294786267434,0.029940119760479,-0.0530653266331658,0.0399201596806387,TRUE,TRUE
0.25,780,0.0544873133014055,0.305389221556886,0.0380904522613065,0.29940119760479,FALSE,FALSE
0.25,781,-0.0152503441899495,0.800399201596806,-0.00778894472361809,0.796407185628742,FALSE,FALSE
0.25,782,-0.0648940633913678,0.193612774451098,-0.0539195979899497,0.205588822355289,FALSE,FALSE
0.25,783,-0.168892175822095,0.00199600798403194,-0.125326633165829,0.00199600798403194,TRUE,TRUE
0.25,784,0.197074692399303,0.00199600798403194,0.151557788944724,0.00199600798403194,TRUE,TRUE
0.25,785,-0.041488793465178,0.421157684630739,-0.0245226130653266,0.475049900199601,FALSE,FALSE
0.25,786,0.104874861570294,0.0738522954091816,0.0357788944723618,0.0658682634730539,FALSE,FALSE
0.25,787,0.260662968829247,0.00199600798403194,0.211809045226131,0.00199600798403194,TRUE,TRUE
0.25,788,0.11310250035433,0.0538922155688623,0.0625125628140703,0.0479041916167665,FALSE,TRUE
0.25,789,-0.0752371194856347,0.197604790419162,-0.0425628140703518,0.177644710578842,FALSE,FALSE
0.25,790,-0.0559714467687532,0.267465069860279,-0.0436683417085427,0.315369261477046,FALSE,FALSE
0.25,791,-0.0437140148983017,0.357285429141717,-0.0360804020100502,0.395209580838323,FALSE,FALSE
0.25,792,0.2891902663028,0.00199600798403194,0.221809045226131,0.00199600798403194,TRUE,TRUE
0.25,793,-0.0261922516855297,0.672654690618762,-0.0111557788944724,0.630738522954092,FALSE,FALSE
0.25,794,-0.0355841123343872,0.493013972055888,-0.0288442211055276,0.502994011976048,FALSE,FALSE
0.25,795,-0.121194065138443,0.0199600798403194,-0.0930150753768844,0.0159680638722555,TRUE,TRUE
0.25,796,-0.136097988230395,0.0119760479041916,-0.0728643216080402,0.0179640718562874,TRUE,TRUE
0.25,797,-0.104291109224086,0.0838323353293413,-0.0541206030150754,0.0758483033932136,FALSE,FALSE
0.25,798,-0.150723488579416,0.00199600798403194,-0.104572864321608,0.0139720558882236,TRUE,TRUE
0.25,799,-0.0983191521232234,0.0658682634730539,-0.075427135678392,0.0698602794411178,FALSE,FALSE
0.25,800,-0.126669696768915,0.0419161676646707,-0.0951256281407035,0.0199600798403194,TRUE,TRUE
0.25,801,-0.099551822777705,0.0459081836327345,-0.0765829145728643,0.0738522954091816,TRUE,FALSE
0.25,802,-0.0344225897061505,0.536926147704591,-0.0242211055276382,0.493013972055888,FALSE,FALSE
0.25,803,-0.103337309818929,0.06187624750499,-0.0719095477386935,0.063872255489022,FALSE,FALSE
0.25,804,0.0432002096112885,0.415169660678643,0.0288442211055276,0.421157684630739,FALSE,FALSE
0.25,805,-0.00402716972132354,0.954091816367265,-0.00261306532663317,0.946107784431138,FALSE,FALSE
0.25,806,0.167219563623376,0.00399201596806387,0.126633165829146,0.00199600798403194,TRUE,TRUE
0.25,807,-0.0283234172986827,0.622754491017964,-0.0134673366834171,0.646706586826347,FALSE,FALSE
0.25,808,-0.170081032364412,0.00199600798403194,-0.133768844221106,0.00199600798403194,TRUE,TRUE
0.25,809,0.276698822132349,0.00199600798403194,0.174874371859296,0.00199600798403194,TRUE,TRUE
0.25,810,0.262779684677669,0.00199600798403194,0.203065326633166,0.00199600798403194,TRUE,TRUE
0.25,811,0.0893744366322098,0.0918163672654691,0.0597989949748744,0.103792415169661,FALSE,FALSE
0.25,812,-0.0299793734152856,0.560878243512974,-0.0194974874371859,0.548902195608782,FALSE,FALSE
0.25,813,0.0992526189166097,0.0698602794411178,0.0682914572864322,0.06187624750499,FALSE,FALSE
0.25,814,0.215537645690661,0.00199600798403194,0.180100502512563,0.00199600798403194,TRUE,TRUE
0.25,815,-0.101477180786386,0.0479041916167665,-0.0594974874371859,0.0818363273453094,TRUE,FALSE
0.25,816,-0.029293979785594,0.582834331337325,-0.0209045226130653,0.600798403193613,FALSE,FALSE
0.25,817,0.0694876720115372,0.225548902195609,0.0390452261306533,0.2375249500998,FALSE,FALSE
0.25,818,0.00511281774451188,0.918163672654691,0.00316582914572865,0.92814371257485,FALSE,FALSE
0.25,819,-0.00882934116444473,0.88622754491018,-0.00517587939698493,0.854291417165669,FALSE,FALSE
0.25,820,0.170846407465096,0.00399201596806387,0.0901005025125628,0.00399201596806387,TRUE,TRUE
0.25,821,0.0300802314792065,0.584830339321357,0.0203015075376884,0.596806387225549,FALSE,FALSE
0.25,822,-0.154772413970324,0.00598802395209581,-0.122663316582915,0.00399201596806387,TRUE,TRUE
0.25,823,-0.161667123582573,0.00598802395209581,-0.110402010050251,0.00399201596806387,TRUE,TRUE
0.25,824,-0.102833471300024,0.0459081836327345,-0.0821608040201005,0.0798403193612774,TRUE,FALSE
0.25,825,0.107511785489338,0.0518962075848303,0.0530653266331658,0.0598802395209581,FALSE,FALSE
0.25,826,-0.0195996364370076,0.714570858283433,-0.0119095477386935,0.732534930139721,FALSE,FALSE
0.25,827,0.127393144155814,0.0219560878243513,0.0671859296482412,0.031936127744511,TRUE,TRUE
0.25,828,0.00419847196235949,0.93812375249501,0.00341708542713568,0.942115768463074,FALSE,FALSE
0.25,829,-0.0509733663916353,0.36127744510978,-0.0366834170854271,0.345309381237525,FALSE,FALSE
0.25,830,0.0541715263867936,0.345309381237525,0.0339195979899497,0.307385229540918,FALSE,FALSE
0.25,831,0.00103657037827856,0.988023952095808,0.000703517587939697,0.984031936127745,FALSE,FALSE
0.25,832,0.0818903656494948,0.155688622754491,0.0573869346733668,0.143712574850299,FALSE,FALSE
0.25,833,-0.24661353634429,0.00199600798403194,-0.189899497487437,0.00199600798403194,TRUE,TRUE
0.25,834,0.126439328747812,0.0379241516966068,0.0635175879396985,0.00998003992015968,TRUE,TRUE
0.25,835,0.035894143555184,0.542914171656687,0.0160301507537688,0.536926147704591,FALSE,FALSE
0.25,836,0.0662569443008513,0.213572854291417,0.0437688442211055,0.199600798403194,FALSE,FALSE
0.25,837,-0.0119090086046015,0.844311377245509,-0.00879396984924623,0.812375249500998,FALSE,FALSE
0.25,838,-0.0545024323626794,0.329341317365269,-0.0278391959798995,0.331337325349301,FALSE,FALSE
0.25,839,0.0338804179290212,0.508982035928144,0.0248241206030151,0.514970059880239,FALSE,FALSE
0.25,840,0.117409512774846,0.0419161676646707,0.0523618090452261,0.0479041916167665,TRUE,TRUE
0.25,841,-0.0825467020581456,0.125748502994012,-0.058643216080402,0.147704590818363,FALSE,FALSE
0.25,842,-0.123789604235246,0.0379241516966068,-0.0647738693467337,0.031936127744511,TRUE,TRUE
0.25,843,-0.00168078603232356,0.972055888223553,-0.00115577889447236,0.978043912175649,FALSE,FALSE
0.25,844,-0.00398137175689568,0.956087824351297,-0.00236180904522613,0.940119760479042,FALSE,FALSE
0.25,845,-0.101395502685646,0.0598802395209581,-0.0736180904522613,0.06187624750499,FALSE,FALSE
0.25,846,0.0333729488438846,0.550898203592814,0.0222613065326633,0.550898203592814,FALSE,FALSE
0.25,847,-0.0750209351015941,0.197604790419162,-0.0196984924623116,0.193612774451098,FALSE,FALSE
0.25,848,-0.0296379994573333,0.614770459081836,-0.0146231155778894,0.602794411177645,FALSE,FALSE
0.25,849,-0.1245880468848,0.0279441117764471,-0.0731155778894472,0.0279441117764471,TRUE,TRUE
0.25,850,-0.024519366526538,0.652694610778443,-0.012713567839196,0.63872255489022,FALSE,FALSE
0.25,851,0.0134442528706256,0.826347305389222,0.00864321608040202,0.792415169660679,FALSE,FALSE
0.25,852,-0.0854960361850115,0.125748502994012,-0.0539195979899497,0.109780439121756,FALSE,FALSE
0.25,853,-0.0659495361929968,0.219560878243513,-0.0482914572864322,0.225548902195609,FALSE,FALSE
0.25,854,0.098074182578342,0.0658682634730539,0.0795979899497487,0.0678642714570858,FALSE,FALSE
0.25,855,0.0259510670337539,0.596806387225549,0.0208542713567839,0.62874251497006,FALSE,FALSE
0.25,856,-0.13679925314595,0.00199600798403194,-0.108391959798995,0.0139720558882236,TRUE,TRUE
0.25,857,0.056859835484767,0.267465069860279,0.0417085427135678,0.313373253493014,FALSE,FALSE
0.25,858,0.0573219405424544,0.343313373253493,0.0399497487437186,0.325349301397206,FALSE,FALSE
0.25,859,-0.12009528621706,0.0259481037924152,-0.101407035175879,0.0239520958083832,TRUE,TRUE
0.25,860,0.0793965395953513,0.139720558882236,0.0529145728643216,0.155688622754491,FALSE,FALSE
0.25,861,-0.112677967212184,0.0339321357285429,-0.0839195979899497,0.031936127744511,TRUE,TRUE
0.25,862,0.145500100534426,0.00798403193612774,0.08,0.0119760479041916,TRUE,TRUE
0.25,863,0.0750733910041415,0.141716566866267,0.0440201005025126,0.183632734530938,FALSE,FALSE
0.25,864,0.0675191182101188,0.203592814371257,0.042713567839196,0.227544910179641,FALSE,FALSE
0.25,865,0.0101006176160936,0.844311377245509,0.00718592964824121,0.900199600798403,FALSE,FALSE
0.25,866,-0.0731902251661703,0.205588822355289,-0.0428643216080402,0.191616766467066,FALSE,FALSE
0.25,867,-0.11694750252526,0.0518962075848303,-0.0634673366834171,0.0359281437125748,FALSE,TRUE
0.25,868,-0.0647193679486753,0.251497005988024,-0.0402010050251256,0.219560878243513,FALSE,FALSE
0.25,869,0.11089440679247,0.031936127744511,0.0701507537688442,0.0379241516966068,TRUE,TRUE
0.25,870,-0.183684741594895,0.00199600798403194,-0.148894472361809,0.00199600798403194,TRUE,TRUE
0.25,871,0.0019528706149141,0.972055888223553,0.00105527638190955,0.976047904191617,FALSE,FALSE
0.25,872,0.0144869167365006,0.792415169660679,0.00763819095477387,0.782435129740519,FALSE,FALSE
0.25,873,-0.0852357453520525,0.101796407185629,-0.0644723618090452,0.141716566866267,FALSE,FALSE
0.25,874,0.0225112084173007,0.660678642714571,0.01321608040201,0.656686626746507,FALSE,FALSE
0.25,875,-0.0166130256859061,0.792415169660679,-0.00819095477386934,0.750499001996008,FALSE,FALSE
0.25,876,-0.0108088631801841,0.856287425149701,-0.00603015075376884,0.858283433133733,FALSE,FALSE
0.25,877,-0.158558002969132,0.00798403193612774,-0.118341708542714,0.00399201596806387,TRUE,TRUE
0.25,878,0.209579360615368,0.00199600798403194,0.0934673366834171,0.00199600798403194,TRUE,TRUE
0.25,879,-0.0128461173091098,0.806387225548902,-0.0109045226130653,0.796407185628742,FALSE,FALSE
0.25,880,0.0520802913502995,0.321357285429142,0.0356281407035176,0.341317365269461,FALSE,FALSE
0.25,881,-0.0463193466171233,0.399201596806387,-0.0304020100502513,0.385229540918164,FALSE,FALSE
0.25,882,0.0167032235944856,0.778443113772455,0.0116582914572864,0.748502994011976,FALSE,FALSE
0.25,883,-0.0227013786593066,0.724550898203593,-0.0112060301507538,0.718562874251497,FALSE,FALSE
0.25,884,0.0156538837834197,0.7624750499002,0.00743718592964824,0.794411177644711,FALSE,FALSE
0.25,885,0.138435214055368,0.00598802395209581,0.0981407035175879,0.0159680638722555,TRUE,TRUE
0.25,886,-0.196677241408661,0.00199600798403194,-0.144170854271357,0.00399201596806387,TRUE,TRUE
0.25,887,-0.0284951931571445,0.594810379241517,-0.0181909547738693,0.578842315369261,FALSE,FALSE
0.25,888,0.00162488289443493,0.980039920159681,0.00120603015075377,0.976047904191617,FALSE,FALSE
0.25,889,-0.040647431367239,0.435129740518962,-0.0189447236180905,0.461077844311377,FALSE,FALSE
0.25,890,-0.164357938618255,0.00399201596806387,-0.122060301507538,0.00399201596806387,TRUE,TRUE
0.25,891,0.079076517283347,0.143712574850299,0.05321608040201,0.111776447105788,FALSE,FALSE
0.25,892,0.0816462527707776,0.129740518962076,0.0395477386934673,0.149700598802395,FALSE,FALSE
0.25,893,-0.102582052199648,0.0678642714570858,-0.0785929648241206,0.0479041916167665,FALSE,TRUE
0.25,894,0.0377114535185007,0.457085828343313,0.0271356783919598,0.508982035928144,FALSE,FALSE
0.25,895,-0.140946263793804,0.0139720558882236,-0.0932663316582915,0.0139720558882236,TRUE,TRUE
0.25,896,-0.127008403809729,0.0159680638722555,-0.0889949748743719,0.00998003992015968,TRUE,TRUE
0.25,897,0.0261957720574387,0.620758483033932,0.0205025125628141,0.610778443113772,FALSE,FALSE
0.25,898,0.128314571721629,0.0199600798403194,0.102814070351759,0.0139720558882236,TRUE,TRUE
0.25,899,0.0689977706208114,0.213572854291417,0.0293467336683417,0.243512974051896,FALSE,FALSE
0.25,900,-0.038996401510654,0.457085828343313,-0.0329145728643216,0.475049900199601,FALSE,FALSE
0.25,901,-0.0924613477647689,0.0838323353293413,-0.0703015075376884,0.0978043912175649,FALSE,FALSE
0.25,902,0.0277502783811416,0.620758483033932,0.0149748743718593,0.602794411177645,FALSE,FALSE
0.25,903,0.177165034573349,0.00399201596806387,0.0905025125628141,0.00199600798403194,TRUE,TRUE
0.25,904,-0.0522135098037855,0.357285429141717,-0.0310050251256281,0.343313373253493,FALSE,FALSE
0.25,905,0.0204902780129906,0.698602794411178,0.0150251256281407,0.69061876247505,FALSE,FALSE
0.25,906,-0.0273747038912244,0.642714570858283,-0.0152763819095477,0.624750499001996,FALSE,FALSE
0.25,907,-0.0232511110676066,0.70059880239521,-0.0122613065326633,0.658682634730539,FALSE,FALSE
0.25,908,0.256185202951306,0.00199600798403194,0.136884422110553,0.00199600798403194,TRUE,TRUE
0.25,909,-0.290902042411843,0.00199600798403194,-0.203517587939698,0.00199600798403194,TRUE,TRUE
0.25,910,-0.0666523701860931,0.271457085828343,-0.0310552763819095,0.2375249500998,FALSE,FALSE
0.25,911,-0.0778328887036163,0.153692614770459,-0.0513065326633166,0.165668662674651,FALSE,FALSE
0.25,912,0.0545223458310775,0.307385229540918,0.0350251256281407,0.355289421157685,FALSE,FALSE
0.25,913,0.0510176844978674,0.355289421157685,0.0404020100502513,0.353293413173653,FALSE,FALSE
0.25,914,-0.0810444571238284,0.153692614770459,-0.0595979899497487,0.12375249500998,FALSE,FALSE
0.25,915,0.0540810753001984,0.379241516966068,0.0293467336683417,0.323353293413174,FALSE,FALSE
0.25,916,0.0312809227693084,0.526946107784431,0.0189949748743719,0.596806387225549,FALSE,FALSE
0.25,917,-0.0602795414353679,0.297405189620758,-0.0384924623115578,0.281437125748503,FALSE,FALSE
0.25,918,0.00521355766866902,0.910179640718563,0.00412060301507537,0.916167664670659,FALSE,FALSE
0.25,919,0.114186526742424,0.031936127744511,0.0918090452261306,0.0399201596806387,TRUE,TRUE
0.25,920,-0.00512516279465881,0.920159680638723,-0.00321608040201005,0.92814371257485,FALSE,FALSE
0.25,921,-0.00211990975185612,0.968063872255489,-0.00130653266331658,0.970059880239521,FALSE,FALSE
0.25,922,-0.214356502846805,0.00199600798403194,-0.145628140703518,0.00199600798403194,TRUE,TRUE
0.25,923,-0.126901792570737,0.0219560878243513,-0.0807537688442211,0.031936127744511,TRUE,TRUE
0.25,924,0.027052485331125,0.63872255489022,0.0128643216080402,0.612774451097804,FALSE,FALSE
0.25,925,0.183083261306569,0.00399201596806387,0.100804020100503,0.00399201596806387,TRUE,TRUE
0.25,926,-0.029773563279288,0.584830339321357,-0.0193467336683417,0.554890219560878,FALSE,FALSE
0.25,927,0.0855116657562371,0.117764471057884,0.054572864321608,0.135728542914172,FALSE,FALSE
0.25,928,0.0427488416085699,0.431137724550898,0.0281909547738693,0.401197604790419,FALSE,FALSE
0.25,929,-0.0487058743072278,0.383233532934132,-0.0337185929648241,0.353293413173653,FALSE,FALSE
0.25,930,0.0162264867108046,0.74251497005988,0.0128643216080402,0.75249500998004,FALSE,FALSE
0.25,931,0.130845964812778,0.0159680638722555,0.102663316582915,0.0139720558882236,TRUE,TRUE
0.25,932,0.136859843889681,0.0119760479041916,0.0910552763819096,0.00998003992015968,TRUE,TRUE
0.25,933,0.12480901480231,0.0199600798403194,0.0764321608040201,0.0339321357285429,TRUE,TRUE
0.25,934,-0.0837627344908486,0.12375249500998,-0.0501005025125628,0.153692614770459,FALSE,FALSE
0.25,935,-0.0933207618567866,0.0998003992015968,-0.0635678391959799,0.0758483033932136,FALSE,FALSE
0.25,936,-0.0407318431321101,0.421157684630739,-0.0322613065326633,0.44311377245509,FALSE,FALSE
0.25,937,0.0942642799396431,0.0718562874251497,0.0736683417085427,0.063872255489022,FALSE,FALSE
0.25,938,0.103246643398162,0.0558882235528942,0.075427135678392,0.0558882235528942,FALSE,FALSE
0.25,939,-0.0115823105982607,0.806387225548902,-0.00829145728643216,0.822355289421158,FALSE,FALSE
0.25,940,-0.169479571778915,0.00199600798403194,-0.126482412060302,0.00399201596806387,TRUE,TRUE
0.25,941,0.0189252084947245,0.696606786427146,0.0108542713567839,0.732534930139721,FALSE,FALSE
0.25,942,0.0178317456056504,0.770459081836327,0.00994974874371859,0.760479041916168,FALSE,FALSE
0.25,943,0.195526934235007,0.00199600798403194,0.154572864321608,0.00399201596806387,TRUE,TRUE
0.25,944,0.115442620453751,0.0379241516966068,0.0730150753768844,0.031936127744511,TRUE,TRUE
0.25,945,0.0317730586106396,0.552894211576846,0.0216582914572864,0.552894211576846,FALSE,FALSE
0.25,946,-0.0507613904665384,0.353293413173653,-0.0350251256281407,0.351297405189621,FALSE,FALSE
0.25,947,-0.0234190485762178,0.666666666666667,-0.0164321608040201,0.658682634730539,FALSE,FALSE
0.25,948,0.0577668532090542,0.30938123752495,0.0436683417085427,0.285429141716567,FALSE,FALSE
0.25,949,-0.107719859753752,0.06187624750499,-0.077286432160804,0.063872255489022,FALSE,FALSE
0.25,950,0.128356819591119,0.0119760479041916,0.112713567839196,0.0239520958083832,TRUE,TRUE
0.25,951,-0.1532533284818,0.0119760479041916,-0.115778894472362,0.00598802395209581,TRUE,TRUE
0.25,952,-0.00213432563650645,0.974051896207585,-0.00160804020100503,0.964071856287425,FALSE,FALSE
0.25,953,0.0378698976052646,0.510978043912176,0.0193467336683417,0.491017964071856,FALSE,FALSE
0.25,954,-0.00554206894712382,0.920159680638723,-0.00391959798994975,0.890219560878243,FALSE,FALSE
0.25,955,0.0634749162469144,0.229540918163673,0.027035175879397,0.281437125748503,FALSE,FALSE
0.25,956,0.0427195160182082,0.453093812375249,0.0207035175879397,0.497005988023952,FALSE,FALSE
0.25,957,-0.148375046526563,0.00598802395209581,-0.110552763819095,0.00399201596806387,TRUE,TRUE
0.25,958,0.112298697600039,0.0399201596806387,0.0842713567839196,0.0379241516966068,TRUE,TRUE
0.25,959,-0.019676830869497,0.738522954091816,-0.0131155778894472,0.718562874251497,FALSE,FALSE
0.25,960,0.150708955435966,0.00399201596806387,0.100301507537688,0.00798403193612774,TRUE,TRUE
0.25,961,0.047569290815459,0.387225548902196,0.0258291457286432,0.393213572854291,FALSE,FALSE
0.25,962,-0.103555567673025,0.063872255489022,-0.055427135678392,0.0738522954091816,FALSE,FALSE
0.25,963,-0.0714118886007555,0.215568862275449,-0.0463819095477387,0.201596806387226,FALSE,FALSE
0.25,964,-0.206096776395891,0.00199600798403194,-0.154371859296482,0.00199600798403194,TRUE,TRUE
0.25,965,0.177104577714494,0.00199600798403194,0.150402010050251,0.00199600798403194,TRUE,TRUE
0.25,966,-0.135636698993421,0.0179640718562874,-0.0903517587939699,0.0119760479041916,TRUE,TRUE
0.25,967,-0.0711839550644949,0.231536926147705,-0.0512060301507538,0.191616766467066,FALSE,FALSE
0.25,968,0.0423598734307215,0.425149700598802,0.0291457286432161,0.439121756487026,FALSE,FALSE
0.25,969,0.105513886043843,0.0558882235528942,0.0728140703517588,0.0459081836327345,FALSE,TRUE
0.25,970,-0.0265927647985591,0.622754491017964,-0.0205527638190955,0.6187624750499,FALSE,FALSE
0.25,971,0.0315711920531168,0.550898203592814,0.0155276381909548,0.570858283433134,FALSE,FALSE
0.25,972,-0.122964557946299,0.0219560878243513,-0.0841708542713568,0.0279441117764471,TRUE,TRUE
0.25,973,-0.00451623353509958,0.944111776447106,-0.00261306532663317,0.936127744510978,FALSE,FALSE
0.25,974,-0.152762957263517,0.00598802395209581,-0.081608040201005,0.00798403193612774,TRUE,TRUE
0.25,975,-0.072865174113041,0.173652694610778,-0.052964824120603,0.167664670658683,FALSE,FALSE
0.25,976,0.0039800549745109,0.93812375249501,0.00301507537688442,0.944111776447106,FALSE,FALSE
0.25,977,-0.0778069186098155,0.153692614770459,-0.0552261306532663,0.153692614770459,FALSE,FALSE
0.25,978,0.0846163383313507,0.149700598802395,0.0439195979899497,0.103792415169661,FALSE,FALSE
0.25,979,0.0682187385664164,0.217564870259481,0.0385427135678392,0.233532934131737,FALSE,FALSE
0.25,980,-0.0717405455990125,0.219560878243513,-0.0410050251256281,0.219560878243513,FALSE,FALSE
0.25,981,0.0696481618436392,0.169660678642715,0.0576381909547739,0.211576846307385,FALSE,FALSE
0.25,982,-0.139772816548385,0.0119760479041916,-0.0846733668341709,0.0139720558882236,TRUE,TRUE
0.25,983,0.152561558313932,0.00199600798403194,0.112462311557789,0.00399201596806387,TRUE,TRUE
0.25,984,-0.044757385217279,0.413173652694611,-0.0249748743718593,0.413173652694611,FALSE,FALSE
0.25,985,0.0176612964215779,0.75249500998004,0.00944723618090452,0.754491017964072,FALSE,FALSE
0.25,986,0.00581438712847515,0.92814371257485,0.0035678391959799,0.896207584830339,FALSE,FALSE
0.25,987,-0.000939725461228024,0.986027944111776,-0.000502512562814071,0.984031936127745,FALSE,FALSE
0.25,988,-0.102528585805335,0.0818363273453094,-0.0732160804020101,0.0499001996007984,FALSE,TRUE
0.25,989,-0.0304514986932407,0.602794411177645,-0.0150251256281407,0.598802395209581,FALSE,FALSE
0.25,990,0.0167787989699665,0.746506986027944,0.0105025125628141,0.776447105788423,FALSE,FALSE
0.25,991,-0.100788152635832,0.0738522954091816,-0.0598492462311558,0.0838323353293413,FALSE,FALSE
0.25,992,-0.0875524114305117,0.131736526946108,-0.0525628140703518,0.107784431137725,FALSE,FALSE
0.25,993,0.112243585877232,0.0379241516966068,0.0820100502512563,0.029940119760479,TRUE,TRUE
0.25,994,0.0761160099937273,0.17564870259481,0.0434673366834171,0.197604790419162,FALSE,FALSE
0.25,995,-0.0604555702422987,0.261477045908184,-0.0370854271356784,0.289421157684631,FALSE,FALSE
0.25,996,-0.134261159437689,0.0139720558882236,-0.09,0.0219560878243513,TRUE,TRUE
0.25,997,-0.133155563210131,0.029940119760479,-0.095929648241206,0.0159680638722555,TRUE,TRUE
0.25,998,-0.0955622175323256,0.0718562874251497,-0.0526130653266332,0.093812375249501,FALSE,FALSE
0.25,999,0.0273862534890254,0.642714570858283,0.0175879396984925,0.626746506986028,FALSE,FALSE
0.25,1000,0.310091331814296,0.00199600798403194,0.241155778894472,0.00199600798403194,TRUE,TRUE
0.5,1,0.0910645121158372,0.0918163672654691,0.0557788944723618,0.119760479041916,FALSE,FALSE
0.5,2,0.0633322346413938,0.235528942115768,0.0415577889447236,0.241516966067864,FALSE,FALSE
0.5,3,0.113736215258406,0.0479041916167665,0.0561306532663317,0.0538922155688623,TRUE,FALSE
0.5,4,0.138117364407029,0.0179640718562874,0.0991457286432161,0.0179640718562874,TRUE,TRUE
0.5,5,0.0611334066571589,0.249500998003992,0.0385427135678392,0.253493013972056,FALSE,FALSE
0.5,6,0.160187010519155,0.0119760479041916,0.0928643216080402,0.00598802395209581,TRUE,TRUE
0.5,7,-0.207709122593518,0.00199600798403194,-0.160452261306533,0.00199600798403194,TRUE,TRUE
0.5,8,0.0935988995154023,0.0918163672654691,0.0528643216080402,0.0958083832335329,FALSE,FALSE
0.5,9,0.103707392670317,0.063872255489022,0.0473366834170854,0.0818363273453094,FALSE,FALSE
0.5,10,-0.0483610453558114,0.36127744510978,-0.0351256281407035,0.409181636726547,FALSE,FALSE
0.5,11,-0.0120744295754673,0.810379241516966,-0.00994974874371861,0.81437125748503,FALSE,FALSE
0.5,12,-0.171922902693544,0.00399201596806387,-0.155979899497487,0.00199600798403194,TRUE,TRUE
0.5,13,0.0164797723148271,0.726546906187625,0.0145226130653266,0.768463073852295,FALSE,FALSE
0.5,14,-0.027012407317947,0.630738522954092,-0.0146733668341709,0.614770459081836,FALSE,FALSE
0.5,15,-0.00270167821144436,0.970059880239521,-0.00130653266331658,0.968063872255489,FALSE,FALSE
0.5,16,-0.0122731907878255,0.81437125748503,-0.0104522613065327,0.812375249500998,FALSE,FALSE
0.5,17,-0.0526519423071263,0.357285429141717,-0.0408542713567839,0.283433133732535,FALSE,FALSE
0.5,18,0.103728242514916,0.06187624750499,0.0563316582914573,0.0738522954091816,FALSE,FALSE
0.5,19,0.0748002454509625,0.19560878243513,0.0438693467336683,0.177644710578842,FALSE,FALSE
0.5,20,-0.105543092946512,0.0558882235528942,-0.0915577889447236,0.0439121756487026,FALSE,TRUE
0.5,21,-0.0347125478046226,0.552894211576846,-0.0161809045226131,0.562874251497006,FALSE,FALSE
0.5,22,0.204184253193942,0.00199600798403194,0.156884422110553,0.00199600798403194,TRUE,TRUE
0.5,23,0.0987746879919554,0.093812375249501,0.0584924623115578,0.0778443113772455,FALSE,FALSE
0.5,24,0.0314200400514732,0.608782435129741,0.0238190954773869,0.532934131736527,FALSE,FALSE
0.5,25,0.00893603081093244,0.900199600798403,0.00683417085427136,0.842315369261477,FALSE,FALSE
0.5,26,0.138540723235782,0.00998003992015968,0.101457286432161,0.00998003992015968,TRUE,TRUE
0.5,27,-0.0991703216242089,0.0698602794411178,-0.0816582914572864,0.0578842315369262,FALSE,FALSE
0.5,28,0.015241344174906,0.758483033932136,0.00839195979899497,0.812375249500998,FALSE,FALSE
0.5,29,-0.0227052751415618,0.672654690618762,-0.0110050251256281,0.684630738522954,FALSE,FALSE
0.5,30,-0.11711079752273,0.0339321357285429,-0.0616582914572864,0.0339321357285429,TRUE,TRUE
0.5,31,0.0510709039557054,0.365269461077844,0.0302010050251256,0.383233532934132,FALSE,FALSE
0.5,32,-0.114461822327228,0.0279441117764471,-0.0655276381909548,0.0439121756487026,TRUE,TRUE
0.5,33,-0.0595209467937479,0.263473053892216,-0.0398492462311558,0.265469061876248,FALSE,FALSE
0.5,34,0.0338735364220107,0.536926147704591,0.0188442211055276,0.564870259481038,FALSE,FALSE
0.5,35,0.0219410647719075,0.672654690618762,0.0171859296482412,0.676646706586826,FALSE,FALSE
0.5,36,-0.16373487762484,0.00199600798403194,-0.110150753768844,0.00199600798403194,TRUE,TRUE
0.5,37,0.0173256198363697,0.744510978043912,0.0130653266331658,0.740518962075848,FALSE,FALSE
0.5,38,-0.117233843806317,0.0339321357285429,-0.0767336683417085,0.0359281437125748,TRUE,TRUE
0.5,39,-0.0932310253569807,0.127744510978044,-0.0365829145728643,0.115768463073852,FALSE,FALSE
0.5,40,-0.0464605853713633,0.427145708582834,-0.0312562814070352,0.357285429141717,FALSE,FALSE
0.5,41,-0.0146299063468725,0.784431137724551,-0.00623115577889447,0.776447105788423,FALSE,FALSE
0.5,42,-0.177304001602749,0.00399201596806387,-0.0976381909547739,0.00199600798403194,TRUE,TRUE
0.5,43,0.0234737486511604,0.68063872255489,0.0169346733668342,0.686626746506986,FALSE,FALSE
0.5,44,0.0311751877541935,0.546906187624751,0.0182412060301508,0.548902195608782,FALSE,FALSE
0.5,45,-0.0289591465693132,0.586826347305389,-0.0200502512562814,0.604790419161677,FALSE,FALSE
0.5,46,-0.0737529962692594,0.18562874251497,-0.0415577889447236,0.193612774451098,FALSE,FALSE
0.5,47,0.19594817046503,0.00199600798403194,0.157035175879397,0.00199600798403194,TRUE,TRUE
0.5,48,0.0482448279947469,0.405189620758483,0.0204522613065327,0.441117764471058,FALSE,FALSE
0.5,49,-0.0812798699509985,0.143712574850299,-0.0694974874371859,0.0978043912175649,FALSE,FALSE
0.5,50,-0.0433800012962,0.399201596806387,-0.0330150753768844,0.419161676646707,FALSE,FALSE
0.5,51,0.0330020919538567,0.49500998003992,0.022964824120603,0.542914171656687,FALSE,FALSE
0.5,52,0.143917516623839,0.00798403193612774,0.10035175879397,0.00998003992015968,TRUE,TRUE
0.5,53,-0.000478626930242525,0.992015968063872,-0.000301507537688436,0.996007984031936,FALSE,FALSE
0.5,54,-0.0395952936677355,0.469061876247505,-0.0234673366834171,0.457085828343313,FALSE,FALSE
0.5,55,0.029428098476374,0.6187624750499,0.0178391959798995,0.620758483033932,FALSE,FALSE
0.5,56,-0.166588312360456,0.00399201596806387,-0.126381909547739,0.00199600798403194,TRUE,TRUE
0.5,57,-0.0435348861402456,0.431137724550898,-0.0252261306532663,0.453093812375249,FALSE,FALSE
0.5,58,-0.0877462927843825,0.0858283433133733,-0.0682412060301508,0.0898203592814371,FALSE,FALSE
0.5,59,0.0598789445318812,0.275449101796407,0.0347236180904523,0.239520958083832,FALSE,FALSE
0.5,60,0.0691283830280457,0.249500998003992,0.0347236180904523,0.225548902195609,FALSE,FALSE
0.5,61,0.17559141623744,0.00199600798403194,0.124572864321608,0.00199600798403194,TRUE,TRUE
0.5,62,-0.0542903488261678,0.283433133732535,-0.0445226130653266,0.293413173652695,FALSE,FALSE
0.5,63,0.116427698897187,0.0239520958083832,0.0846733668341709,0.0419161676646707,TRUE,TRUE
0.5,64,-0.0760288347159752,0.149700598802395,-0.0591959798994975,0.159680638722555,FALSE,FALSE
0.5,65,-0.163241280586773,0.00399201596806387,-0.0935175879396985,0.00598802395209581,TRUE,TRUE
0.5,66,-0.170019780291668,0.00399201596806387,-0.104321608040201,0.00199600798403194,TRUE,TRUE
0.5,67,0.0201989220785563,0.768463073852295,0.0130150753768844,0.720558882235529,FALSE,FALSE
0.5,68,0.0503424692117805,0.339321357285429,0.0363819095477387,0.377245508982036,FALSE,FALSE
0.5,69,-0.163832872891563,0.00399201596806387,-0.0820603015075377,0.00598802395209581,TRUE,TRUE
0.5,70,-0.0533818378537151,0.317365269461078,-0.0372361809045226,0.339321357285429,FALSE,FALSE
0.5,71,-0.0724286199694969,0.189620758483034,-0.045678391959799,0.189620758483034,FALSE,FALSE
0.5,72,-0.086885340929111,0.13373253493014,-0.0541708542713568,0.111776447105788,FALSE,FALSE
0.5,73,0.014794327915459,0.800399201596806,0.00562814070351759,0.774451097804391,FALSE,FALSE
0.5,74,0.0769489865385646,0.165668662674651,0.0522110552763819,0.169660678642715,FALSE,FALSE
0.5,75,0.0832011623931741,0.135728542914172,0.0536180904522613,0.131736526946108,FALSE,FALSE
0.5,76,0.0825293545437307,0.129740518962076,0.0563819095477387,0.117764471057884,FALSE,FALSE
0.5,77,0.0645561379906421,0.273453093812375,0.0437688442211055,0.223552894211577,FALSE,FALSE
0.5,78,-0.0297347716969539,0.616766467065868,-0.0146733668341709,0.622754491017964,FALSE,FALSE
0.5,79,0.101350042902284,0.0678642714570858,0.0431658291457286,0.0718562874251497,FALSE,FALSE
0.5,80,-0.0868032460254231,0.107784431137725,-0.0622613065326633,0.117764471057884,FALSE,FALSE
0.5,81,0.181209023244004,0.00199600798403194,0.118542713567839,0.00199600798403194,TRUE,TRUE
0.5,82,-0.0579611474693871,0.273453093812375,-0.0418090452261307,0.263473053892216,FALSE,FALSE
0.5,83,-0.12627849264322,0.0119760479041916,-0.109246231155779,0.00998003992015968,TRUE,TRUE
0.5,84,-0.0705641195441024,0.179640718562874,-0.0517085427135678,0.211576846307385,FALSE,FALSE
0.5,85,-0.0107857405278697,0.822355289421158,-0.00788944723618091,0.862275449101796,FALSE,FALSE
0.5,86,-0.136532977160613,0.00998003992015968,-0.0884924623115578,0.00998003992015968,TRUE,TRUE
0.5,87,-0.125467955136242,0.0259481037924152,-0.0792462311557789,0.0199600798403194,TRUE,TRUE
0.5,88,0.195441031822167,0.00199600798403194,0.113366834170854,0.00199600798403194,TRUE,TRUE
0.5,89,-0.000497724688402659,0.998003992015968,-0.000351758793969847,0.992015968063872,FALSE,FALSE
0.5,90,-0.041967937543404,0.469061876247505,-0.0281909547738693,0.445109780439122,FALSE,FALSE
0.5,91,0.104920228969499,0.0658682634730539,0.0828643216080402,0.0439121756487026,FALSE,TRUE
0.5,92,0.142280640202102,0.00199600798403194,0.108040201005025,0.00998003992015968,TRUE,TRUE
0.5,93,0.171501716254065,0.00199600798403194,0.124773869346734,0.00199600798403194,TRUE,TRUE
0.5,94,0.0632602136406853,0.30938123752495,0.0224623115577889,0.281437125748503,FALSE,FALSE
0.5,95,-0.190619083902404,0.00199600798403194,-0.131658291457286,0.00199600798403194,TRUE,TRUE
0.5,96,0.0865544280584286,0.109780439121756,0.0716582914572864,0.103792415169661,FALSE,FALSE
0.5,97,0.0224562108788454,0.67065868263473,0.0112562814070352,0.660678642714571,FALSE,FALSE
0.5,98,-0.0943920561308192,0.0838323353293413,-0.0624120603015075,0.0958083832335329,FALSE,FALSE
0.5,99,0.161948624984183,0.00199600798403194,0.122763819095477,0.00798403193612774,TRUE,TRUE
0.5,100,0.0469783936921553,0.425149700598802,0.0340201005025126,0.389221556886228,FALSE,FALSE
0.5,101,0.0136760591582945,0.800399201596806,0.0103517587939698,0.80439121756487,FALSE,FALSE
0.5,102,0.0786336372404847,0.169660678642715,0.0308542713567839,0.205588822355289,FALSE,FALSE
0.5,103,0.0734688580908936,0.169660678642715,0.0521105527638191,0.145708582834331,FALSE,FALSE
0.5,104,-0.0964408260046679,0.0698602794411178,-0.0696984924623116,0.0578842315369262,FALSE,FALSE
0.5,105,0.0516046883703126,0.327345309381238,0.0402010050251256,0.321357285429142,FALSE,FALSE
0.5,106,0.0303950730887925,0.562874251497006,0.0198492462311558,0.536926147704591,FALSE,FALSE
0.5,107,0.0519133166340431,0.335329341317365,0.0376381909547739,0.347305389221557,FALSE,FALSE
0.5,108,0.151765710877062,0.00998003992015968,0.115829145728643,0.00598802395209581,TRUE,TRUE
0.5,109,-0.00482122479423942,0.940119760479042,-0.00301507537688442,0.916167664670659,FALSE,FALSE
0.5,110,-0.060514764213798,0.303393213572854,-0.0309045226130653,0.273453093812375,FALSE,FALSE
0.5,111,0.0549362841724299,0.349301397205589,0.0179899497487437,0.373253493013972,FALSE,FALSE
0.5,112,0.00255416918731864,0.968063872255489,0.0021608040201005,0.968063872255489,FALSE,FALSE
0.5,113,-0.0566673883000635,0.315369261477046,-0.0378391959798995,0.29940119760479,FALSE,FALSE
0.5,114,0.0434978346751048,0.411177644710579,0.0285427135678392,0.409181636726547,FALSE,FALSE
0.5,115,0.00744098483408188,0.892215568862275,0.00346733668341708,0.898203592814371,FALSE,FALSE
0.5,116,0.0640225871584127,0.261477045908184,0.045929648241206,0.217564870259481,FALSE,FALSE
0.5,117,-0.12897373515121,0.0179640718562874,-0.0947738693467337,0.0239520958083832,TRUE,TRUE
0.5,118,0.0493614222361574,0.349301397205589,0.0326130653266332,0.343313373253493,FALSE,FALSE
0.5,119,0.183491818852803,0.00199600798403194,0.108442211055276,0.00199600798403194,TRUE,TRUE
0.5,120,-0.0585221314148722,0.261477045908184,-0.0335175879396985,0.279441117764471,FALSE,FALSE
0.5,121,0.24464736292494,0.00199600798403194,0.185929648241206,0.00199600798403194,TRUE,TRUE
0.5,122,0.119739321021906,0.0159680638722555,0.0814070351758794,0.0239520958083832,TRUE,TRUE
0.5,123,0.137535758702044,0.0119760479041916,0.0835175879396985,0.0199600798403194,TRUE,TRUE
0.5,124,0.106244845477638,0.0758483033932136,0.0584924623115578,0.063872255489022,FALSE,FALSE
0.5,125,-0.0597961592908459,0.273453093812375,-0.042964824120603,0.287425149700599,FALSE,FALSE
0.5,126,-0.0713456390827776,0.193612774451098,-0.0526633165829146,0.189620758483034,FALSE,FALSE
0.5,127,0.0232803769714839,0.660678642714571,0.0147236180904523,0.672654690618762,FALSE,FALSE
0.5,128,0.0174311391535098,0.738522954091816,0.0110050251256281,0.766467065868264,FALSE,FALSE
0.5,129,0.0603598460578712,0.301397205588822,0.0335175879396985,0.285429141716567,FALSE,FALSE
0.5,130,0.0974942290613259,0.0798403193612774,0.0669849246231156,0.0658682634730539,FALSE,FALSE
0.5,131,-0.151218092815001,0.00598802395209581,-0.0976884422110553,0.00399201596806387,TRUE,TRUE
0.5,132,-0.253431221628922,0.00199600798403194,-0.141457286432161,0.00199600798403194,TRUE,TRUE
0.5,133,-0.0524820833489776,0.323353293413174,-0.0482914572864322,0.289421157684631,FALSE,FALSE
0.5,134,0.00605300674506569,0.930139720558882,0.00120603015075377,0.936127744510978,FALSE,FALSE
0.5,135,0.0535156731897501,0.327345309381238,0.0343718592964824,0.333333333333333,FALSE,FALSE
0.5,136,-0.200730866684655,0.00199600798403194,-0.1278391959799,0.00199600798403194,TRUE,TRUE
0.5,137,0.0202893639983437,0.694610778443114,0.00964824120603015,0.718562874251497,FALSE,FALSE
0.5,138,0.0377397592058114,0.534930139720559,0.0175879396984925,0.502994011976048,FALSE,FALSE
0.5,139,0.0556673495750339,0.291417165668663,0.0429145728643216,0.305389221556886,FALSE,FALSE
0.5,140,-0.062934359448251,0.269461077844311,-0.0465829145728643,0.243512974051896,FALSE,FALSE
0.5,141,-0.160395259469152,0.00399201596806387,-0.110954773869347,0.0159680638722555,TRUE,TRUE
0.5,142,0.118466672236761,0.0279441117764471,0.0968844221105528,0.0259481037924152,TRUE,TRUE
0.5,143,-0.0374338063765662,0.532934131736527,-0.0146231155778894,0.497005988023952,FALSE,FALSE
0.5,144,0.108616441462804,0.06187624750499,0.0437185929648241,0.0658682634730539,FALSE,FALSE
0.5,145,0.0644489643401989,0.231536926147705,0.0436683417085427,0.211576846307385,FALSE,FALSE
0.5,146,0.147467631847893,0.0139720558882236,0.0937185929648241,0.00798403193612774,TRUE,TRUE
0.5,147,0.0827955800191478,0.127744510978044,0.0664321608040201,0.127744510978044,FALSE,FALSE
0.5,148,0.0558399907595762,0.327345309381238,0.0344723618090452,0.303393213572854,FALSE,FALSE
0.5,149,-0.0376589450518326,0.500998003992016,-0.0182412060301508,0.471057884231537,FALSE,FALSE
0.5,150,-0.0287628055330929,0.612774451097804,-0.0200502512562814,0.608782435129741,FALSE,FALSE
0.5,151,-0.0369693085189137,0.491017964071856,-0.0216582914572864,0.491017964071856,FALSE,FALSE
0.5,152,0.0814733239253077,0.145708582834331,0.0448241206030151,0.171656686626747,FALSE,FALSE
0.5,153,-0.0509546993969027,0.367265469061876,-0.0366331658291457,0.357285429141717,FALSE,FALSE
0.5,154,-0.114903940356996,0.0439121756487026,-0.0657286432160804,0.0419161676646707,TRUE,TRUE
0.5,155,-0.125735519183424,0.0279441117764471,-0.0620603015075377,0.0179640718562874,TRUE,TRUE
0.5,156,0.0256710995651366,0.67065868263473,0.0171859296482412,0.612774451097804,FALSE,FALSE
0.5,157,-0.150572670131888,0.00598802395209581,-0.116633165829146,0.00598802395209581,TRUE,TRUE
0.5,158,-0.0467038240134203,0.377245508982036,-0.0363819095477387,0.413173652694611,FALSE,FALSE
0.5,159,-0.0484447332004931,0.409181636726547,-0.034321608040201,0.385229540918164,FALSE,FALSE
0.5,160,0.0205287621265092,0.734530938123752,0.0123618090452261,0.686626746506986,FALSE,FALSE
0.5,161,-0.0102689076805319,0.864271457085828,-0.00728643216080402,0.850299401197605,FALSE,FALSE
0.5,162,0.0200823284241148,0.732534930139721,0.011356783919598,0.724550898203593,FALSE,FALSE
0.5,163,-0.0450864550729861,0.385229540918164,-0.0300502512562814,0.437125748502994,FALSE,FALSE
0.5,164,0.157472933910363,0.00399201596806387,0.102412060301508,0.00199600798403194,TRUE,TRUE
0.5,165,0.0274716445367634,0.602794411177645,0.00974874371859296,0.634730538922156,FALSE,FALSE
0.5,166,0.181239052741937,0.00199600798403194,0.115678391959799,0.00199600798403194,TRUE,TRUE
0.5,167,-0.0346779754632049,0.532934131736527,-0.0214572864321608,0.502994011976048,FALSE,FALSE
0.5,168,-0.0156884151488516,0.776447105788423,-0.0123618090452261,0.788423153692615,FALSE,FALSE
0.5,169,0.00847612141914828,0.896207584830339,0.00386934673366834,0.906187624750499,FALSE,FALSE
0.5,170,0.106557362495665,0.0399201596806387,0.0506532663316583,0.0379241516966068,TRUE,TRUE
0.5,171,-0.0234487816869572,0.682634730538922,-0.0176381909547739,0.646706586826347,FALSE,FALSE
0.5,172,-0.0769623268072134,0.177644710578842,-0.0537688442211055,0.159680638722555,FALSE,FALSE
0.5,173,0.0451388827238581,0.387225548902196,0.0214572864321608,0.401197604790419,FALSE,FALSE
0.5,174,0.163382935443741,0.00798403193612774,0.125979899497487,0.00598802395209581,TRUE,TRUE
0.5,175,0.0361505594271786,0.48502994011976,0.0261809045226131,0.55688622754491,FALSE,FALSE
0.5,176,-0.0701756267514613,0.143712574850299,-0.0595477386934673,0.171656686626747,FALSE,FALSE
0.5,177,-0.0271003944492665,0.660678642714571,-0.0155276381909548,0.6187624750499,FALSE,FALSE
0.5,178,-0.145886306740591,0.0119760479041916,-0.0848743718592965,0.00998003992015968,TRUE,TRUE
0.5,179,0.0713161094365876,0.215568862275449,0.0526130653266332,0.17564870259481,FALSE,FALSE
0.5,180,0.110824876598974,0.0598802395209581,0.0602010050251256,0.0518962075848303,FALSE,FALSE
0.5,181,-0.150981019453984,0.00998003992015968,-0.110100502512563,0.00798403193612774,TRUE,TRUE
0.5,182,-0.110279602792758,0.0499001996007984,-0.0636683417085427,0.0419161676646707,TRUE,TRUE
0.5,183,-0.000451915122262809,0.992015968063872,-0.000301507537688443,0.994011976047904,FALSE,FALSE
0.5,184,0.0145748081797176,0.800399201596806,0.00743718592964824,0.792415169660679,FALSE,FALSE
0.5,185,-0.0948695095262267,0.0778443113772455,-0.0717587939698492,0.0778443113772455,FALSE,FALSE
0.5,186,0.0936937940763576,0.0758483033932136,0.0556281407035176,0.101796407185629,FALSE,FALSE
0.5,187,-0.26372954560552,0.00199600798403194,-0.179547738693467,0.00199600798403194,TRUE,TRUE
0.5,188,0.0694389989496349,0.215568862275449,0.0524120603015075,0.197604790419162,FALSE,FALSE
0.5,189,0.0785440170450412,0.147704590818363,0.0443718592964824,0.181636726546906,FALSE,FALSE
0.5,190,0.0963753843180426,0.0838323353293413,0.04,0.0758483033932136,FALSE,FALSE
0.5,191,0.058209590800295,0.263473053892216,0.0341708542713568,0.297405189620758,FALSE,FALSE
0.5,192,-0.134162831642444,0.00998003992015968,-0.105276381909548,0.0119760479041916,TRUE,TRUE
0.5,193,-0.00802167981030112,0.87624750499002,-0.00402010050251256,0.88622754491018,FALSE,FALSE
0.5,194,-0.0656030495555077,0.225548902195609,-0.0232663316582915,0.243512974051896,FALSE,FALSE
0.5,195,-0.124540363247988,0.0179640718562874,-0.0893969849246231,0.0239520958083832,TRUE,TRUE
0.5,196,-0.0804050943978195,0.177644710578842,-0.0396482412060302,0.155688622754491,FALSE,FALSE
0.5,197,0.142232079303116,0.0159680638722555,0.0812060301507538,0.0119760479041916,TRUE,TRUE
0.5,198,0.0678788178109464,0.197604790419162,0.0548743718592965,0.235528942115768,FALSE,FALSE
0.5,199,0.0165563914717953,0.784431137724551,0.0124623115577889,0.726546906187625,FALSE,FALSE
0.5,200,-0.0366427182976247,0.512974051896208,-0.0276381909547739,0.449101796407186,FALSE,FALSE
0.5,201,0.0115353098396251,0.842315369261477,0.00748743718592965,0.838323353293413,FALSE,FALSE
0.5,202,0.0389152107857346,0.475049900199601,0.0222613065326633,0.508982035928144,FALSE,FALSE
0.5,203,0.0560889875951612,0.333333333333333,0.037035175879397,0.297405189620758,FALSE,FALSE
0.5,204,0.0252242406350137,0.654690618762475,0.0151256281407035,0.642714570858283,FALSE,FALSE
0.5,205,-0.0374902947999924,0.467065868263473,-0.0314572864321608,0.439121756487026,FALSE,FALSE
0.5,206,-0.000269087352841721,0.998003992015968,-0.000201005025125628,0.99001996007984,FALSE,FALSE
0.5,207,0.02392115282906,0.686626746506986,0.00909547738693467,0.660678642714571,FALSE,FALSE
0.5,208,0.0475487497682256,0.37125748502994,0.0389949748743719,0.321357285429142,FALSE,FALSE
0.5,209,0.0102048374339165,0.878243512974052,0.00723618090452261,0.850299401197605,FALSE,FALSE
0.5,210,0.0186089023159868,0.734530938123752,0.00994974874371859,0.748502994011976,FALSE,FALSE
0.5,211,-0.0568578118326152,0.277445109780439,-0.0403517587939698,0.313373253493014,FALSE,FALSE
0.5,212,-0.0694761072050983,0.245508982035928,-0.0382412060301507,0.253493013972056,FALSE,FALSE
0.5,213,-0.0216963140822613,0.712574850299401,-0.0136683417085427,0.694610778443114,FALSE,FALSE
0.5,214,0.0141415959940742,0.802395209580838,0.00788944723618091,0.796407185628742,FALSE,FALSE
0.5,215,-0.020647380564161,0.698602794411178,-0.0126633165829146,0.718562874251497,FALSE,FALSE
0.5,216,0.0823498886100643,0.145708582834331,0.044070351758794,0.135728542914172,FALSE,FALSE
0.5,217,-0.084094485682914,0.109780439121756,-0.0544221105527638,0.13373253493014,FALSE,FALSE
0.5,218,-0.06104482448987,0.277445109780439,-0.0328643216080402,0.259481037924152,FALSE,FALSE
0.5,219,0.0823775794937977,0.143712574850299,0.0525628140703518,0.125748502994012,FALSE,FALSE
0.5,220,-0.106648308537912,0.0439121756487026,-0.0793969849246231,0.0578842315369262,TRUE,FALSE
0.5,221,-0.166647749328135,0.00199600798403194,-0.104170854271357,0.00199600798403194,TRUE,TRUE
0.5,222,0.143138031896573,0.0179640718562874,0.0998994974874372,0.00798403193612774,TRUE,TRUE
0.5,223,0.00467648664705413,0.944111776447106,0.00366834170854271,0.916167664670659,FALSE,FALSE
0.5,224,0.0408027113222361,0.441117764471058,0.0247236180904523,0.465069860279441,FALSE,FALSE
0.5,225,0.0306099689622046,0.568862275449102,0.0224120603015075,0.574850299401198,FALSE,FALSE
0.5,226,-0.0279250793656068,0.610778443113772,-0.017286432160804,0.608782435129741,FALSE,FALSE
0.5,227,0.052064210890209,0.325349301397206,0.0360804020100502,0.30938123752495,FALSE,FALSE
0.5,228,0.0661008929100269,0.215568862275449,0.0338693467336683,0.235528942115768,FALSE,FALSE
0.5,229,0.138878911856802,0.0179640718562874,0.101809045226131,0.00998003992015968,TRUE,TRUE
0.5,230,0.115098508800948,0.0339321357285429,0.0830653266331658,0.0439121756487026,TRUE,TRUE
0.5,231,-0.0834312834915939,0.0978043912175649,-0.0722110552763819,0.117764471057884,FALSE,FALSE
0.5,232,-0.154557614524217,0.00598802395209581,-0.109949748743719,0.00399201596806387,TRUE,TRUE
0.5,233,0.074423155245055,0.171656686626747,0.0415577889447236,0.193612774451098,FALSE,FALSE
0.5,234,-0.0215656776966383,0.692614770459082,-0.0161809045226131,0.694610778443114,FALSE,FALSE
0.5,235,-0.038736901350449,0.465069860279441,-0.0266331658291457,0.48502994011976,FALSE,FALSE
0.5,236,-0.242070957200967,0.00199600798403194,-0.171608040201005,0.00199600798403194,TRUE,TRUE
0.5,237,0.0177837141718442,0.694610778443114,0.0135175879396985,0.736526946107784,FALSE,FALSE
0.5,238,-0.036622876385159,0.502994011976048,-0.0239195979899497,0.455089820359281,FALSE,FALSE
0.5,239,-0.0951562688437296,0.0479041916167665,-0.0807035175879397,0.0838323353293413,TRUE,FALSE
0.5,240,0.0448557054101512,0.417165668662675,0.0339195979899497,0.419161676646707,FALSE,FALSE
0.5,241,0.021018219706669,0.708582834331337,0.0137688442211055,0.712574850299401,FALSE,FALSE
0.5,242,-0.0238547626113679,0.666666666666667,-0.01678391959799,0.62874251497006,FALSE,FALSE
0.5,243,-0.11847177077782,0.0259481037924152,-0.104221105527638,0.0199600798403194,TRUE,TRUE
0.5,244,-0.131215096762704,0.0159680638722555,-0.0837688442211055,0.0179640718562874,TRUE,TRUE
0.5,245,0.0606515212474788,0.277445109780439,0.0346231155778894,0.259481037924152,FALSE,FALSE
0.5,246,0.0330712323915634,0.540918163672655,0.024321608040201,0.516966067864271,FALSE,FALSE
0.5,247,0.101376870211658,0.063872255489022,0.0549246231155779,0.0878243512974052,FALSE,FALSE
0.5,248,0.146669158348991,0.00798403193612774,0.0890452261306533,0.00798403193612774,TRUE,TRUE
0.5,249,-0.0356183738302028,0.49500998003992,-0.0269346733668342,0.526946107784431,FALSE,FALSE
0.5,250,-0.045093551326369,0.395209580838323,-0.0361306532663317,0.373253493013972,FALSE,FALSE
0.5,251,-0.0273628603717056,0.636726546906188,-0.011356783919598,0.608782435129741,FALSE,FALSE
0.5,252,-0.0202165206229988,0.696606786427146,-0.0133165829145729,0.738522954091816,FALSE,FALSE
0.5,253,-0.0571212153702269,0.267465069860279,-0.0346733668341709,0.30938123752495,FALSE,FALSE
0.5,254,0.103742595079716,0.06187624750499,0.0521105527638191,0.0658682634730539,FALSE,FALSE
0.5,255,-0.0635871907845766,0.265469061876248,-0.0381407035175879,0.235528942115768,FALSE,FALSE
0.5,256,-0.0213199125279931,0.718562874251497,-0.0156281407035176,0.68063872255489,FALSE,FALSE
0.5,257,-0.0348963703535378,0.532934131736527,-0.0266834170854271,0.497005988023952,FALSE,FALSE
0.5,258,-0.0791311705162312,0.161676646706587,-0.0390452261306533,0.141716566866267,FALSE,FALSE
0.5,259,0.0182677242132537,0.74251497005988,0.00884422110552764,0.736526946107784,FALSE,FALSE
0.5,260,-0.0237954140713587,0.720558882235529,-0.0161306532663317,0.662674650698603,FALSE,FALSE
0.5,261,0.0627408037295197,0.265469061876248,0.0464824120603015,0.245508982035928,FALSE,FALSE
0.5,262,-0.0148346995827504,0.806387225548902,-0.0107537688442211,0.802395209580838,FALSE,FALSE
0.5,263,-0.0603369242810572,0.331337325349301,-0.0368341708542714,0.263473053892216,FALSE,FALSE
0.5,264,-0.0744203842765866,0.167664670658683,-0.0530653266331658,0.187624750499002,FALSE,FALSE
0.5,265,-0.270808142327995,0.00199600798403194,-0.168391959798995,0.00199600798403194,TRUE,TRUE
0.5,266,-0.111690563661734,0.0339321357285429,-0.0852261306532663,0.0419161676646707,TRUE,TRUE
0.5,267,0.272675827347656,0.00199600798403194,0.187286432160804,0.00199600798403194,TRUE,TRUE
0.5,268,-0.0183670469580811,0.718562874251497,-0.0135175879396985,0.772455089820359,FALSE,FALSE
0.5,269,0.0394285203820975,0.481037924151697,0.0284924623115578,0.461077844311377,FALSE,FALSE
0.5,270,0.0120633718524549,0.818363273453094,0.00582914572864322,0.838323353293413,FALSE,FALSE
0.5,271,0.116963578250088,0.031936127744511,0.0839698492462312,0.0259481037924152,TRUE,TRUE
0.5,272,-0.107278883679565,0.06187624750499,-0.0510050251256281,0.0838323353293413,FALSE,FALSE
0.5,273,-0.018674797862389,0.730538922155689,-0.0130150753768844,0.704590818363273,FALSE,FALSE
0.5,274,0.0560841985296894,0.273453093812375,0.0404020100502513,0.305389221556886,FALSE,FALSE
0.5,275,-0.10332163733686,0.0499001996007984,-0.0597989949748744,0.0718562874251497,TRUE,FALSE
0.5,276,-0.071020304934541,0.209580838323353,-0.045678391959799,0.211576846307385,FALSE,FALSE
0.5,277,0.163950407483339,0.00199600798403194,0.115376884422111,0.00399201596806387,TRUE,TRUE
0.5,278,-0.0721704443223219,0.223552894211577,-0.0425125628140704,0.187624750499002,FALSE,FALSE
0.5,279,-0.0415916068207635,0.455089820359281,-0.0320603015075377,0.44311377245509,FALSE,FALSE
0.5,280,-0.0412632380889363,0.487025948103792,-0.0275879396984925,0.449101796407186,FALSE,FALSE
0.5,281,-0.0766781597799645,0.151696606786427,-0.0431658291457286,0.165668662674651,FALSE,FALSE
0.5,282,-0.0528014524762782,0.315369261477046,-0.030251256281407,0.373253493013972,FALSE,FALSE
0.5,283,-0.0488544305185411,0.395209580838323,-0.0306030150753769,0.363273453093812,FALSE,FALSE
0.5,284,-0.0017325429196479,0.982035928143713,-0.000753768844221106,0.964071856287425,FALSE,FALSE
0.5,285,0.0232040470457852,0.656686626746507,0.0170854271356784,0.630738522954092,FALSE,FALSE
0.5,286,-0.23615497244469,0.00199600798403194,-0.166130653266332,0.00199600798403194,TRUE,TRUE
0.5,287,0.0893841302943536,0.101796407185629,0.0595477386934673,0.0998003992015968,FALSE,FALSE
0.5,288,-0.067851747074004,0.227544910179641,-0.0430653266331658,0.215568862275449,FALSE,FALSE
0.5,289,0.0398281009934657,0.489021956087824,0.0239195979899497,0.500998003992016,FALSE,FALSE
0.5,290,0.0487079182355758,0.419161676646707,0.0252763819095477,0.389221556886228,FALSE,FALSE
0.5,291,0.0786452508445002,0.173652694610778,0.0537688442211055,0.135728542914172,FALSE,FALSE
0.5,292,-0.00420772465054396,0.944111776447106,-0.00271356783919598,0.930139720558882,FALSE,FALSE
0.5,293,-0.0854125096275296,0.0958083832335329,-0.0720100502512563,0.0958083832335329,FALSE,FALSE
0.5,294,0.127202375616748,0.0159680638722555,0.0591959798994975,0.0339321357285429,TRUE,TRUE
0.5,295,0.0549795011812345,0.331337325349301,0.0256281407035176,0.295409181636727,FALSE,FALSE
0.5,296,-0.156803972773779,0.00598802395209581,-0.0918090452261307,0.00998003992015968,TRUE,TRUE
0.5,297,0.12489077752721,0.0199600798403194,0.0895979899497487,0.0179640718562874,TRUE,TRUE
0.5,298,-0.0531654523923775,0.341317365269461,-0.0341206030150754,0.333333333333333,FALSE,FALSE
0.5,299,-0.0756830393725409,0.181636726546906,-0.0422613065326633,0.189620758483034,FALSE,FALSE
0.5,300,0.0500627677403317,0.369261477045908,0.0347236180904523,0.325349301397206,FALSE,FALSE
0.5,301,-0.0812399683640584,0.121756487025948,-0.0703517587939698,0.131736526946108,FALSE,FALSE
0.5,302,0.0188650788990418,0.746506986027944,0.0139195979899498,0.730538922155689,FALSE,FALSE
0.5,303,0.018588886974853,0.726546906187625,0.0114070351758794,0.758483033932136,FALSE,FALSE
0.5,304,0.0069342950733062,0.898203592814371,0.00407035175879397,0.88622754491018,FALSE,FALSE
0.5,305,0.0717573364260746,0.167664670658683,0.0570854271356784,0.189620758483034,FALSE,FALSE
0.5,306,-0.104574692174804,0.0479041916167665,-0.0827638190954774,0.0698602794411178,TRUE,FALSE
0.5,307,-0.12074287659516,0.0239520958083832,-0.0785427135678392,0.0439121756487026,TRUE,TRUE
0.5,308,-0.100234875587752,0.0479041916167665,-0.0821105527638191,0.0678642714570858,TRUE,FALSE
0.5,309,0.0407074053847095,0.479041916167665,0.0219095477386935,0.487025948103792,FALSE,FALSE
0.5,310,-0.0396052004216795,0.473053892215569,-0.0289949748743719,0.453093812375249,FALSE,FALSE
0.5,311,0.174335301850647,0.00998003992015968,0.0919095477386935,0.00399201596806387,TRUE,TRUE
0.5,312,-0.00118783869965481,0.980039920159681,-0.000603015075376885,0.984031936127745,FALSE,FALSE
0.5,313,0.0326654954606752,0.548902195608782,0.0171859296482412,0.572854291417166,FALSE,FALSE
0.5,314,0.101901704206125,0.0758483033932136,0.0503015075376884,0.0878243512974052,FALSE,FALSE
0.5,315,-0.0178895093881582,0.748502994011976,-0.0112060301507538,0.744510978043912,FALSE,FALSE
0.5,316,-0.0665010480461078,0.211576846307385,-0.0303517587939698,0.241516966067864,FALSE,FALSE
0.5,317,-0.109654256714607,0.0499001996007984,-0.0665829145728643,0.0499001996007984,TRUE,TRUE
0.5,318,0.130571767609507,0.0199600798403194,0.0823618090452261,0.0259481037924152,TRUE,TRUE
0.5,319,0.0544393458178423,0.343313373253493,0.0377386934673367,0.325349301397206,FALSE,FALSE
0.5,320,0.0291747243766868,0.656686626746507,0.0121105527638191,0.622754491017964,FALSE,FALSE
0.5,321,0.0364871369258143,0.520958083832335,0.0237688442211055,0.475049900199601,FALSE,FALSE
0.5,322,0.119721292373574,0.029940119760479,0.0980402010050251,0.0339321357285429,TRUE,TRUE
0.5,323,-0.0551835343609296,0.275449101796407,-0.0480402010050251,0.259481037924152,FALSE,FALSE
0.5,324,0.0150033685707619,0.784431137724551,0.00763819095477387,0.800399201596806,FALSE,FALSE
0.5,325,0.00895060353992726,0.858283433133733,0.00542713567839196,0.864271457085828,FALSE,FALSE
0.5,326,-0.0972078003128571,0.0898203592814371,-0.0470854271356784,0.0818363273453094,FALSE,FALSE
0.5,327,-0.0371659128912095,0.473053892215569,-0.0273869346733668,0.536926147704591,FALSE,FALSE
0.5,328,0.0653805198812541,0.239520958083832,0.0541206030150754,0.18562874251497,FALSE,FALSE
0.5,329,0.0492214173718734,0.383233532934132,0.0342713567839196,0.375249500998004,FALSE,FALSE
0.5,330,-0.0753696196864004,0.153692614770459,-0.0461306532663317,0.169660678642715,FALSE,FALSE
0.5,331,0.0478097826924926,0.42315369261477,0.0215075376884422,0.411177644710579,FALSE,FALSE
0.5,332,0.047196321976622,0.369261477045908,0.0355778894472362,0.387225548902196,FALSE,FALSE
0.5,333,0.125120661843002,0.029940119760479,0.0958793969849246,0.0219560878243513,TRUE,TRUE
0.5,334,0.0285667156012341,0.610778443113772,0.018391959798995,0.624750499001996,FALSE,FALSE
0.5,335,0.0893124670298645,0.11377245508982,0.0696984924623116,0.0898203592814371,FALSE,FALSE
0.5,336,-0.0900627119881233,0.0878243512974052,-0.0673869346733668,0.0958083832335329,FALSE,FALSE
0.5,337,0.0262423017713096,0.608782435129741,0.0182914572864322,0.636726546906188,FALSE,FALSE
0.5,338,0.0796893677647407,0.17564870259481,0.0404020100502513,0.165668662674651,FALSE,FALSE
0.5,339,0.0623443280248702,0.263473053892216,0.0258793969849246,0.255489021956088,FALSE,FALSE
0.5,340,-0.0799209904875172,0.125748502994012,-0.0626633165829146,0.13373253493014,FALSE,FALSE
0.5,341,0.012982527478685,0.812375249500998,0.00864321608040201,0.784431137724551,FALSE,FALSE
0.5,342,0.0382843118204923,0.473053892215569,0.0244221105527638,0.49500998003992,FALSE,FALSE
0.5,343,0.126631369283454,0.0179640718562874,0.088391959798995,0.0139720558882236,TRUE,TRUE
0.5,344,-0.0563178363994228,0.31936127744511,-0.0301005025125628,0.303393213572854,FALSE,FALSE
0.5,345,-0.0440734385233495,0.461077844311377,-0.0201005025125628,0.411177644710579,FALSE,FALSE
0.5,346,0.0833097637304425,0.139720558882236,0.064070351758794,0.137724550898204,FALSE,FALSE
0.5,347,0.0345695885589255,0.530938123752495,0.0220603015075377,0.536926147704591,FALSE,FALSE
0.5,348,0.0249539069696901,0.666666666666667,0.0187437185929648,0.636726546906188,FALSE,FALSE
0.5,349,-0.0794468164887223,0.171656686626747,-0.052964824120603,0.131736526946108,FALSE,FALSE
0.5,350,-0.0301358792659508,0.596806387225549,-0.0148743718592965,0.624750499001996,FALSE,FALSE
0.5,351,0.149492756794621,0.00798403193612774,0.108040201005025,0.00598802395209581,TRUE,TRUE
0.5,352,-0.174471663258944,0.00399201596806387,-0.119899497487437,0.00399201596806387,TRUE,TRUE
0.5,353,-0.165518635938398,0.00399201596806387,-0.126281407035176,0.00399201596806387,TRUE,TRUE
0.5,354,-0.0226504771652351,0.674650698602794,-0.0169346733668342,0.686626746506986,FALSE,FALSE
0.5,355,0.0939605577149741,0.0818363273453094,0.0718090452261307,0.0778443113772455,FALSE,FALSE
0.5,356,-0.170091788952412,0.00598802395209581,-0.098643216080402,0.00199600798403194,TRUE,TRUE
0.5,357,0.0101449563872792,0.870259481037924,0.00693467336683417,0.850299401197605,FALSE,FALSE
0.5,358,-0.142836765280402,0.00998003992015968,-0.123517587939698,0.00399201596806387,TRUE,TRUE
0.5,359,0.0212523659243275,0.712574850299401,0.0152261306532663,0.714570858283433,FALSE,FALSE
0.5,360,-0.0959256165320442,0.0918163672654691,-0.051356783919598,0.0998003992015968,FALSE,FALSE
0.5,361,0.119147176604857,0.0419161676646707,0.0453266331658291,0.0359281437125748,TRUE,TRUE
0.5,362,-0.0453986875378209,0.411177644710579,-0.0341206030150754,0.363273453093812,FALSE,FALSE
0.5,363,0.0810350115340152,0.127744510978044,0.0522110552763819,0.125748502994012,FALSE,FALSE
0.5,364,-0.0698727298666065,0.205588822355289,-0.0555778894472362,0.201596806387226,FALSE,FALSE
0.5,365,-0.00216627690749522,0.978043912175649,-0.00125628140703517,0.968063872255489,FALSE,FALSE
0.5,366,0.0550761155760505,0.303393213572854,0.0434673366834171,0.283433133732535,FALSE,FALSE
0.5,367,0.0628273496413,0.243512974051896,0.051105527638191,0.245508982035928,FALSE,FALSE
0.5,368,-0.0222994845154002,0.674650698602794,-0.0173366834170854,0.732534930139721,FALSE,FALSE
0.5,369,-0.0514299854055224,0.3812375249501,-0.0290954773869347,0.363273453093812,FALSE,FALSE
0.5,370,0.0545496600189558,0.343313373253493,0.025427135678392,0.327345309381238,FALSE,FALSE
0.5,371,0.0352948715290801,0.552894211576846,0.0257788944723618,0.522954091816367,FALSE,FALSE
0.5,372,0.0585079170617339,0.277445109780439,0.0455276381909548,0.267465069860279,FALSE,FALSE
0.5,373,-0.170842114787864,0.00798403193612774,-0.0901005025125628,0.00798403193612774,TRUE,TRUE
0.5,374,0.0313061071610155,0.514970059880239,0.0261306532663317,0.548902195608782,FALSE,FALSE
0.5,375,-0.147300711029068,0.00399201596806387,-0.0931658291457286,0.00998003992015968,TRUE,TRUE
0.5,376,-0.118675683895093,0.0339321357285429,-0.0928643216080402,0.0199600798403194,TRUE,TRUE
0.5,377,0.0321229143289884,0.548902195608782,0.0220603015075377,0.544910179640719,FALSE,FALSE
0.5,378,0.0626386692574776,0.265469061876248,0.0468341708542714,0.263473053892216,FALSE,FALSE
0.5,379,0.0557764250684969,0.321357285429142,0.0342211055276382,0.317365269461078,FALSE,FALSE
0.5,380,-0.0948928636715512,0.0738522954091816,-0.0693969849246231,0.103792415169661,FALSE,FALSE
0.5,381,-0.0389668240499355,0.50499001996008,-0.0165829145728643,0.489021956087824,FALSE,FALSE
0.5,382,-0.0809443594682951,0.143712574850299,-0.0489949748743719,0.147704590818363,FALSE,FALSE
0.5,383,0.00327557479733093,0.952095808383233,0.00201005025125628,0.960079840319361,FALSE,FALSE
0.5,384,-0.0158456595672361,0.776447105788423,-0.00904522613065326,0.776447105788423,FALSE,FALSE
0.5,385,0.0648266543635141,0.255489021956088,0.0439698492462312,0.24750499001996,FALSE,FALSE
0.5,386,0.248965914747124,0.00199600798403194,0.15105527638191,0.00199600798403194,TRUE,TRUE
0.5,387,0.0993408944765882,0.0578842315369262,0.07678391959799,0.0718562874251497,FALSE,FALSE
0.5,388,0.0386469287664311,0.469061876247505,0.0308040201005025,0.431137724550898,FALSE,FALSE
0.5,389,0.0172674934748405,0.740518962075848,0.00949748743718593,0.748502994011976,FALSE,FALSE
0.5,390,-0.110686228463104,0.031936127744511,-0.0963316582914573,0.0239520958083832,TRUE,TRUE
0.5,391,0.0665794943635726,0.251497005988024,0.0316582914572864,0.241516966067864,FALSE,FALSE
0.5,392,-0.103017755645802,0.0598802395209581,-0.0628643216080402,0.0479041916167665,FALSE,TRUE
0.5,393,-0.0373039477855993,0.499001996007984,-0.0280402010050251,0.469061876247505,FALSE,FALSE
0.5,394,-0.0748457618593724,0.211576846307385,-0.0326633165829146,0.207584830339321,FALSE,FALSE
0.5,395,0.0179517985204973,0.754491017964072,0.012713567839196,0.74251497005988,FALSE,FALSE
0.5,396,-0.0747439797870348,0.211576846307385,-0.0341206030150754,0.173652694610778,FALSE,FALSE
0.5,397,0.146905904286219,0.00199600798403194,0.0831155778894472,0.00598802395209581,TRUE,TRUE
0.5,398,0.0160686529384726,0.764471057884232,0.0119095477386935,0.764471057884232,FALSE,FALSE
0.5,399,0.00702470579683461,0.882235528942116,0.005678391959799,0.902195608782435,FALSE,FALSE
0.5,400,0.00907272306698345,0.882235528942116,0.00492462311557789,0.842315369261477,FALSE,FALSE
0.5,401,0.0608726924890986,0.223552894211577,0.0461809045226131,0.229540918163673,FALSE,FALSE
0.5,402,-0.0927070059697472,0.103792415169661,-0.0633668341708543,0.0878243512974052,FALSE,FALSE
0.5,403,-0.116659156341791,0.0259481037924152,-0.0814070351758794,0.0439121756487026,TRUE,TRUE
0.5,404,-0.05665466151574,0.273453093812375,-0.0450753768844221,0.287425149700599,FALSE,FALSE
0.5,405,0.127333466612872,0.0239520958083832,0.100854271356784,0.0119760479041916,TRUE,TRUE
0.5,406,0.141218529178692,0.00798403193612774,0.0993467336683417,0.0119760479041916,TRUE,TRUE
0.5,407,-0.058755591618891,0.331337325349301,-0.0250251256281407,0.277445109780439,FALSE,FALSE
0.5,408,0.155313915508801,0.00199600798403194,0.0693467336683417,0.00998003992015968,TRUE,TRUE
0.5,409,0.244043780878163,0.00199600798403194,0.185477386934673,0.00199600798403194,TRUE,TRUE
0.5,410,0.16961941091974,0.00199600798403194,0.114974874371859,0.00399201596806387,TRUE,TRUE
0.5,411,-0.00125273844459335,0.984031936127745,-0.000854271356783916,0.978043912175649,FALSE,FALSE
0.5,412,-0.137369749676551,0.0239520958083832,-0.0992462311557789,0.0139720558882236,TRUE,TRUE
0.5,413,0.106789990329307,0.0419161676646707,0.0487437185929648,0.06187624750499,TRUE,FALSE
0.5,414,0.0174565900386427,0.766467065868264,0.011356783919598,0.758483033932136,FALSE,FALSE
0.5,415,0.0631896822323972,0.263473053892216,0.0453768844221106,0.19560878243513,FALSE,FALSE
0.5,416,0.0170052894676646,0.746506986027944,0.00854271356783919,0.750499001996008,FALSE,FALSE
0.5,417,-0.0691976383392889,0.217564870259481,-0.0472361809045226,0.233532934131737,FALSE,FALSE
0.5,418,-0.0339568444563836,0.50499001996008,-0.0238190954773869,0.596806387225549,FALSE,FALSE
0.5,419,0.0340447712758175,0.512974051896208,0.0192462311557789,0.564870259481038,FALSE,FALSE
0.5,420,0.0714607777995436,0.181636726546906,0.0559798994974874,0.171656686626747,FALSE,FALSE
0.5,421,0.0949681692415889,0.0758483033932136,0.0475376884422111,0.0758483033932136,FALSE,FALSE
0.5,422,-0.0642349670061147,0.269461077844311,-0.0353768844221106,0.251497005988024,FALSE,FALSE
0.5,423,-0.0374015814951601,0.500998003992016,-0.0142211055276382,0.48502994011976,FALSE,FALSE
0.5,424,0.010615971735761,0.812375249500998,0.00814070351758794,0.862275449101796,FALSE,FALSE
0.5,425,0.140763028597303,0.0179640718562874,0.072964824120603,0.00798403193612774,TRUE,TRUE
0.5,426,0.0982252121559668,0.0598802395209581,0.0675879396984925,0.063872255489022,FALSE,FALSE
0.5,427,0.131231646788329,0.0159680638722555,0.0810050251256281,0.0179640718562874,TRUE,TRUE
0.5,428,0.0539550302600919,0.315369261477046,0.0385427135678392,0.303393213572854,FALSE,FALSE
0.5,429,-0.0429564012793091,0.477045908183633,-0.0335175879396985,0.413173652694611,FALSE,FALSE
0.5,430,-0.108317357751783,0.0518962075848303,-0.0876381909547739,0.0459081836327345,FALSE,TRUE
0.5,431,-0.0912048122159245,0.111776447105788,-0.0546733668341709,0.103792415169661,FALSE,FALSE
0.5,432,-0.0397485946984699,0.49500998003992,-0.0224623115577889,0.483033932135729,FALSE,FALSE
0.5,433,0.0420287310568316,0.439121756487026,0.0218090452261307,0.445109780439122,FALSE,FALSE
0.5,434,-0.0548104492838088,0.341317365269461,-0.034321608040201,0.285429141716567,FALSE,FALSE
0.5,435,0.0768520928813684,0.147704590818363,0.027286432160804,0.18562874251497,FALSE,FALSE
0.5,436,0.00625193763194758,0.904191616766467,0.00442211055276382,0.916167664670659,FALSE,FALSE
0.5,437,0.0803629961383482,0.151696606786427,0.0423618090452261,0.169660678642715,FALSE,FALSE
0.5,438,0.052264375653128,0.36127744510978,0.0295477386934673,0.359281437125749,FALSE,FALSE
0.5,439,0.249168154533225,0.00199600798403194,0.171256281407035,0.00199600798403194,TRUE,TRUE
0.5,440,0.0558656705165484,0.295409181636727,0.0390452261306533,0.307385229540918,FALSE,FALSE
0.5,441,-0.119372955630058,0.031936127744511,-0.0986934673366834,0.0179640718562874,TRUE,TRUE
0.5,442,0.020762745278741,0.716566866267465,0.0139195979899498,0.70059880239521,FALSE,FALSE
0.5,443,-0.120102879670292,0.029940119760479,-0.0744221105527638,0.0419161676646707,TRUE,TRUE
0.5,444,0.0347877841070917,0.487025948103792,0.0204020100502513,0.508982035928144,FALSE,FALSE
0.5,445,0.0281306828850858,0.614770459081836,0.0164824120603015,0.614770459081836,FALSE,FALSE
0.5,446,0.000953424073410168,0.996007984031936,0.000552763819095475,0.99001996007984,FALSE,FALSE
0.5,447,0.012658968371251,0.812375249500998,0.00834170854271357,0.784431137724551,FALSE,FALSE
0.5,448,-0.000365591679062234,1,-0.000251256281407035,0.998003992015968,FALSE,FALSE
0.5,449,0.0463986136892225,0.419161676646707,0.0304522613065327,0.379241516966068,FALSE,FALSE
0.5,450,-0.0674667976842279,0.201596806387226,-0.0426633165829146,0.217564870259481,FALSE,FALSE
0.5,451,0.00483886865406466,0.946107784431138,0.00321608040201005,0.93812375249501,FALSE,FALSE
0.5,452,-0.127416760510145,0.0139720558882236,-0.106180904522613,0.0199600798403194,TRUE,TRUE
0.5,453,0.0309168786994892,0.578842315369261,0.0192964824120603,0.554890219560878,FALSE,FALSE
0.5,454,0.118656394128675,0.0219560878243513,0.0755778894472362,0.0339321357285429,TRUE,TRUE
0.5,455,0.183101295829978,0.00199600798403194,0.136331658291457,0.00199600798403194,TRUE,TRUE
0.5,456,0.0270042803066821,0.632734530938124,0.0168844221105528,0.636726546906188,FALSE,FALSE
0.5,457,-0.0844613643177464,0.105788423153693,-0.0689949748743719,0.109780439121756,FALSE,FALSE
0.5,458,-0.22495451398603,0.00199600798403194,-0.181306532663317,0.00199600798403194,TRUE,TRUE
0.5,459,-0.115780808467476,0.0379241516966068,-0.0898492462311558,0.0359281437125748,TRUE,TRUE
0.5,460,-0.0278891279136079,0.630738522954092,-0.0135175879396985,0.656686626746507,FALSE,FALSE
0.5,461,-0.130454544720895,0.0219560878243513,-0.0830150753768844,0.0179640718562874,TRUE,TRUE
0.5,462,0.145211056620881,0.0159680638722555,0.103718592964824,0.00798403193612774,TRUE,TRUE
0.5,463,-0.145103916905259,0.0119760479041916,-0.0991959798994975,0.00798403193612774,TRUE,TRUE
0.5,464,-0.119061871739254,0.0339321357285429,-0.0847236180904523,0.029940119760479,TRUE,TRUE
0.5,465,0.0757700614044959,0.183632734530938,0.0434170854271357,0.171656686626747,FALSE,FALSE
0.5,466,0.00548434671693279,0.910179640718563,0.0042713567839196,0.93812375249501,FALSE,FALSE
0.5,467,0.18518770614506,0.00399201596806387,0.118492462311558,0.00199600798403194,TRUE,TRUE
0.5,468,0.0628920348630698,0.269461077844311,0.0408542713567839,0.24750499001996,FALSE,FALSE
0.5,469,-0.0856046116008607,0.0958083832335329,-0.07,0.105788423153693,FALSE,FALSE
0.5,470,-0.274010233754932,0.00199600798403194,-0.146683417085427,0.00199600798403194,TRUE,TRUE
0.5,471,0.058562464623211,0.259481037924152,0.0439698492462312,0.223552894211577,FALSE,FALSE
0.5,472,-0.0675596287053615,0.211576846307385,-0.0280402010050251,0.231536926147705,FALSE,FALSE
0.5,473,-0.0239863598621348,0.646706586826347,-0.0167336683417085,0.630738522954092,FALSE,FALSE
0.5,474,-0.0702361557599498,0.227544910179641,-0.0479899497487437,0.199600798403194,FALSE,FALSE
0.5,475,-0.0296538351468124,0.558882235528942,-0.0222613065326633,0.574850299401198,FALSE,FALSE
0.5,476,0.0576616942436333,0.275449101796407,0.0294472361809045,0.301397205588822,FALSE,FALSE
0.5,477,0.0886624512271885,0.109780439121756,0.0480904522613065,0.119760479041916,FALSE,FALSE
0.5,478,-0.0850685075507301,0.131736526946108,-0.0601005025125628,0.137724550898204,FALSE,FALSE
0.5,479,-0.0678280260581233,0.169660678642715,-0.0560804020100503,0.201596806387226,FALSE,FALSE
0.5,480,0.0612347078079585,0.267465069860279,0.0371859296482412,0.261477045908184,FALSE,FALSE
0.5,481,0.125456220135221,0.0259481037924152,0.0919095477386935,0.0159680638722555,TRUE,TRUE
0.5,482,0.0255558667126638,0.640718562874252,0.0195477386934673,0.596806387225549,FALSE,FALSE
0.5,483,-0.034892736326595,0.528942115768463,-0.018643216080402,0.558882235528942,FALSE,FALSE
0.5,484,0.00249793530237479,0.968063872255489,0.00135678391959799,0.976047904191617,FALSE,FALSE
0.5,485,-0.00451563827539407,0.942115768463074,-0.00326633165829146,0.930139720558882,FALSE,FALSE
0.5,486,0.0478213511315147,0.447105788423154,0.021356783919598,0.385229540918164,FALSE,FALSE
0.5,487,0.0996647568780081,0.0738522954091816,0.0774874371859296,0.0738522954091816,FALSE,FALSE
0.5,488,0.0660685233444195,0.183632734530938,0.0600502512562814,0.187624750499002,FALSE,FALSE
0.5,489,-0.183314542892494,0.00199600798403194,-0.08,0.00399201596806387,TRUE,TRUE
0.5,490,-0.00613586346696441,0.910179640718563,-0.00346733668341708,0.910179640718563,FALSE,FALSE
0.5,491,-0.00397983347681722,0.946107784431138,-0.00195979899497487,0.942115768463074,FALSE,FALSE
0.5,492,-0.0673195177666465,0.227544910179641,-0.0247738693467337,0.227544910179641,FALSE,FALSE
0.5,493,0.134879972722968,0.0119760479041916,0.103768844221106,0.0119760479041916,TRUE,TRUE
0.5,494,-0.0346282021671912,0.550898203592814,-0.0216582914572864,0.548902195608782,FALSE,FALSE
0.5,495,-0.0272469418759948,0.608782435129741,-0.0196984924623116,0.620758483033932,FALSE,FALSE
0.5,496,-0.106172141988587,0.06187624750499,-0.0744221105527638,0.0538922155688623,FALSE,FALSE
0.5,497,0.173226921940201,0.00199600798403194,0.0975376884422111,0.00199600798403194,TRUE,TRUE
0.5,498,0.076651236329742,0.203592814371257,0.038894472361809,0.167664670658683,FALSE,FALSE
0.5,499,-0.0329583682913956,0.514970059880239,-0.0278894472361809,0.526946107784431,FALSE,FALSE
0.5,500,-0.0815520426128701,0.167664670658683,-0.0530150753768844,0.147704590818363,FALSE,FALSE
0.5,501,-0.12454794578617,0.029940119760479,-0.0849748743718593,0.0239520958083832,TRUE,TRUE
0.5,502,0.0931015741357536,0.0818363273453094,0.0396482412060302,0.093812375249501,FALSE,FALSE
0.5,503,0.0665303265435859,0.24750499001996,0.0376381909547739,0.215568862275449,FALSE,FALSE
0.5,504,-0.107324828096507,0.0558882235528942,-0.0547738693467337,0.0518962075848303,FALSE,FALSE
0.5,505,-0.114994961363823,0.0479041916167665,-0.0587437185929648,0.0479041916167665,TRUE,TRUE
0.5,506,-0.0215386576127051,0.660678642714571,-0.0137185929648241,0.684630738522954,FALSE,FALSE
0.5,507,0.00785420796647991,0.880239520958084,0.0064321608040201,0.896207584830339,FALSE,FALSE
0.5,508,0.0530647821103106,0.359281437125749,0.0347236180904523,0.357285429141717,FALSE,FALSE
0.5,509,0.0579899462132947,0.303393213572854,0.0323618090452261,0.285429141716567,FALSE,FALSE
0.5,510,0.217420982506551,0.00199600798403194,0.0741708542713568,0.00199600798403194,TRUE,TRUE
0.5,511,-0.0717510048523306,0.19560878243513,-0.0444723618090452,0.187624750499002,FALSE,FALSE
0.5,512,-0.0391744312100741,0.461077844311377,-0.0330150753768844,0.457085828343313,FALSE,FALSE
0.5,513,0.0432217645778479,0.415169660678643,0.0297989949748744,0.389221556886228,FALSE,FALSE
0.5,514,0.124864673202755,0.0279441117764471,0.0804020100502513,0.0179640718562874,TRUE,TRUE
0.5,515,0.022822102664577,0.658682634730539,0.0160804020100502,0.650698602794411,FALSE,FALSE
0.5,516,0.0314849856533426,0.590818363273453,0.0231155778894472,0.532934131736527,FALSE,FALSE
0.5,517,-0.0282297159783787,0.578842315369261,-0.0239195979899497,0.582834331337325,FALSE,FALSE
0.5,518,0.0239284872859984,0.656686626746507,0.0126130653266332,0.674650698602794,FALSE,FALSE
0.5,519,0.0016541718520606,0.964071856287425,0.00125628140703518,0.980039920159681,FALSE,FALSE
0.5,520,-0.0716616225259305,0.211576846307385,-0.0359798994974874,0.215568862275449,FALSE,FALSE
0.5,521,0.00842952883884019,0.884231536926148,0.00442211055276382,0.900199600798403,FALSE,FALSE
0.5,522,0.00222186235595242,0.968063872255489,0.00160804020100503,0.980039920159681,FALSE,FALSE
0.5,523,0.0730668267837505,0.171656686626747,0.0620603015075377,0.165668662674651,FALSE,FALSE
0.5,524,0.0268372072052636,0.630738522954092,0.014572864321608,0.666666666666667,FALSE,FALSE
0.5,525,0.0821988434634302,0.121756487025948,0.0618592964824121,0.119760479041916,FALSE,FALSE
0.5,526,0.0972805651781182,0.0738522954091816,0.0690954773869347,0.0918163672654691,FALSE,FALSE
0.5,527,-0.0353023754161356,0.518962075848303,-0.0279899497487437,0.489021956087824,FALSE,FALSE
0.5,528,0.0512675696093642,0.305389221556886,0.037286432160804,0.307385229540918,FALSE,FALSE
0.5,529,0.0164548090707762,0.784431137724551,0.0117587939698492,0.764471057884232,FALSE,FALSE
0.5,530,0.166119877184955,0.00598802395209581,0.127286432160804,0.00399201596806387,TRUE,TRUE
0.5,531,-0.0555016653314852,0.30938123752495,-0.0452261306532663,0.285429141716567,FALSE,FALSE
0.5,532,-0.0406978909193749,0.497005988023952,-0.0311557788944724,0.461077844311377,FALSE,FALSE
0.5,533,-0.0173057924143502,0.778443113772455,-0.011356783919598,0.778443113772455,FALSE,FALSE
0.5,534,0.00956427022630294,0.872255489021956,0.0042713567839196,0.864271457085828,FALSE,FALSE
0.5,535,-0.089109265258562,0.111776447105788,-0.045427135678392,0.117764471057884,FALSE,FALSE
0.5,536,-0.121547011336252,0.0219560878243513,-0.0779899497487437,0.0419161676646707,TRUE,TRUE
0.5,537,-0.0862245189436444,0.111776447105788,-0.0425628140703518,0.0998003992015968,FALSE,FALSE
0.5,538,0.139435041112519,0.0139720558882236,0.0899497487437186,0.00798403193612774,TRUE,TRUE
0.5,539,0.0207357414105149,0.716566866267465,0.0164824120603015,0.664670658682635,FALSE,FALSE
0.5,540,-0.0904279608856957,0.0838323353293413,-0.0696984924623116,0.0838323353293413,FALSE,FALSE
0.5,541,0.0638783067153894,0.231536926147705,0.048894472361809,0.199600798403194,FALSE,FALSE
0.5,542,-0.101822748795128,0.0598802395209581,-0.0528643216080402,0.103792415169661,FALSE,FALSE
0.5,543,0.0465147861054657,0.391217564870259,0.0282412060301508,0.391217564870259,FALSE,FALSE
0.5,544,0.040431112631681,0.459081836327345,0.027286432160804,0.471057884231537,FALSE,FALSE
0.5,545,-0.0520312670853401,0.339321357285429,-0.0344221105527638,0.373253493013972,FALSE,FALSE
0.5,546,-0.0664447352166361,0.243512974051896,-0.0415577889447236,0.251497005988024,FALSE,FALSE
0.5,547,-0.165449486921816,0.00798403193612774,-0.0755276381909548,0.00399201596806387,TRUE,TRUE
0.5,548,-0.128342431512255,0.0139720558882236,-0.0858291457286432,0.0239520958083832,TRUE,TRUE
0.5,549,0.0499664991818837,0.351297405189621,0.0375376884422111,0.365269461077844,FALSE,FALSE
0.5,550,0.031654453352964,0.554890219560878,0.0236180904522613,0.540918163672655,FALSE,FALSE
0.5,551,0.0957375845150686,0.0838323353293413,0.0687437185929648,0.0678642714570858,FALSE,FALSE
0.5,552,-0.0709004390184074,0.203592814371257,-0.0210552763819095,0.2375249500998,FALSE,FALSE
0.5,553,-0.145509423001327,0.00399201596806387,-0.0958291457286432,0.00798403193612774,TRUE,TRUE
0.5,554,-0.0450742156785119,0.413173652694611,-0.0320603015075377,0.397205588822355,FALSE,FALSE
0.5,555,-0.0934528061270929,0.0858283433133733,-0.0609547738693467,0.093812375249501,FALSE,FALSE
0.5,556,-0.0377495137050775,0.524950099800399,-0.0123618090452261,0.526946107784431,FALSE,FALSE
0.5,557,0.0170111117832808,0.774451097804391,0.00839195979899498,0.724550898203593,FALSE,FALSE
0.5,558,0.194028723143099,0.00199600798403194,0.138492462311558,0.00199600798403194,TRUE,TRUE
0.5,559,0.0154949289163912,0.776447105788423,0.00944723618090453,0.7624750499002,FALSE,FALSE
0.5,560,-0.0110336380789066,0.800399201596806,-0.00814070351758794,0.830339321357285,FALSE,FALSE
0.5,561,0.00286284372893772,0.968063872255489,0.00130653266331658,0.954091816367265,FALSE,FALSE
0.5,562,0.0640336174197624,0.217564870259481,0.0453768844221106,0.221556886227545,FALSE,FALSE
0.5,563,0.047620629669445,0.439121756487026,0.024321608040201,0.415169660678643,FALSE,FALSE
0.5,564,-0.0323329019040314,0.578842315369261,-0.0211557788944724,0.514970059880239,FALSE,FALSE
0.5,565,0.067342100297017,0.239520958083832,0.0351758793969849,0.223552894211577,FALSE,FALSE
0.5,566,0.0940372269775489,0.0778443113772455,0.0753266331658291,0.0518962075848303,FALSE,FALSE
0.5,567,0.0709497615215869,0.203592814371257,0.0551256281407035,0.19560878243513,FALSE,FALSE
0.5,568,0.0712753833970352,0.233532934131737,0.0437688442211055,0.157684630738523,FALSE,FALSE
0.5,569,-0.0823049821979184,0.135728542914172,-0.0504020100502513,0.147704590818363,FALSE,FALSE
0.5,570,-0.0251106859781561,0.634730538922156,-0.0158793969849246,0.67065868263473,FALSE,FALSE
0.5,571,0.126170569359554,0.0199600798403194,0.0770854271356784,0.029940119760479,TRUE,TRUE
0.5,572,0.0768768732094054,0.187624750499002,0.055678391959799,0.163672654690619,FALSE,FALSE
0.5,573,0.0989919911884762,0.0698602794411178,0.0680402010050251,0.0678642714570858,FALSE,FALSE
0.5,574,-0.0614862004892808,0.263473053892216,-0.0437688442211055,0.253493013972056,FALSE,FALSE
0.5,575,0.00424407844791883,0.944111776447106,0.00266331658291457,0.946107784431138,FALSE,FALSE
0.5,576,0.0464555222544357,0.385229540918164,0.0280904522613065,0.415169660678643,FALSE,FALSE
0.5,577,-0.139435627015086,0.0139720558882236,-0.105326633165829,0.00399201596806387,TRUE,TRUE
0.5,578,0.111826375264084,0.0479041916167665,0.0662311557788945,0.0479041916167665,TRUE,TRUE
0.5,579,-0.184742423500889,0.00399201596806387,-0.145427135678392,0.00598802395209581,TRUE,TRUE
0.5,580,-0.0189283406114184,0.678642714570858,-0.0142713567839196,0.694610778443114,FALSE,FALSE
0.5,581,0.195076159775799,0.00199600798403194,0.095929648241206,0.00199600798403194,TRUE,TRUE
0.5,582,0.00327515354166918,0.954091816367265,0.0021105527638191,0.956087824351297,FALSE,FALSE
0.5,583,0.0377413248020829,0.49500998003992,0.021608040201005,0.489021956087824,FALSE,FALSE
0.5,584,-0.0578992348512208,0.285429141716567,-0.0454773869346734,0.307385229540918,FALSE,FALSE
0.5,585,0.0546977674884785,0.331337325349301,0.0449246231155779,0.313373253493014,FALSE,FALSE
0.5,586,0.0675345946222853,0.229540918163673,0.0514070351758794,0.235528942115768,FALSE,FALSE
0.5,587,-0.0893005299477669,0.115768463073852,-0.0629145728643216,0.0858283433133733,FALSE,FALSE
0.5,588,0.150481057685455,0.00399201596806387,0.105175879396985,0.00998003992015968,TRUE,TRUE
0.5,589,0.0255898625178102,0.626746506986028,0.0195979899497487,0.636726546906188,FALSE,FALSE
0.5,590,0.0591169934429179,0.259481037924152,0.0438693467336683,0.281437125748503,FALSE,FALSE
0.5,591,0.126166318471532,0.0179640718562874,0.0575879396984925,0.0159680638722555,TRUE,TRUE
0.5,592,0.00566954525670483,0.916167664670659,0.00346733668341708,0.920159680638723,FALSE,FALSE
0.5,593,0.123910267692535,0.029940119760479,0.0867336683417086,0.0239520958083832,TRUE,TRUE
0.5,594,-0.0989425251038495,0.0698602794411178,-0.0544723618090452,0.101796407185629,FALSE,FALSE
0.5,595,-0.114865923841064,0.0499001996007984,-0.084070351758794,0.0399201596806387,TRUE,TRUE
0.5,596,-0.065242213728328,0.225548902195609,-0.0430653266331658,0.219560878243513,FALSE,FALSE
0.5,597,-0.0978199884120838,0.0838323353293413,-0.0773366834170854,0.063872255489022,FALSE,FALSE
0.5,598,-0.14288777184305,0.0119760479041916,-0.102562814070352,0.00798403193612774,TRUE,TRUE
0.5,599,-0.0650584973633286,0.199600798403194,-0.0538693467336683,0.217564870259481,FALSE,FALSE
0.5,600,-0.108593316179505,0.0239520958083832,-0.0694974874371859,0.0399201596806387,TRUE,TRUE
0.5,601,-0.0801660635925699,0.153692614770459,-0.0429145728643216,0.141716566866267,FALSE,FALSE
0.5,602,-0.0482917147927413,0.341317365269461,-0.0355276381909548,0.373253493013972,FALSE,FALSE
0.5,603,0.0571097463133229,0.31936127744511,0.0281909547738693,0.325349301397206,FALSE,FALSE
0.5,604,-0.179830936120553,0.00199600798403194,-0.0803015075376884,0.00199600798403194,TRUE,TRUE
0.5,605,0.126713278542627,0.0159680638722555,0.100301507537688,0.00998003992015968,TRUE,TRUE
0.5,606,0.0545210837731038,0.271457085828343,0.0473869346733668,0.325349301397206,FALSE,FALSE
0.5,607,0.0548619079274742,0.341317365269461,0.0221608040201005,0.341317365269461,FALSE,FALSE
0.5,608,-0.0817929362341079,0.103792415169661,-0.0591457286432161,0.13373253493014,FALSE,FALSE
0.5,609,0.146216694946372,0.00998003992015968,0.0992964824120603,0.00798403193612774,TRUE,TRUE
0.5,610,0.0371502930370532,0.477045908183633,0.0220603015075377,0.560878243512974,FALSE,FALSE
0.5,611,0.00370669002771709,0.956087824351297,0.00251256281407035,0.950099800399202,FALSE,FALSE
0.5,612,0.0103664240043963,0.856287425149701,0.00537688442211055,0.870259481037924,FALSE,FALSE
0.5,613,0.0391627206637646,0.493013972055888,0.02,0.483033932135729,FALSE,FALSE
0.5,614,0.0326449836199391,0.546906187624751,0.0242713567839196,0.586826347305389,FALSE,FALSE
0.5,615,-0.223815089852701,0.00199600798403194,-0.142160804020101,0.00199600798403194,TRUE,TRUE
0.5,616,-0.0906364091615569,0.0918163672654691,-0.0749748743718593,0.0858283433133733,FALSE,FALSE
0.5,617,0.0153850233181707,0.774451097804391,0.0114070351758794,0.75249500998004,FALSE,FALSE
0.5,618,0.274738070926152,0.00199600798403194,0.161105527638191,0.00199600798403194,TRUE,TRUE
0.5,619,-0.0166940134325916,0.7624750499002,-0.0113065326633166,0.758483033932136,FALSE,FALSE
0.5,620,0.0643064309369459,0.283433133732535,0.0389949748743719,0.261477045908184,FALSE,FALSE
0.5,621,-0.0011140179939254,0.998003992015968,-0.000854271356783929,0.99001996007984,FALSE,FALSE
0.5,622,-0.0453002561395143,0.449101796407186,-0.0312060301507538,0.421157684630739,FALSE,FALSE
0.5,623,0.0258929677008268,0.640718562874252,0.0165326633165829,0.648702594810379,FALSE,FALSE
0.5,624,0.0192932910798044,0.710578842315369,0.0151256281407035,0.726546906187625,FALSE,FALSE
0.5,625,-0.0604318233152896,0.273453093812375,-0.0438693467336683,0.283433133732535,FALSE,FALSE
0.5,626,0.0146791631810698,0.766467065868264,0.0115075376884422,0.794411177644711,FALSE,FALSE
0.5,627,-0.0333296095441412,0.536926147704591,-0.0237688442211055,0.518962075848303,FALSE,FALSE
0.5,628,0.0789425922324645,0.155688622754491,0.054572864321608,0.155688622754491,FALSE,FALSE
0.5,629,-0.188260006565839,0.00199600798403194,-0.122462311557789,0.00199600798403194,TRUE,TRUE
0.5,630,0.0383430517051236,0.469061876247505,0.0268844221105528,0.471057884231537,FALSE,FALSE
0.5,631,-0.0608396242939843,0.279441117764471,-0.041608040201005,0.259481037924152,FALSE,FALSE
0.5,632,-0.184087329735546,0.00199600798403194,-0.142562814070352,0.00399201596806387,TRUE,TRUE
0.5,633,-0.0886715949989067,0.105788423153693,-0.0585427135678392,0.0878243512974052,FALSE,FALSE
0.5,634,-6.89676002419746e-05,1,-5.02512562814048e-05,0.998003992015968,FALSE,FALSE
0.5,635,0.0317081133751522,0.512974051896208,0.0239698492462312,0.548902195608782,FALSE,FALSE
0.5,636,0.0382414762411979,0.451097804391218,0.0231658291457286,0.445109780439122,FALSE,FALSE
0.5,637,-0.180145842733071,0.00399201596806387,-0.0804522613065327,0.00199600798403194,TRUE,TRUE
0.5,638,-0.125794334437973,0.0219560878243513,-0.0903015075376884,0.0339321357285429,TRUE,TRUE
0.5,639,0.147041351647674,0.0119760479041916,0.107688442211055,0.00798403193612774,TRUE,TRUE
0.5,640,0.0798051824470609,0.141716566866267,0.0532663316582915,0.18562874251497,FALSE,FALSE
0.5,641,0.00406165740767615,0.936127744510978,0.00256281407035176,0.956087824351297,FALSE,FALSE
0.5,642,-0.0503724649382218,0.331337325349301,-0.0330653266331658,0.343313373253493,FALSE,FALSE
0.5,643,0.164763260174323,0.00598802395209581,0.0562814070351759,0.00399201596806387,TRUE,TRUE
0.5,644,-0.0326562494683595,0.534930139720559,-0.0234170854271357,0.554890219560878,FALSE,FALSE
0.5,645,-0.0848803477922671,0.101796407185629,-0.0651758793969849,0.139720558882236,FALSE,FALSE
0.5,646,0.21468594465892,0.00199600798403194,0.125879396984925,0.00199600798403194,TRUE,TRUE
0.5,647,0.0449280907205191,0.415169660678643,0.0331155778894472,0.399201596806387,FALSE,FALSE
0.5,648,-0.140316995858126,0.00998003992015968,-0.0626633165829146,0.00798403193612774,TRUE,TRUE
0.5,649,-0.0208310291456191,0.722554890219561,-0.0127638190954774,0.666666666666667,FALSE,FALSE
0.5,650,0.045358532012168,0.399201596806387,0.0271859296482412,0.451097804391218,FALSE,FALSE
0.5,651,0.0222326921002386,0.708582834331337,0.0158291457286432,0.688622754491018,FALSE,FALSE
0.5,652,-0.0455134101695237,0.397205588822355,-0.0257286432160804,0.393213572854291,FALSE,FALSE
0.5,653,-0.0553958796638851,0.311377245508982,-0.0375376884422111,0.329341317365269,FALSE,FALSE
0.5,654,0.0666540414945335,0.223552894211577,0.0268844221105528,0.245508982035928,FALSE,FALSE
0.5,655,-0.0745271187834242,0.171656686626747,-0.0466331658291457,0.203592814371257,FALSE,FALSE
0.5,656,-0.0430275517949599,0.459081836327345,-0.0269346733668342,0.429141716566866,FALSE,FALSE
0.5,657,-0.0743878434617743,0.19560878243513,-0.0404020100502513,0.165668662674651,FALSE,FALSE
0.5,658,0.0659301325811775,0.227544910179641,0.0339195979899497,0.255489021956088,FALSE,FALSE
0.5,659,0.12647263441707,0.0259481037924152,0.0465326633165829,0.0219560878243513,TRUE,TRUE
0.5,660,-0.0231656050277728,0.664670658682635,-0.0160804020100502,0.708582834331337,FALSE,FALSE
0.5,661,0.131403255853129,0.00998003992015968,0.0796482412060301,0.0179640718562874,TRUE,TRUE
0.5,662,0.114112940407633,0.0379241516966068,0.0767336683417085,0.031936127744511,TRUE,TRUE
0.5,663,-0.115083208620772,0.031936127744511,-0.0822110552763819,0.0359281437125748,TRUE,TRUE
0.5,664,0.093941774322575,0.101796407185629,0.0605025125628141,0.0858283433133733,FALSE,FALSE
0.5,665,0.137644934282865,0.0139720558882236,0.0822110552763819,0.0159680638722555,TRUE,TRUE
0.5,666,-0.0256691714400107,0.608782435129741,-0.0198994974874372,0.626746506986028,FALSE,FALSE
0.5,667,-0.0728047118148692,0.163672654690619,-0.0609045226130653,0.17564870259481,FALSE,FALSE
0.5,668,0.128279966850009,0.0359281437125748,0.0438190954773869,0.0179640718562874,TRUE,TRUE
0.5,669,-0.0134034033533398,0.820359281437126,-0.0105527638190955,0.786427145708583,FALSE,FALSE
0.5,670,0.0548107473122944,0.31936127744511,0.0349748743718593,0.307385229540918,FALSE,FALSE
0.5,671,0.00185620744826884,0.984031936127745,0.0014070351758794,0.972055888223553,FALSE,FALSE
0.5,672,0.00223791319684716,0.974051896207585,0.00170854271356784,0.962075848303393,FALSE,FALSE
0.5,673,0.0551848039439988,0.325349301397206,0.0379396984924623,0.317365269461078,FALSE,FALSE
0.5,674,0.126928336082738,0.029940119760479,0.0846231155778894,0.0179640718562874,TRUE,TRUE
0.5,675,-0.0554137022188119,0.347305389221557,-0.0356281407035176,0.343313373253493,FALSE,FALSE
0.5,676,0.159194150532142,0.00598802395209581,0.0726633165829146,0.0119760479041916,TRUE,TRUE
0.5,677,-0.0821210113748079,0.0978043912175649,-0.0397989949748744,0.137724550898204,FALSE,FALSE
0.5,678,0.0655295680641047,0.225548902195609,0.0414070351758794,0.235528942115768,FALSE,FALSE
0.5,679,0.103331005618943,0.0658682634730539,0.0617085427135678,0.0538922155688623,FALSE,FALSE
0.5,680,-0.106777024390656,0.0798403193612774,-0.055427135678392,0.0499001996007984,FALSE,TRUE
0.5,681,-0.00743664936108903,0.918163672654691,-0.00522613065326633,0.918163672654691,FALSE,FALSE
0.5,682,-0.0187798491505203,0.722554890219561,-0.0135175879396985,0.734530938123752,FALSE,FALSE
0.5,683,-0.027833421304177,0.590818363273453,-0.0187437185929648,0.640718562874252,FALSE,FALSE
0.5,684,-0.112635206740252,0.0399201596806387,-0.0846733668341709,0.0419161676646707,TRUE,TRUE
0.5,685,0.0995545973542602,0.0758483033932136,0.0702010050251256,0.0578842315369262,FALSE,FALSE
0.5,686,-0.0194576632367179,0.718562874251497,-0.0121608040201005,0.730538922155689,FALSE,FALSE
0.5,687,0.0288876647977134,0.634730538922156,0.0181909547738693,0.600798403193613,FALSE,FALSE
0.5,688,0.0266338981501174,0.606786427145709,0.0193969849246231,0.620758483033932,FALSE,FALSE
0.5,689,0.0114249680446986,0.822355289421158,0.00884422110552764,0.830339321357285,FALSE,FALSE
0.5,690,0.0578927150938789,0.273453093812375,0.0365326633165829,0.295409181636727,FALSE,FALSE
0.5,691,-0.0727442313788984,0.189620758483034,-0.0471356783919598,0.249500998003992,FALSE,FALSE
0.5,692,-0.0629685440610768,0.217564870259481,-0.0429145728643216,0.2375249500998,FALSE,FALSE
0.5,693,0.00983041358796252,0.852295409181637,0.00603015075376884,0.868263473053892,FALSE,FALSE
0.5,694,-0.12800603375729,0.0119760479041916,-0.0965829145728643,0.00798403193612774,TRUE,TRUE
0.5,695,0.0152192344994351,0.792415169660679,0.00919597989949749,0.816367265469062,FALSE,FALSE
0.5,696,-0.0197508626194377,0.722554890219561,-0.0134673366834171,0.714570858283433,FALSE,FALSE
0.5,697,0.0712341564512061,0.167664670658683,0.0619597989949749,0.167664670658683,FALSE,FALSE
0.5,698,-0.104501703888632,0.0518962075848303,-0.0684924623115578,0.0459081836327345,FALSE,TRUE
0.5,699,0.0367193204462874,0.550898203592814,0.0109045226130653,0.489021956087824,FALSE,FALSE
0.5,700,-0.0595095782702944,0.255489021956088,-0.044572864321608,0.273453093812375,FALSE,FALSE
0.5,701,-0.190927183897284,0.00199600798403194,-0.0566834170854271,0.00199600798403194,TRUE,TRUE
0.5,702,0.0946182076669488,0.0678642714570858,0.0793969849246231,0.0718562874251497,FALSE,FALSE
0.5,703,0.083650350806185,0.13373253493014,0.0347236180904523,0.129740518962076,FALSE,FALSE
0.5,704,0.0232206147033333,0.678642714570858,0.0166331658291457,0.634730538922156,FALSE,FALSE
0.5,705,0.0663769195299711,0.217564870259481,0.0506030150753769,0.233532934131737,FALSE,FALSE
0.5,706,0.140642370028161,0.0199600798403194,0.091356783919598,0.0139720558882236,TRUE,TRUE
0.5,707,-0.123714784019679,0.0159680638722555,-0.0818592964824121,0.0339321357285429,TRUE,TRUE
0.5,708,-0.102194320155056,0.0658682634730539,-0.0611557788944724,0.0558882235528942,FALSE,FALSE
0.5,709,0.11206173628784,0.0459081836327345,0.0765829145728643,0.0558882235528942,TRUE,FALSE
0.5,710,0.0576988595153014,0.295409181636727,0.0299497487437186,0.315369261477046,FALSE,FALSE
0.5,711,-0.0343671953298386,0.55688622754491,-0.0214070351758794,0.506986027944112,FALSE,FALSE
0.5,712,0.0318691994638878,0.546906187624751,0.019748743718593,0.568862275449102,FALSE,FALSE
0.5,713,-0.216812993189403,0.00199600798403194,-0.09,0.00199600798403194,TRUE,TRUE
0.5,714,-0.0473811919673245,0.395209580838323,-0.030251256281407,0.383233532934132,FALSE,FALSE
0.5,715,0.167360359724698,0.00399201596806387,0.117889447236181,0.00798403193612774,TRUE,TRUE
0.5,716,0.102083270269038,0.063872255489022,0.0630150753768844,0.0658682634730539,FALSE,FALSE
0.5,717,-0.0146123933694772,0.792415169660679,-0.00894472361809045,0.808383233532934,FALSE,FALSE
0.5,718,-0.314654384745799,0.00199600798403194,-0.248291457286432,0.00199600798403194,TRUE,TRUE
0.5,719,-0.0932914117990676,0.093812375249501,-0.0626633165829146,0.0858283433133733,FALSE,FALSE
0.5,720,-0.0862728675979245,0.0818363273453094,-0.0710050251256281,0.103792415169661,FALSE,FALSE
0.5,721,0.0176642609897311,0.740518962075848,0.0124120603015075,0.746506986027944,FALSE,FALSE
0.5,722,0.10738779160177,0.0379241516966068,0.089748743718593,0.029940119760479,TRUE,TRUE
0.5,723,0.107637262092935,0.063872255489022,0.0749748743718593,0.0518962075848303,FALSE,FALSE
0.5,724,-0.0102323181884928,0.874251497005988,-0.00522613065326633,0.864271457085828,FALSE,FALSE
0.5,725,-0.157783954533512,0.00399201596806387,-0.109547738693467,0.00598802395209581,TRUE,TRUE
0.5,726,0.0514327820686825,0.329341317365269,0.0366834170854271,0.343313373253493,FALSE,FALSE
0.5,727,-0.197001149494835,0.00199600798403194,-0.121608040201005,0.00399201596806387,TRUE,TRUE
0.5,728,-0.107643431374146,0.0439121756487026,-0.085427135678392,0.0518962075848303,TRUE,FALSE
0.5,729,0.125399512454718,0.0399201596806387,0.0838693467336683,0.0259481037924152,TRUE,TRUE
0.5,730,-0.0920141315370456,0.0598802395209581,-0.0850753768844221,0.0878243512974052,FALSE,FALSE
0.5,731,0.140735726667132,0.0139720558882236,0.0785427135678392,0.0119760479041916,TRUE,TRUE
0.5,732,0.118991887077045,0.0199600798403194,0.0794472361809045,0.0259481037924152,TRUE,TRUE
0.5,733,-0.0610160617880877,0.293413173652695,-0.0289447236180905,0.293413173652695,FALSE,FALSE
0.5,734,-0.125463993196161,0.0219560878243513,-0.0855276381909548,0.0239520958083832,TRUE,TRUE
0.5,735,-0.222275689418027,0.00199600798403194,-0.167688442211055,0.00199600798403194,TRUE,TRUE
0.5,736,0.00632858155636125,0.896207584830339,0.00412060301507538,0.910179640718563,FALSE,FALSE
0.5,737,0.0520196428484409,0.333333333333333,0.0364321608040201,0.379241516966068,FALSE,FALSE
0.5,738,0.171338312002194,0.00399201596806387,0.0903517587939699,0.00798403193612774,TRUE,TRUE
0.5,739,-0.0710351580736805,0.205588822355289,-0.0463819095477387,0.19560878243513,FALSE,FALSE
0.5,740,0.00532000029047202,0.918163672654691,0.00351758793969849,0.926147704590818,FALSE,FALSE
0.5,741,-0.143299947204251,0.00798403193612774,-0.0819597989949749,0.0119760479041916,TRUE,TRUE
0.5,742,0.0704645092172566,0.187624750499002,0.0509045226130653,0.19560878243513,FALSE,FALSE
0.5,743,-0.0799972529619728,0.141716566866267,-0.0505025125628141,0.17564870259481,FALSE,FALSE
0.5,744,0.0692171630816622,0.201596806387226,0.0453768844221106,0.193612774451098,FALSE,FALSE
0.5,745,-0.0172343236675755,0.734530938123752,-0.0126130653266332,0.718562874251497,FALSE,FALSE
0.5,746,0.0938806692936905,0.0798403193612774,0.0773366834170854,0.0738522954091816,FALSE,FALSE
0.5,747,-0.0500174182672053,0.409181636726547,-0.0170854271356784,0.375249500998004,FALSE,FALSE
0.5,748,-0.122573336763733,0.0259481037924152,-0.0811557788944724,0.0159680638722555,TRUE,TRUE
0.5,749,0.0293224006299917,0.610778443113772,0.0136683417085427,0.596806387225549,FALSE,FALSE
0.5,750,-0.0148082233889816,0.794411177644711,-0.011356783919598,0.812375249500998,FALSE,FALSE
0.5,751,-0.223967940880557,0.00199600798403194,-0.131256281407035,0.00199600798403194,TRUE,TRUE
0.5,752,0.0485088967305174,0.377245508982036,0.029748743718593,0.389221556886228,FALSE,FALSE
0.5,753,-0.0616902234255485,0.25748502994012,-0.0521608040201005,0.259481037924152,FALSE,FALSE
0.5,754,-0.0752040742570178,0.189620758483034,-0.040251256281407,0.157684630738523,FALSE,FALSE
0.5,755,-0.0388257888302338,0.489021956087824,-0.0246231155778894,0.499001996007984,FALSE,FALSE
0.5,756,-0.0252293190939358,0.604790419161677,-0.0192964824120603,0.608782435129741,FALSE,FALSE
0.5,757,0.0919758055964643,0.0858283433133733,0.0615577889447236,0.101796407185629,FALSE,FALSE
0.5,758,0.0532876092763331,0.37125748502994,0.0376381909547739,0.30938123752495,FALSE,FALSE
0.5,759,-0.031400456505428,0.580838323353293,-0.0192462311557789,0.578842315369261,FALSE,FALSE
0.5,760,-0.167461621892358,0.00598802395209581,-0.0989949748743719,0.00199600798403194,TRUE,TRUE
0.5,761,0.0187831768450779,0.772455089820359,0.0123115577889447,0.728542914171657,FALSE,FALSE
0.5,762,-0.175871733031305,0.00399201596806387,-0.103869346733668,0.00199600798403194,TRUE,TRUE
0.5,763,0.0327588689556591,0.564870259481038,0.0155778894472362,0.550898203592814,FALSE,FALSE
0.5,764,0.0997555423739503,0.0698602794411178,0.0648241206030151,0.0738522954091816,FALSE,FALSE
0.5,765,-0.0913330281605635,0.093812375249501,-0.0651256281407035,0.107784431137725,FALSE,FALSE
0.5,766,0.0633655203616724,0.233532934131737,0.0544723618090452,0.207584830339321,FALSE,FALSE
0.5,767,0.0555844235975605,0.317365269461078,0.0469849246231156,0.259481037924152,FALSE,FALSE
0.5,768,-0.0537950963629607,0.373253493013972,-0.0234673366834171,0.387225548902196,FALSE,FALSE
0.5,769,-0.129790930330147,0.0139720558882236,-0.102462311557789,0.0159680638722555,TRUE,TRUE
0.5,770,-0.0120260717511408,0.834331337325349,-0.00653266331658291,0.848303393213573,FALSE,FALSE
0.5,771,0.0580762549637739,0.275449101796407,0.0411557788944724,0.259481037924152,FALSE,FALSE
0.5,772,-0.0577533122706484,0.297405189620758,-0.0473366834170854,0.271457085828343,FALSE,FALSE
0.5,773,-0.0321869613886468,0.602794411177645,-0.0215577889447236,0.57684630738523,FALSE,FALSE
0.5,774,-0.143173364019392,0.0119760479041916,-0.0900502512562814,0.0159680638722555,TRUE,TRUE
0.5,775,0.0394537944244489,0.461077844311377,0.0269849246231156,0.431137724550898,FALSE,FALSE
0.5,776,0.168761755200287,0.00598802395209581,0.0928643216080402,0.00598802395209581,TRUE,TRUE
0.5,777,0.156495606978417,0.00598802395209581,0.0873869346733668,0.00399201596806387,TRUE,TRUE
0.5,778,0.0193550794154434,0.756487025948104,0.0123618090452261,0.69061876247505,FALSE,FALSE
0.5,779,-0.00322412512624989,0.946107784431138,-0.0014070351758794,0.954091816367265,FALSE,FALSE
0.5,780,0.0920850806538392,0.0838323353293413,0.0644221105527638,0.093812375249501,FALSE,FALSE
0.5,781,0.0356079661461062,0.48502994011976,0.0215577889447236,0.48502994011976,FALSE,FALSE
0.5,782,-0.0222634322291197,0.658682634730539,-0.0153768844221106,0.696606786427146,FALSE,FALSE
0.5,783,-0.0595844247312275,0.277445109780439,-0.0407537688442211,0.255489021956088,FALSE,FALSE
0.5,784,-0.0953164251411015,0.06187624750499,-0.0782914572864322,0.093812375249501,FALSE,FALSE
0.5,785,0.0358655606119967,0.524950099800399,0.0224623115577889,0.516966067864271,FALSE,FALSE
0.5,786,-0.0372808183147903,0.479041916167665,-0.0279396984924623,0.487025948103792,FALSE,FALSE
0.5,787,0.0470270978878903,0.407185628742515,0.0269346733668342,0.395209580838323,FALSE,FALSE
0.5,788,0.00884181988493304,0.856287425149701,0.00537688442211055,0.884231536926148,FALSE,FALSE
0.5,789,0.00607329322748088,0.916167664670659,0.00351758793969849,0.892215568862275,FALSE,FALSE
0.5,790,0.273000702628501,0.00199600798403194,0.195778894472362,0.00199600798403194,TRUE,TRUE
0.5,791,-0.108947848102535,0.029940119760479,-0.0668844221105528,0.0558882235528942,TRUE,FALSE
0.5,792,0.14627958220667,0.00598802395209581,0.104120603015075,0.00998003992015968,TRUE,TRUE
0.5,793,-0.00266364127512178,0.970059880239521,-0.00110552763819096,0.962075848303393,FALSE,FALSE
0.5,794,-0.116142356365271,0.0279441117764471,-0.0881407035175879,0.029940119760479,TRUE,TRUE
0.5,795,0.0950569760207476,0.0818363273453094,0.0743718592964824,0.0578842315369262,FALSE,FALSE
0.5,796,0.139758779165977,0.00399201596806387,0.103718592964824,0.00399201596806387,TRUE,TRUE
0.5,797,-0.0980571671769217,0.093812375249501,-0.0561306532663317,0.06187624750499,FALSE,FALSE
0.5,798,0.0943441732138336,0.0818363273453094,0.0705025125628141,0.107784431137725,FALSE,FALSE
0.5,799,-0.0785186093435729,0.153692614770459,-0.0575376884422111,0.153692614770459,FALSE,FALSE
0.5,800,-0.108196511505452,0.0479041916167665,-0.0695979899497487,0.0578842315369262,TRUE,FALSE
0.5,801,0.0895188809971144,0.103792415169661,0.0716582914572864,0.109780439121756,FALSE,FALSE
0.5,802,-0.0124906798301698,0.828343313373254,-0.00894472361809045,0.800399201596806,FALSE,FALSE
0.5,803,-0.0839596335721359,0.13373253493014,-0.0497989949748744,0.131736526946108,FALSE,FALSE
0.5,804,-0.0452742751134931,0.413173652694611,-0.0268844221105528,0.419161676646707,FALSE,FALSE
0.5,805,-0.0624822736711354,0.251497005988024,-0.0474874371859296,0.241516966067864,FALSE,FALSE
0.5,806,-0.00684218806351719,0.888223552894212,-0.00276381909547739,0.918163672654691,FALSE,FALSE
0.5,807,-0.12434929808128,0.0139720558882236,-0.0738190954773869,0.029940119760479,TRUE,TRUE
0.5,808,-0.118249319827497,0.0259481037924152,-0.0824120603015075,0.0399201596806387,TRUE,TRUE
0.5,809,-0.24670154947888,0.00199600798403194,-0.145427135678392,0.00199600798403194,TRUE,TRUE
0.5,810,-0.0810016172124887,0.13373253493014,-0.0485929648241206,0.143712574850299,FALSE,FALSE
0.5,811,0.119052798370685,0.0239520958083832,0.0998492462311558,0.0259481037924152,TRUE,TRUE
0.5,812,-0.0107171629095394,0.838323353293413,-0.00733668341708543,0.836327345309381,FALSE,FALSE
0.5,813,-0.00373768341301149,0.950099800399202,-0.00236180904522613,0.944111776447106,FALSE,FALSE
0.5,814,0.0846730413928462,0.115768463073852,0.0475879396984925,0.11377245508982,FALSE,FALSE
0.5,815,0.0206984949456611,0.718562874251497,0.0117085427135678,0.730538922155689,FALSE,FALSE
0.5,816,0.131431913648884,0.0199600798403194,0.0921608040201005,0.0199600798403194,TRUE,TRUE
0.5,817,-0.0870618448585353,0.129740518962076,-0.0632160804020101,0.117764471057884,FALSE,FALSE
0.5,818,-0.0536812934099853,0.30938123752495,-0.0336180904522613,0.301397205588822,FALSE,FALSE
0.5,819,0.155993940995407,0.00798403193612774,0.0847236180904523,0.00399201596806387,TRUE,TRUE
0.5,820,0.207865499851602,0.00199600798403194,0.156683417085427,0.00199600798403194,TRUE,TRUE
0.5,821,0.185421464826205,0.00199600798403194,0.118140703517588,0.00199600798403194,TRUE,TRUE
0.5,822,-0.0626339665208478,0.251497005988024,-0.0476381909547739,0.239520958083832,FALSE,FALSE
0.5,823,0.192381853136366,0.00199600798403194,0.154321608040201,0.00199600798403194,TRUE,TRUE
0.5,824,0.00213144158800422,0.964071856287425,0.00175879396984925,0.978043912175649,FALSE,FALSE
0.5,825,0.150984360520098,0.00598802395209581,0.105276381909548,0.00598802395209581,TRUE,TRUE
0.5,826,-0.104722784135766,0.0499001996007984,-0.0691457286432161,0.0558882235528942,TRUE,FALSE
0.5,827,0.0458671387830479,0.429141716566866,0.0289447236180905,0.427145708582834,FALSE,FALSE
0.5,828,-0.16872870155353,0.00199600798403194,-0.0966834170854271,0.00199600798403194,TRUE,TRUE
0.5,829,-0.0906748858221233,0.109780439121756,-0.0599497487437186,0.107784431137725,FALSE,FALSE
0.5,830,-0.0492825353966897,0.347305389221557,-0.0361306532663317,0.357285429141717,FALSE,FALSE
0.5,831,0.0767141732404025,0.137724550898204,0.0548241206030151,0.151696606786427,FALSE,FALSE
0.5,832,0.0184267994751325,0.772455089820359,0.0122613065326633,0.738522954091816,FALSE,FALSE
0.5,833,-0.0288817745424857,0.616766467065868,-0.0195477386934673,0.600798403193613,FALSE,FALSE
0.5,834,-0.0522503742813607,0.333333333333333,-0.035929648241206,0.317365269461078,FALSE,FALSE
0.5,835,-0.0062748672542644,0.900199600798403,-0.00467336683417085,0.920159680638723,FALSE,FALSE
0.5,836,0.0913069558338169,0.121756487025948,0.0487939698492462,0.093812375249501,FALSE,FALSE
0.5,837,-0.0422407027163401,0.479041916167665,-0.0247738693467337,0.457085828343313,FALSE,FALSE
0.5,838,0.0686111938417371,0.207584830339321,0.0453768844221105,0.203592814371257,FALSE,FALSE
0.5,839,-0.075083354555465,0.171656686626747,-0.0419095477386935,0.177644710578842,FALSE,FALSE
0.5,840,0.124929350282576,0.0239520958083832,0.0943718592964824,0.0239520958083832,TRUE,TRUE
0.5,841,0.0648802979525643,0.249500998003992,0.0341708542713568,0.233532934131737,FALSE,FALSE
0.5,842,0.12787953928267,0.0139720558882236,0.0926130653266332,0.0139720558882236,TRUE,TRUE
0.5,843,-0.0778811170343375,0.167664670658683,-0.0514572864321608,0.129740518962076,FALSE,FALSE
0.5,844,0.048407211687288,0.357285429141717,0.0308040201005025,0.3812375249501,FALSE,FALSE
0.5,845,0.006202572845456,0.906187624750499,0.00391959798994975,0.918163672654691,FALSE,FALSE
0.5,846,-0.0508465120121419,0.355289421157685,-0.0298492462311558,0.351297405189621,FALSE,FALSE
0.5,847,0.00698078164154588,0.880239520958084,0.00482412060301508,0.86626746506986,FALSE,FALSE
0.5,848,0.0113260917989905,0.822355289421158,0.00788944723618091,0.868263473053892,FALSE,FALSE
0.5,849,0.00469065963734432,0.932135728542914,0.00296482412060302,0.92814371257485,FALSE,FALSE
0.5,850,-0.223013020494951,0.00199600798403194,-0.13678391959799,0.00199600798403194,TRUE,TRUE
0.5,851,0.259237500744672,0.00199600798403194,0.183819095477387,0.00199600798403194,TRUE,TRUE
0.5,852,0.165198164023661,0.00399201596806387,0.124623115577889,0.00199600798403194,TRUE,TRUE
0.5,853,-0.00126973415331463,0.980039920159681,-0.000753768844221103,0.972055888223553,FALSE,FALSE
0.5,854,0.086130199801247,0.135728542914172,0.0375879396984925,0.139720558882236,FALSE,FALSE
0.5,855,-0.035385435983992,0.548902195608782,-0.0205025125628141,0.554890219560878,FALSE,FALSE
0.5,856,0.0630017387894553,0.235528942115768,0.0369849246231156,0.233532934131737,FALSE,FALSE
0.5,857,-0.0815417233457605,0.155688622754491,-0.040251256281407,0.147704590818363,FALSE,FALSE
0.5,858,-0.0116547975229563,0.842315369261477,-0.00884422110552764,0.826347305389222,FALSE,FALSE
0.5,859,0.0503367176631608,0.401197604790419,0.0132160804020101,0.419161676646707,FALSE,FALSE
0.5,860,0.0470065634606341,0.367265469061876,0.0284924623115578,0.387225548902196,FALSE,FALSE
0.5,861,0.0136167097498447,0.802395209580838,0.00949748743718593,0.80439121756487,FALSE,FALSE
0.5,862,0.0698552552758614,0.197604790419162,0.0511557788944724,0.18562874251497,FALSE,FALSE
0.5,863,-0.0215006690275757,0.686626746506986,-0.0126130653266332,0.718562874251497,FALSE,FALSE
0.5,864,-0.0547117785185101,0.329341317365269,-0.0361809045226131,0.31936127744511,FALSE,FALSE
0.5,865,0.0424828001168003,0.415169660678643,0.0325628140703518,0.407185628742515,FALSE,FALSE
0.5,866,0.0288358595376073,0.542914171656687,0.0187437185929648,0.6187624750499,FALSE,FALSE
0.5,867,-0.0643400439376841,0.279441117764471,-0.05321608040201,0.203592814371257,FALSE,FALSE
0.5,868,-0.175802845897705,0.00399201596806387,-0.0912562814070352,0.00399201596806387,TRUE,TRUE
0.5,869,-0.14110771009508,0.00598802395209581,-0.102814070351759,0.00399201596806387,TRUE,TRUE
0.5,870,-0.0127796774127065,0.860279441117764,-0.00663316582914573,0.842315369261477,FALSE,FALSE
0.5,871,-0.049133621959964,0.397205588822355,-0.0301507537688442,0.385229540918164,FALSE,FALSE
0.5,872,0.045815328984741,0.3812375249501,0.0274371859296482,0.405189620758483,FALSE,FALSE
0.5,873,0.0379824022180037,0.500998003992016,0.0217587939698492,0.50499001996008,FALSE,FALSE
0.5,874,-0.107661395765597,0.0558882235528942,-0.0712562814070352,0.0578842315369262,FALSE,FALSE
0.5,875,-0.0320547482639375,0.516966067864271,-0.0210552763819096,0.560878243512974,FALSE,FALSE
0.5,876,-0.166142213325901,0.00798403193612774,-0.100854271356784,0.00399201596806387,TRUE,TRUE
0.5,877,0.0205168691973813,0.698602794411178,0.0155276381909548,0.684630738522954,FALSE,FALSE
0.5,878,-0.0361388065315593,0.532934131736527,-0.0189949748743719,0.514970059880239,FALSE,FALSE
0.5,879,0.0831180160721535,0.153692614770459,0.0492964824120603,0.131736526946108,FALSE,FALSE
0.5,880,0.102721405001147,0.0818363273453094,0.0734170854271357,0.0459081836327345,FALSE,TRUE
0.5,881,0.000930098113627246,0.980039920159681,0.00065326633165829,0.99001996007984,FALSE,FALSE
0.5,882,-0.129608712836899,0.0199600798403194,-0.102261306532663,0.0119760479041916,TRUE,TRUE
0.5,883,0.00383097706950913,0.950099800399202,0.0021608040201005,0.936127744510978,FALSE,FALSE
0.5,884,0.00680589371944247,0.900199600798403,0.00487437185929648,0.914171656686627,FALSE,FALSE
0.5,885,-0.0691894983927023,0.2375249500998,-0.0437185929648241,0.219560878243513,FALSE,FALSE
0.5,886,0.233391429092008,0.00199600798403194,0.154422110552764,0.00199600798403194,TRUE,TRUE
0.5,887,-0.0324916272091694,0.55688622754491,-0.0242713567839196,0.590818363273453,FALSE,FALSE
0.5,888,-0.0666532544052178,0.223552894211577,-0.0566331658291457,0.235528942115768,FALSE,FALSE
0.5,889,0.099339923987128,0.06187624750499,0.0582914572864322,0.0718562874251497,FALSE,FALSE
0.5,890,0.0170031207060349,0.74251497005988,0.0119597989949749,0.736526946107784,FALSE,FALSE
0.5,891,-0.0340250976817542,0.546906187624751,-0.0189949748743719,0.526946107784431,FALSE,FALSE
0.5,892,0.0706292029304866,0.171656686626747,0.051105527638191,0.155688622754491,FALSE,FALSE
0.5,893,-0.0357561403832779,0.526946107784431,-0.0271356783919598,0.502994011976048,FALSE,FALSE
0.5,894,0.130396180423933,0.0159680638722555,0.0876884422110553,0.0219560878243513,TRUE,TRUE
0.5,895,0.0282379370696441,0.672654690618762,0.0165326633165829,0.578842315369261,FALSE,FALSE
0.5,896,0.040396465264296,0.461077844311377,0.0306030150753769,0.447105788423154,FALSE,FALSE
0.5,897,-0.0985064303983664,0.063872255489022,-0.075678391959799,0.0578842315369262,FALSE,FALSE
0.5,898,-0.0767390160905553,0.135728542914172,-0.0493969849246231,0.159680638722555,FALSE,FALSE
0.5,899,0.0814362115420999,0.157684630738523,0.0499497487437186,0.135728542914172,FALSE,FALSE
0.5,900,0.0635055126648228,0.241516966067864,0.0339698492462312,0.241516966067864,FALSE,FALSE
0.5,901,-0.0301079619282865,0.612774451097804,-0.0156281407035176,0.584830339321357,FALSE,FALSE
0.5,902,0.0828668682901528,0.149700598802395,0.0271356783919598,0.167664670658683,FALSE,FALSE
0.5,903,-0.0398794982103868,0.469061876247505,-0.0236180904522613,0.479041916167665,FALSE,FALSE
0.5,904,-0.0290801135258789,0.596806387225549,-0.0209045226130653,0.580838323353293,FALSE,FALSE
0.5,905,-0.0679537250768878,0.193612774451098,-0.0403517587939698,0.213572854291417,FALSE,FALSE
0.5,906,0.0141325890597474,0.784431137724551,0.0103517587939698,0.794411177644711,FALSE,FALSE
0.5,907,-0.0524426929452533,0.333333333333333,-0.0360301507537688,0.365269461077844,FALSE,FALSE
0.5,908,-0.00272917263259777,0.960079840319361,-0.00190954773869347,0.950099800399202,FALSE,FALSE
0.5,909,0.081797340858231,0.145708582834331,0.0561306532663317,0.141716566866267,FALSE,FALSE
0.5,910,-0.0881038069081789,0.109780439121756,-0.0393467336683417,0.125748502994012,FALSE,FALSE
0.5,911,0.11081086984483,0.0459081836327345,0.0696984924623116,0.06187624750499,TRUE,FALSE
0.5,912,0.00172010752678152,0.980039920159681,0.00105527638190955,0.974051896207585,FALSE,FALSE
0.5,913,0.0512606097399159,0.343313373253493,0.0357286432160804,0.359281437125749,FALSE,FALSE
0.5,914,0.00548206814904823,0.906187624750499,0.00396984924623116,0.934131736526946,FALSE,FALSE
0.5,915,0.0573833624305131,0.301397205588822,0.044070351758794,0.305389221556886,FALSE,FALSE
0.5,916,0.0879368531405366,0.105788423153693,0.0449246231155779,0.103792415169661,FALSE,FALSE
0.5,917,-0.0268387905631964,0.650698602794411,-0.0166331658291457,0.614770459081836,FALSE,FALSE
0.5,918,-0.144299341628499,0.0159680638722555,-0.0938190954773869,0.0179640718562874,TRUE,TRUE
0.5,919,-0.0813600786795623,0.125748502994012,-0.0568341708542714,0.109780439121756,FALSE,FALSE
0.5,920,0.0137327525106701,0.796407185628742,0.0100502512562814,0.758483033932136,FALSE,FALSE
0.5,921,-0.0646907956156351,0.213572854291417,-0.052964824120603,0.205588822355289,FALSE,FALSE
0.5,922,-0.0663061716898,0.261477045908184,-0.0476381909547739,0.235528942115768,FALSE,FALSE
0.5,923,0.0976261872855854,0.0978043912175649,0.0611557788944724,0.093812375249501,FALSE,FALSE
0.5,924,-0.0690487897432484,0.217564870259481,-0.0466834170854271,0.199600798403194,FALSE,FALSE
0.5,925,-0.0439925677259351,0.419161676646707,-0.031356783919598,0.409181636726547,FALSE,FALSE
0.5,926,-0.109226388816927,0.0558882235528942,-0.0624623115577889,0.0698602794411178,FALSE,FALSE
0.5,927,-0.0320970399005156,0.582834331337325,-0.018391959798995,0.554890219560878,FALSE,FALSE
0.5,928,0.0318023630721734,0.586826347305389,0.015678391959799,0.568862275449102,FALSE,FALSE
0.5,929,0.0815513303282867,0.143712574850299,0.0548743718592965,0.149700598802395,FALSE,FALSE
0.5,930,-0.0837984909580472,0.139720558882236,-0.0591457286432161,0.143712574850299,FALSE,FALSE
0.5,931,-0.105452850900654,0.0658682634730539,-0.0658291457286432,0.063872255489022,FALSE,FALSE
0.5,932,-0.0688371101874049,0.191616766467066,-0.0348743718592965,0.217564870259481,FALSE,FALSE
0.5,933,-0.0774105863632758,0.147704590818363,-0.0573869346733668,0.139720558882236,FALSE,FALSE
0.5,934,0.0507023898080746,0.341317365269461,0.0421105527638191,0.311377245508982,FALSE,FALSE
0.5,935,-0.120537051350226,0.0399201596806387,-0.0550251256281407,0.0199600798403194,TRUE,TRUE
0.5,936,0.0245365679547116,0.656686626746507,0.014572864321608,0.67065868263473,FALSE,FALSE
0.5,937,0.0361832923488816,0.516966067864271,0.0175376884422111,0.520958083832335,FALSE,FALSE
0.5,938,-0.156244118010905,0.00998003992015968,-0.088391959798995,0.00399201596806387,TRUE,TRUE
0.5,939,-0.154778536613263,0.0119760479041916,-0.101658291457286,0.00399201596806387,TRUE,TRUE
0.5,940,-0.079065250149622,0.173652694610778,-0.0458291457286432,0.147704590818363,FALSE,FALSE
0.5,941,-0.0429947362292284,0.43313373253493,-0.0322613065326633,0.437125748502994,FALSE,FALSE
0.5,942,-0.151938751390152,0.00199600798403194,-0.125025125628141,0.00199600798403194,TRUE,TRUE
0.5,943,-0.0240020302255514,0.650698602794411,-0.0147236180904523,0.676646706586826,FALSE,FALSE
0.5,944,-0.0374212201122658,0.520958083832335,-0.0254773869346734,0.455089820359281,FALSE,FALSE
0.5,945,-0.116368070138835,0.0399201596806387,-0.0649748743718593,0.0439121756487026,TRUE,TRUE
0.5,946,-0.00764314869899134,0.902195608782435,-0.00432160804020101,0.892215568862275,FALSE,FALSE
0.5,947,0.0177183012321606,0.774451097804391,0.00959798994974874,0.776447105788423,FALSE,FALSE
0.5,948,0.0513430349495097,0.363273453093812,0.0341206030150754,0.3812375249501,FALSE,FALSE
0.5,949,-0.208613643727142,0.00199600798403194,-0.131407035175879,0.00199600798403194,TRUE,TRUE
0.5,950,-0.0703202474620163,0.177644710578842,-0.0589949748743719,0.203592814371257,FALSE,FALSE
0.5,951,0.0685284739139205,0.199600798403194,0.05,0.203592814371257,FALSE,FALSE
0.5,952,-0.101155076594583,0.0678642714570858,-0.048643216080402,0.0858283433133733,FALSE,FALSE
0.5,953,-0.0248235197422153,0.644710578842315,-0.0195979899497487,0.626746506986028,FALSE,FALSE
0.5,954,0.152464716788327,0.00199600798403194,0.110603015075377,0.00199600798403194,TRUE,TRUE
0.5,955,0.0657635943187491,0.227544910179641,0.0481407035175879,0.225548902195609,FALSE,FALSE
0.5,956,-0.120346260212325,0.0379241516966068,-0.0624623115577889,0.0259481037924152,TRUE,TRUE
0.5,957,0.0218581154744989,0.702594810379242,0.0137688442211055,0.696606786427146,FALSE,FALSE
0.5,958,-0.0972671793595737,0.06187624750499,-0.0776884422110553,0.0678642714570858,FALSE,FALSE
0.5,959,-0.112333194614953,0.0339321357285429,-0.0845226130653266,0.0558882235528942,TRUE,FALSE
0.5,960,0.170822801558691,0.00199600798403194,0.142110552763819,0.00399201596806387,TRUE,TRUE
0.5,961,0.191633148084213,0.00199600798403194,0.0795477386934673,0.00399201596806387,TRUE,TRUE
0.5,962,0.165009913349858,0.00199600798403194,0.108391959798995,0.00598802395209581,TRUE,TRUE
0.5,963,-0.0265677748784222,0.632734530938124,-0.0181407035175879,0.614770459081836,FALSE,FALSE
0.5,964,0.0238195512432618,0.686626746506986,0.0139698492462312,0.686626746506986,FALSE,FALSE
0.5,965,0.0224657086795211,0.662674650698603,0.0148241206030151,0.666666666666667,FALSE,FALSE
0.5,966,0.167493456731298,0.00199600798403194,0.104874371859296,0.00199600798403194,TRUE,TRUE
0.5,967,0.0526615246442549,0.363273453093812,0.0285929648241206,0.333333333333333,FALSE,FALSE
0.5,968,0.211313392545802,0.00199600798403194,0.176030150753769,0.00199600798403194,TRUE,TRUE
0.5,969,0.0374550581670174,0.514970059880239,0.0194472361809045,0.526946107784431,FALSE,FALSE
0.5,970,0.126061760464458,0.00798403193612774,0.0932663316582915,0.031936127744511,TRUE,TRUE
0.5,971,0.148535354575845,0.00598802395209581,0.0921105527638191,0.0119760479041916,TRUE,TRUE
0.5,972,-0.123347346423058,0.0199600798403194,-0.0949246231155779,0.0279441117764471,TRUE,TRUE
0.5,973,-0.0668848082414229,0.2375249500998,-0.0457788944723618,0.201596806387226,FALSE,FALSE
0.5,974,-0.0621547809447877,0.279441117764471,-0.0427638190954774,0.263473053892216,FALSE,FALSE
0.5,975,0.0903408220295944,0.0958083832335329,0.0475376884422111,0.135728542914172,FALSE,FALSE
0.5,976,-0.134231289464274,0.0119760479041916,-0.0542211055276382,0.0199600798403194,TRUE,TRUE
0.5,977,-0.0694310535246604,0.209580838323353,-0.0474874371859296,0.201596806387226,FALSE,FALSE
0.5,978,-0.12567772841822,0.0159680638722555,-0.0830653266331658,0.0199600798403194,TRUE,TRUE
0.5,979,0.0444403701925307,0.395209580838323,0.0223115577889447,0.463073852295409,FALSE,FALSE
0.5,980,-0.105448454814856,0.06187624750499,-0.0780904522613065,0.0518962075848303,FALSE,FALSE
0.5,981,0.0740435280000651,0.233532934131737,0.0476884422110553,0.177644710578842,FALSE,FALSE
0.5,982,0.143880556420624,0.0119760479041916,0.0891457286432161,0.0179640718562874,TRUE,TRUE
0.5,983,-0.0499079035086656,0.337325349301397,-0.0414070351758794,0.347305389221557,FALSE,FALSE
0.5,984,0.020091780901399,0.716566866267465,0.0137688442211055,0.738522954091816,FALSE,FALSE
0.5,985,0.0862898174203408,0.145708582834331,0.0558793969849246,0.141716566866267,FALSE,FALSE
0.5,986,0.040202620095627,0.397205588822355,0.0333668341708543,0.441117764471058,FALSE,FALSE
0.5,987,0.0660073622521058,0.229540918163673,0.0464321608040201,0.223552894211577,FALSE,FALSE
0.5,988,0.0659996079068668,0.197604790419162,0.0391959798994975,0.241516966067864,FALSE,FALSE
0.5,989,0.045201164214866,0.389221556886228,0.0367336683417085,0.401197604790419,FALSE,FALSE
0.5,990,0.104525479993461,0.0419161676646707,0.0785929648241206,0.0538922155688623,TRUE,FALSE
0.5,991,-0.00271248183095339,0.958083832335329,-0.00180904522613065,0.968063872255489,FALSE,FALSE
0.5,992,-0.0889802886978713,0.0778443113772455,-0.0694472361809045,0.11377245508982,FALSE,FALSE
0.5,993,0.0270318159777472,0.570858283433134,0.0161306532663317,0.68063872255489,FALSE,FALSE
0.5,994,-0.0640808841200051,0.271457085828343,-0.0310552763819095,0.259481037924152,FALSE,FALSE
0.5,995,0.0495937875278583,0.341317365269461,0.0363316582914573,0.333333333333333,FALSE,FALSE
0.5,996,0.149803658516987,0.0159680638722555,0.0988442211055276,0.00798403193612774,TRUE,TRUE
0.5,997,0.0050016813977494,0.926147704590818,0.00251256281407035,0.934131736526946,FALSE,FALSE
0.5,998,-0.0119967856908263,0.822355289421158,-0.0085929648241206,0.836327345309381,FALSE,FALSE
0.5,999,0.132350808340894,0.00798403193612774,0.0941708542713568,0.0159680638722555,TRUE,TRUE
0.5,1000,0.0180058942766188,0.738522954091816,0.0124623115577889,0.734530938123752,FALSE,FALSE
0.75,1,-0.0184564899301967,0.760479041916168,-0.00894472361809045,0.778443113772455,FALSE,FALSE
0.75,2,-0.0189012036178696,0.716566866267465,-0.0107035175879397,0.748502994011976,FALSE,FALSE
0.75,3,-0.0416969984732223,0.451097804391218,-0.0297989949748744,0.447105788423154,FALSE,FALSE
0.75,4,-0.144092597805936,0.0119760479041916,-0.107035175879397,0.00798403193612774,TRUE,TRUE
0.75,5,0.0756574523718087,0.153692614770459,0.0600502512562814,0.129740518962076,FALSE,FALSE
0.75,6,0.054454170135337,0.31936127744511,0.0253768844221106,0.305389221556886,FALSE,FALSE
0.75,7,-0.040279816730461,0.447105788423154,-0.027035175879397,0.429141716566866,FALSE,FALSE
0.75,8,-0.0498598172124169,0.383233532934132,-0.0183417085427136,0.393213572854291,FALSE,FALSE
0.75,9,-0.078296055468185,0.165668662674651,-0.0575376884422111,0.159680638722555,FALSE,FALSE
0.75,10,0.000860709398542518,0.982035928143713,0.000703517587939695,0.984031936127745,FALSE,FALSE
0.75,11,-0.213943731591868,0.00199600798403194,-0.0933668341708543,0.00199600798403194,TRUE,TRUE
0.75,12,-0.00975067680085754,0.854291417165669,-0.00562814070351759,0.852295409181637,FALSE,FALSE
0.75,13,0.0459729074061984,0.37125748502994,0.0323115577889447,0.413173652694611,FALSE,FALSE
0.75,14,-0.0108707841559106,0.858283433133733,-0.00763819095477387,0.862275449101796,FALSE,FALSE
0.75,15,0.164169396924381,0.00199600798403194,0.122311557788945,0.00998003992015968,TRUE,TRUE
0.75,16,-0.0460134753136371,0.415169660678643,-0.031608040201005,0.401197604790419,FALSE,FALSE
0.75,17,0.0696724075672925,0.225548902195609,0.0426633165829146,0.217564870259481,FALSE,FALSE
0.75,18,0.0767263297024582,0.155688622754491,0.0484924623115578,0.165668662674651,FALSE,FALSE
0.75,19,-0.0408676509979017,0.491017964071856,-0.019748743718593,0.447105788423154,FALSE,FALSE
0.75,20,0.0858801684953218,0.127744510978044,0.065678391959799,0.0878243512974052,FALSE,FALSE
0.75,21,0.124930765830914,0.0239520958083832,0.0831155778894472,0.0159680638722555,TRUE,TRUE
0.75,22,0.0369593425628237,0.510978043912176,0.0200502512562814,0.516966067864271,FALSE,FALSE
0.75,23,0.0352275717577422,0.55688622754491,0.0146231155778894,0.508982035928144,FALSE,FALSE
0.75,24,0.0626457184406052,0.229540918163673,0.0474371859296482,0.263473053892216,FALSE,FALSE
0.75,25,-0.0182597850847749,0.724550898203593,-0.0113065326633166,0.740518962075848,FALSE,FALSE
0.75,26,0.028355326645912,0.598802395209581,0.0194974874371859,0.606786427145709,FALSE,FALSE
0.75,27,0.0572769115933527,0.295409181636727,0.0368341708542714,0.285429141716567,FALSE,FALSE
0.75,28,-0.0617075337600398,0.227544910179641,-0.0411557788944724,0.243512974051896,FALSE,FALSE
0.75,29,0.0465190372585744,0.44311377245509,0.0245226130653266,0.393213572854291,FALSE,FALSE
0.75,30,0.0310900276330169,0.56686626746507,0.0192462311557789,0.630738522954092,FALSE,FALSE
0.75,31,0.100128241366717,0.0758483033932136,0.0535678391959799,0.105788423153693,FALSE,FALSE
0.75,32,0.0301853930813102,0.562874251497006,0.0197989949748744,0.596806387225549,FALSE,FALSE
0.75,33,-0.0805491281688613,0.165668662674651,-0.0594974874371859,0.115768463073852,FALSE,FALSE
0.75,34,-0.0673665490260536,0.209580838323353,-0.0390452261306533,0.245508982035928,FALSE,FALSE
0.75,35,-0.00759381655073904,0.904191616766467,-0.00522613065326633,0.868263473053892,FALSE,FALSE
0.75,36,-0.0611609059987811,0.243512974051896,-0.0393969849246231,0.239520958083832,FALSE,FALSE
0.75,37,-0.109032705025299,0.0499001996007984,-0.0608542713567839,0.0399201596806387,TRUE,TRUE
0.75,38,-0.0069819151640451,0.86626746506986,-0.00457286432160804,0.926147704590818,FALSE,FALSE
0.75,39,-0.11668210278853,0.0279441117764471,-0.0907035175879397,0.029940119760479,TRUE,TRUE
0.75,40,0.124943837575376,0.031936127744511,0.0648743718592965,0.0259481037924152,TRUE,TRUE
0.75,41,-0.051584785894746,0.377245508982036,-0.0329145728643216,0.383233532934132,FALSE,FALSE
0.75,42,-0.0469502261265518,0.387225548902196,-0.0358291457286432,0.357285429141717,FALSE,FALSE
0.75,43,-0.181948592274524,0.00399201596806387,-0.0755276381909548,0.00199600798403194,TRUE,TRUE
0.75,44,-0.130582638118259,0.0199600798403194,-0.0884422110552764,0.0159680638722555,TRUE,TRUE
0.75,45,-0.151289631143521,0.00399201596806387,-0.0821608040201005,0.0179640718562874,TRUE,TRUE
0.75,46,-0.00718501684802745,0.898203592814371,-0.00502512562814071,0.936127744510978,FALSE,FALSE
0.75,47,-0.0727007995444173,0.18562874251497,-0.0383417085427136,0.189620758483034,FALSE,FALSE
0.75,48,0.051852312629301,0.335329341317365,0.0300502512562814,0.329341317365269,FALSE,FALSE
0.75,49,0.111684076333427,0.0518962075848303,0.0683417085427136,0.0379241516966068,FALSE,TRUE
0.75,50,0.100044788100135,0.0678642714570858,0.0591959798994975,0.0718562874251497,FALSE,FALSE
0.75,51,0.089922214526861,0.105788423153693,0.0521105527638191,0.115768463073852,FALSE,FALSE
0.75,52,0.0417124663013066,0.481037924151697,0.0216582914572864,0.457085828343313,FALSE,FALSE
0.75,53,-0.193231798332567,0.00199600798403194,-0.111105527638191,0.00399201596806387,TRUE,TRUE
0.75,54,0.161091286914434,0.00399201596806387,0.0945226130653266,0.00598802395209581,TRUE,TRUE
0.75,55,-0.0321692662268799,0.550898203592814,-0.0244221105527638,0.518962075848303,FALSE,FALSE
0.75,56,0.0715166816011543,0.165668662674651,0.0505025125628141,0.18562874251497,FALSE,FALSE
0.75,57,0.028232722381361,0.558882235528942,0.0227638190954774,0.606786427145709,FALSE,FALSE
0.75,58,-0.097401715824503,0.0678642714570858,-0.0730150753768844,0.0838323353293413,FALSE,FALSE
0.75,59,-0.0060982943039608,0.898203592814371,-0.00412060301507538,0.934131736526946,FALSE,FALSE
0.75,60,-0.169738573018534,0.00399201596806387,-0.124422110552764,0.00199600798403194,TRUE,TRUE
0.75,61,0.0473451462424134,0.359281437125749,0.0344221105527638,0.395209580838323,FALSE,FALSE
0.75,62,0.0547667267132991,0.323353293413174,0.0423618090452261,0.24750499001996,FALSE,FALSE
0.75,63,0.160110090645553,0.00998003992015968,0.0971859296482412,0.00399201596806387,TRUE,TRUE
0.75,64,0.0372905676331547,0.506986027944112,0.0226130653266332,0.489021956087824,FALSE,FALSE
0.75,65,0.0070924679140453,0.904191616766467,0.00592964824120603,0.890219560878243,FALSE,FALSE
0.75,66,-0.125751631644361,0.0259481037924152,-0.0631658291457286,0.0279441117764471,TRUE,TRUE
0.75,67,-0.00925374516467017,0.870259481037924,-0.00422110552763819,0.870259481037924,FALSE,FALSE
0.75,68,-0.00247523773044388,0.976047904191617,-0.00180904522613065,0.964071856287425,FALSE,FALSE
0.75,69,0.0694959824856492,0.211576846307385,0.0407537688442211,0.183632734530938,FALSE,FALSE
0.75,70,-0.0386380291751864,0.491017964071856,-0.0220100502512563,0.487025948103792,FALSE,FALSE
0.75,71,0.0754814405998625,0.165668662674651,0.0546733668341709,0.149700598802395,FALSE,FALSE
0.75,72,-0.00855059184969802,0.888223552894212,-0.00477386934673367,0.880239520958084,FALSE,FALSE
0.75,73,0.172592097404817,0.00598802395209581,0.0895979899497487,0.00598802395209581,TRUE,TRUE
0.75,74,0.104261351722331,0.0538922155688623,0.0630150753768844,0.0738522954091816,FALSE,FALSE
0.75,75,-0.0623345436960524,0.261477045908184,-0.0432663316582915,0.261477045908184,FALSE,FALSE
0.75,76,0.0128668185944968,0.812375249500998,0.00974874371859296,0.794411177644711,FALSE,FALSE
0.75,77,0.329254479890865,0.00199600798403194,0.262613065326633,0.00199600798403194,TRUE,TRUE
0.75,78,0.0203523286126888,0.726546906187625,0.012713567839196,0.696606786427146,FALSE,FALSE
0.75,79,0.0939432838049667,0.0918163672654691,0.0639195979899498,0.0898203592814371,FALSE,FALSE
0.75,80,-0.0960777357873131,0.0958083832335329,-0.0523618090452261,0.0978043912175649,FALSE,FALSE
0.75,81,0.119771822313752,0.0399201596806387,0.0836683417085427,0.0259481037924152,TRUE,TRUE
0.75,82,0.113434426934873,0.0499001996007984,0.061608040201005,0.0379241516966068,TRUE,TRUE
0.75,83,0.0441694428700885,0.451097804391218,0.0276884422110553,0.459081836327345,FALSE,FALSE
0.75,84,0.00736264600232031,0.904191616766467,0.0035678391959799,0.898203592814371,FALSE,FALSE
0.75,85,0.0507537026917555,0.379241516966068,0.0314572864321608,0.391217564870259,FALSE,FALSE
0.75,86,-0.0793564696379566,0.143712574850299,-0.0638190954773869,0.135728542914172,FALSE,FALSE
0.75,87,-0.100891173082044,0.0558882235528942,-0.0407537688442211,0.0678642714570858,FALSE,FALSE
0.75,88,0.189940686841023,0.00199600798403194,0.135376884422111,0.00199600798403194,TRUE,TRUE
0.75,89,-0.11494703319479,0.0419161676646707,-0.0838693467336683,0.0359281437125748,TRUE,TRUE
0.75,90,0.079266796945465,0.173652694610778,0.0361809045226131,0.17564870259481,FALSE,FALSE
0.75,91,0.0698365457174961,0.193612774451098,0.049748743718593,0.205588822355289,FALSE,FALSE
0.75,92,-0.13323017507627,0.0219560878243513,-0.101457286432161,0.0119760479041916,TRUE,TRUE
0.75,93,-0.00862911180658942,0.896207584830339,-0.00597989949748744,0.850299401197605,FALSE,FALSE
0.75,94,0.161921493518081,0.00798403193612774,0.118241206030151,0.00798403193612774,TRUE,TRUE
0.75,95,-0.187177958631344,0.00199600798403194,-0.117185929648241,0.00399201596806387,TRUE,TRUE
0.75,96,0.0829306069213238,0.149700598802395,0.062964824120603,0.157684630738523,FALSE,FALSE
0.75,97,0.0463068686976241,0.379241516966068,0.031105527638191,0.397205588822355,FALSE,FALSE
0.75,98,-0.0137890483736426,0.790419161676647,-0.00668341708542714,0.816367265469062,FALSE,FALSE
0.75,99,-0.056459410608549,0.301397205588822,-0.0398492462311558,0.305389221556886,FALSE,FALSE
0.75,100,0.0138871429644198,0.808383233532934,0.00984924623115578,0.82435129740519,FALSE,FALSE
0.75,101,0.048258563857346,0.375249500998004,0.0351256281407035,0.351297405189621,FALSE,FALSE
0.75,102,-0.0481927756801691,0.399201596806387,-0.038643216080402,0.367265469061876,FALSE,FALSE
0.75,103,-0.147196637010249,0.0119760479041916,-0.07678391959799,0.00798403193612774,TRUE,TRUE
0.75,104,0.148455821023913,0.0139720558882236,0.0993969849246231,0.00798403193612774,TRUE,TRUE
0.75,105,-0.0483393342027567,0.377245508982036,-0.0340201005025126,0.363273453093812,FALSE,FALSE
0.75,106,-0.0121386496573325,0.854291417165669,-0.00889447236180905,0.81437125748503,FALSE,FALSE
0.75,107,0.0397395520630052,0.487025948103792,0.0258291457286432,0.463073852295409,FALSE,FALSE
0.75,108,-0.0283388276348014,0.610778443113772,-0.0205527638190955,0.578842315369261,FALSE,FALSE
0.75,109,-0.151002478790289,0.0119760479041916,-0.103819095477387,0.00598802395209581,TRUE,TRUE
0.75,110,-0.0816010908553282,0.141716566866267,-0.0568844221105528,0.127744510978044,FALSE,FALSE
0.75,111,0.0939445615790599,0.0858283433133733,0.0541708542713568,0.111776447105788,FALSE,FALSE
0.75,112,0.0551639185564629,0.295409181636727,0.0423115577889447,0.307385229540918,FALSE,FALSE
0.75,113,-0.125539159150503,0.0199600798403194,-0.101708542713568,0.0179640718562874,TRUE,TRUE
0.75,114,0.0459181132464482,0.373253493013972,0.0323115577889447,0.389221556886228,FALSE,FALSE
0.75,115,-0.020947632890411,0.720558882235529,-0.0148241206030151,0.698602794411178,FALSE,FALSE
0.75,116,0.146925774108738,0.0119760479041916,0.103819095477387,0.00399201596806387,TRUE,TRUE
0.75,117,-0.0942393023449225,0.0678642714570858,-0.0617085427135678,0.0978043912175649,FALSE,FALSE
0.75,118,-0.00173522761910866,0.972055888223553,-0.00115577889447236,0.978043912175649,FALSE,FALSE
0.75,119,0.049382974177886,0.355289421157685,0.0319095477386935,0.37125748502994,FALSE,FALSE
0.75,120,0.000311228696518421,0.996007984031936,0.000150753768844221,0.996007984031936,FALSE,FALSE
0.75,121,-0.131453150210552,0.0179640718562874,-0.0868341708542714,0.0139720558882236,TRUE,TRUE
0.75,122,0.221080228560034,0.00199600798403194,0.131005025125628,0.00199600798403194,TRUE,TRUE
0.75,123,0.0308501662022742,0.560878243512974,0.0238693467336683,0.580838323353293,FALSE,FALSE
0.75,124,-0.0633617554968358,0.249500998003992,-0.0433165829145729,0.209580838323353,FALSE,FALSE
0.75,125,-0.0424899626034201,0.419161676646707,-0.0334170854271357,0.419161676646707,FALSE,FALSE
0.75,126,-0.00652378697645028,0.934131736526946,-0.0042713567839196,0.912175648702595,FALSE,FALSE
0.75,127,0.0474962428328831,0.345309381237525,0.0355778894472362,0.367265469061876,FALSE,FALSE
0.75,128,-0.0728986120764948,0.159680638722555,-0.0481407035175879,0.187624750499002,FALSE,FALSE
0.75,129,-0.0390267954905172,0.497005988023952,-0.0220100502512563,0.506986027944112,FALSE,FALSE
0.75,130,-0.0314434591100353,0.582834331337325,-0.0157788944723618,0.550898203592814,FALSE,FALSE
0.75,131,-0.0901727296160834,0.117764471057884,-0.0267336683417085,0.115768463073852,FALSE,FALSE
0.75,132,-0.175950869295811,0.00399201596806387,-0.105577889447236,0.00598802395209581,TRUE,TRUE
0.75,133,-0.0712686332136122,0.209580838323353,-0.0462814070351759,0.209580838323353,FALSE,FALSE
0.75,134,0.0109634693594033,0.858283433133733,0.00577889447236181,0.854291417165669,FALSE,FALSE
0.75,135,0.013012637492484,0.800399201596806,0.0106030150753769,0.82435129740519,FALSE,FALSE
0.75,136,-0.129722442952335,0.00798403193612774,-0.105678391959799,0.00998003992015968,TRUE,TRUE
0.75,137,0.140246691373909,0.0119760479041916,0.0877386934673367,0.0139720558882236,TRUE,TRUE
0.75,138,-0.027552494794989,0.616766467065868,-0.0145226130653266,0.63872255489022,FALSE,FALSE
0.75,139,0.138664104028408,0.00998003992015968,0.0920100502512563,0.00998003992015968,TRUE,TRUE
0.75,140,-0.029629828811692,0.63872255489022,-0.0223115577889447,0.602794411177645,FALSE,FALSE
0.75,141,0.0251405445925888,0.6187624750499,0.0179396984924623,0.664670658682635,FALSE,FALSE
0.75,142,0.0279999812693061,0.616766467065868,0.0203015075376884,0.568862275449102,FALSE,FALSE
0.75,143,0.102627037458714,0.06187624750499,0.0722613065326633,0.0598802395209581,FALSE,FALSE
0.75,144,-0.0522189843146572,0.357285429141717,-0.0316582914572864,0.303393213572854,FALSE,FALSE
0.75,145,-0.106157837128253,0.0558882235528942,-0.0677889447236181,0.0499001996007984,FALSE,TRUE
0.75,146,0.0435649762738332,0.391217564870259,0.034070351758794,0.437125748502994,FALSE,FALSE
0.75,147,-0.0341756261224565,0.534930139720559,-0.0252763819095477,0.489021956087824,FALSE,FALSE
0.75,148,0.19450769612964,0.00199600798403194,0.120552763819095,0.00199600798403194,TRUE,TRUE
0.75,149,-0.0115656308321094,0.860279441117764,-0.0078391959798995,0.800399201596806,FALSE,FALSE
0.75,150,-0.126071052517367,0.029940119760479,-0.09,0.0139720558882236,TRUE,TRUE
0.75,151,0.156191063740622,0.00399201596806387,0.119145728643216,0.00199600798403194,TRUE,TRUE
0.75,152,0.115072209819614,0.0339321357285429,0.059748743718593,0.0518962075848303,TRUE,FALSE
0.75,153,-0.195394954347131,0.00199600798403194,-0.162562814070352,0.00199600798403194,TRUE,TRUE
0.75,154,0.00744129774556923,0.904191616766467,0.00542713567839196,0.878243512974052,FALSE,FALSE
0.75,155,0.0555096781112396,0.315369261477046,0.0407035175879397,0.325349301397206,FALSE,FALSE
0.75,156,0.0166817789701208,0.790419161676647,0.00889447236180905,0.780439121756487,FALSE,FALSE
0.75,157,0.189163893120296,0.00199600798403194,0.136482412060302,0.00199600798403194,TRUE,TRUE
0.75,158,0.00429643582912803,0.926147704590818,0.00321608040201005,0.94810379241517,FALSE,FALSE
0.75,159,0.249476636685002,0.00199600798403194,0.172211055276382,0.00199600798403194,TRUE,TRUE
0.75,160,0.0647956113713458,0.261477045908184,0.0378894472361809,0.229540918163673,FALSE,FALSE
0.75,161,-0.0362654259108503,0.493013972055888,-0.030251256281407,0.50499001996008,FALSE,FALSE
0.75,162,0.0192159801025732,0.708582834331337,0.00894472361809045,0.706586826347305,FALSE,FALSE
0.75,163,0.0178216779305611,0.792415169660679,0.0122110552763819,0.738522954091816,FALSE,FALSE
0.75,164,-0.0472774540583767,0.3812375249501,-0.0341206030150754,0.379241516966068,FALSE,FALSE
0.75,165,0.166594794961969,0.00598802395209581,0.108190954773869,0.00199600798403194,TRUE,TRUE
0.75,166,0.0383140299070878,0.48502994011976,0.0232663316582915,0.489021956087824,FALSE,FALSE
0.75,167,-0.07323656101043,0.161676646706587,-0.0539195979899497,0.153692614770459,FALSE,FALSE
0.75,168,0.0583974554433835,0.289421157684631,0.0229145728643216,0.329341317365269,FALSE,FALSE
0.75,169,-0.0749646417050151,0.117764471057884,-0.0649246231155779,0.125748502994012,FALSE,FALSE
0.75,170,0.0909533963356438,0.115768463073852,0.0557788944723618,0.121756487025948,FALSE,FALSE
0.75,171,0.118051867797517,0.0499001996007984,0.08678391959799,0.0259481037924152,TRUE,TRUE
0.75,172,-0.0506801290930673,0.359281437125749,-0.0409547738693467,0.349301397205589,FALSE,FALSE
0.75,173,0.118623214933047,0.0459081836327345,0.0621105527638191,0.0578842315369262,TRUE,FALSE
0.75,174,-0.051189245225016,0.367265469061876,-0.0346733668341709,0.329341317365269,FALSE,FALSE
0.75,175,0.0452052289096138,0.403193612774451,0.0317085427135678,0.359281437125749,FALSE,FALSE
0.75,176,-0.055611065620638,0.301397205588822,-0.0366834170854271,0.333333333333333,FALSE,FALSE
0.75,177,-0.079301465919145,0.169660678642715,-0.0528643216080402,0.153692614770459,FALSE,FALSE
0.75,178,-0.080756768966013,0.125748502994012,-0.0599497487437186,0.121756487025948,FALSE,FALSE
0.75,179,-0.183037248380889,0.00598802395209581,-0.127788944723618,0.00399201596806387,TRUE,TRUE
0.75,180,0.139267983844423,0.0139720558882236,0.109045226130653,0.0119760479041916,TRUE,TRUE
0.75,181,0.186756142898655,0.00199600798403194,0.11321608040201,0.00199600798403194,TRUE,TRUE
0.75,182,0.113051645421627,0.0419161676646707,0.051608040201005,0.0379241516966068,TRUE,TRUE
0.75,183,-0.0530269133611751,0.317365269461078,-0.0387437185929648,0.30938123752495,FALSE,FALSE
0.75,184,-0.0623815908008839,0.261477045908184,-0.0509547738693467,0.245508982035928,FALSE,FALSE
0.75,185,-0.0575957588181068,0.289421157684631,-0.031356783919598,0.323353293413174,FALSE,FALSE
0.75,186,-0.0422480908495007,0.435129740518962,-0.0253266331658291,0.487025948103792,FALSE,FALSE
0.75,187,-0.000470700300551179,0.996007984031936,-0.000402010050251257,0.996007984031936,FALSE,FALSE
0.75,188,-0.0746031386918387,0.19560878243513,-0.0416582914572864,0.179640718562874,FALSE,FALSE
0.75,189,0.158254497375815,0.00598802395209581,0.0933165829145729,0.00598802395209581,TRUE,TRUE
0.75,190,-0.100253492518742,0.0738522954091816,-0.0627638190954774,0.063872255489022,FALSE,FALSE
0.75,191,0.142019505546095,0.00798403193612774,0.102412060301508,0.0139720558882236,TRUE,TRUE
0.75,192,-0.105061210965745,0.0658682634730539,-0.0509045226130653,0.0738522954091816,FALSE,FALSE
0.75,193,0.0502605916332777,0.391217564870259,0.0310552763819095,0.385229540918164,FALSE,FALSE
0.75,194,-0.0485326658180319,0.399201596806387,-0.0270854271356784,0.42315369261477,FALSE,FALSE
0.75,195,-0.0480406834828994,0.409181636726547,-0.028391959798995,0.363273453093812,FALSE,FALSE
0.75,196,0.0849229564879966,0.151696606786427,0.0507537688442211,0.151696606786427,FALSE,FALSE
0.75,197,-0.0919771885046087,0.0898203592814371,-0.058643216080402,0.101796407185629,FALSE,FALSE
0.75,198,0.292476128583733,0.00199600798403194,0.161105527638191,0.00199600798403194,TRUE,TRUE
0.75,199,0.191338377279057,0.00199600798403194,0.148592964824121,0.00199600798403194,TRUE,TRUE
0.75,200,-0.0555887405381672,0.329341317365269,-0.0269346733668342,0.317365269461078,FALSE,FALSE
0.75,201,0.146987774754232,0.00798403193612774,0.115879396984925,0.0119760479041916,TRUE,TRUE
0.75,202,-0.0269116907168784,0.606786427145709,-0.0164824120603015,0.646706586826347,FALSE,FALSE
0.75,203,0.0473147671306193,0.359281437125749,0.0321105527638191,0.3812375249501,FALSE,FALSE
0.75,204,0.0407961913483131,0.461077844311377,0.0169346733668342,0.493013972055888,FALSE,FALSE
0.75,205,-0.0480893536054275,0.337325349301397,-0.0351256281407035,0.397205588822355,FALSE,FALSE
0.75,206,-0.114199259864746,0.0279441117764471,-0.067035175879397,0.031936127744511,TRUE,TRUE
0.75,207,0.145347018770706,0.00998003992015968,0.0832663316582915,0.00798403193612774,TRUE,TRUE
0.75,208,-0.0917278412461079,0.0978043912175649,-0.0562311557788945,0.119760479041916,FALSE,FALSE
0.75,209,-0.0258501674930407,0.630738522954092,-0.0208040201005025,0.610778443113772,FALSE,FALSE
0.75,210,-0.112763799139297,0.0279441117764471,-0.0956281407035176,0.031936127744511,TRUE,TRUE
0.75,211,0.0659642883464861,0.239520958083832,0.0432663316582915,0.199600798403194,FALSE,FALSE
0.75,212,-0.0119888962009765,0.842315369261477,-0.00648241206030151,0.836327345309381,FALSE,FALSE
0.75,213,-0.0264868759187092,0.636726546906188,-0.0205527638190955,0.594810379241517,FALSE,FALSE
0.75,214,-0.186577592917725,0.00199600798403194,-0.156180904522613,0.00199600798403194,TRUE,TRUE
0.75,215,-0.00804028778176535,0.892215568862275,-0.00366834170854271,0.902195608782435,FALSE,FALSE
0.75,216,0.0250724991162617,0.646706586826347,0.0136180904522613,0.640718562874252,FALSE,FALSE
0.75,217,0.210026117908726,0.00199600798403194,0.128492462311558,0.00199600798403194,TRUE,TRUE
0.75,218,-0.0102852326971744,0.816367265469062,-0.00809045226130654,0.860279441117764,FALSE,FALSE
0.75,219,0.0117592995481895,0.816367265469062,0.00763819095477387,0.860279441117764,FALSE,FALSE
0.75,220,0.0215948857095765,0.688622754491018,0.0123618090452261,0.698602794411178,FALSE,FALSE
0.75,221,-0.017557784152676,0.748502994011976,-0.0138693467336683,0.722554890219561,FALSE,FALSE
0.75,222,-0.0343083500698596,0.550898203592814,-0.0177889447236181,0.540918163672655,FALSE,FALSE
0.75,223,-0.0594137412121781,0.349301397205589,-0.0295477386934673,0.279441117764471,FALSE,FALSE
0.75,224,0.113322100982054,0.0339321357285429,0.0848743718592965,0.0459081836327345,TRUE,TRUE
0.75,225,0.187601293164771,0.00399201596806387,0.155075376884422,0.00199600798403194,TRUE,TRUE
0.75,226,0.0313768036973872,0.582834331337325,0.0183417085427136,0.590818363273453,FALSE,FALSE
0.75,227,0.136689410575955,0.0199600798403194,0.098894472361809,0.0139720558882236,TRUE,TRUE
0.75,228,0.108336379225218,0.0518962075848303,0.0588442211055276,0.0479041916167665,FALSE,TRUE
0.75,229,0.150279395305878,0.00598802395209581,0.103517587939698,0.00598802395209581,TRUE,TRUE
0.75,230,-0.0468222426856886,0.415169660678643,-0.0274874371859296,0.421157684630739,FALSE,FALSE
0.75,231,-0.0500817958354019,0.37125748502994,-0.0376884422110553,0.357285429141717,FALSE,FALSE
0.75,232,-0.037170166919653,0.453093812375249,-0.0277889447236181,0.518962075848303,FALSE,FALSE
0.75,233,0.0352645478908984,0.520958083832335,0.0191457286432161,0.532934131736527,FALSE,FALSE
0.75,234,0.0910293483891657,0.119760479041916,0.0406532663316583,0.127744510978044,FALSE,FALSE
0.75,235,0.0396265182921432,0.500998003992016,0.0224120603015075,0.469061876247505,FALSE,FALSE
0.75,236,0.107566485494599,0.0439121756487026,0.074070351758794,0.0698602794411178,TRUE,FALSE
0.75,237,-0.112250107980064,0.0279441117764471,-0.0831658291457286,0.0379241516966068,TRUE,TRUE
0.75,238,-0.0804463562768733,0.193612774451098,-0.0482914572864322,0.139720558882236,FALSE,FALSE
0.75,239,-0.0429142222023633,0.429141716566866,-0.022964824120603,0.459081836327345,FALSE,FALSE
0.75,240,0.056967798477944,0.30938123752495,0.0384924623115578,0.267465069860279,FALSE,FALSE
0.75,241,0.0231557663202545,0.62874251497006,0.0185427135678392,0.672654690618762,FALSE,FALSE
0.75,242,-0.0144382818419683,0.794411177644711,-0.00919597989949749,0.780439121756487,FALSE,FALSE
0.75,243,-0.0272524014808301,0.612774451097804,-0.0193467336683417,0.604790419161677,FALSE,FALSE
0.75,244,-0.0303921801346436,0.586826347305389,-0.0210552763819095,0.588822355289421,FALSE,FALSE
0.75,245,0.116942011468379,0.0399201596806387,0.0701005025125628,0.0279441117764471,TRUE,TRUE
0.75,246,-0.0760257561793529,0.157684630738523,-0.0444723618090452,0.157684630738523,FALSE,FALSE
0.75,247,0.0176983861108436,0.732534930139721,0.0137688442211055,0.740518962075848,FALSE,FALSE
0.75,248,0.00153399298322534,0.978043912175649,0.000653266331658288,0.980039920159681,FALSE,FALSE
0.75,249,0.0116771504861877,0.842315369261477,0.0064321608040201,0.848303393213573,FALSE,FALSE
0.75,250,0.124954713998101,0.0199600798403194,0.0917587939698492,0.0159680638722555,TRUE,TRUE
0.75,251,-0.151424089903507,0.00998003992015968,-0.0956281407035176,0.0119760479041916,TRUE,TRUE
0.75,252,-0.162190087161141,0.00399201596806387,-0.11,0.00598802395209581,TRUE,TRUE
0.75,253,NA,0.00199600798403194,0,1,TRUE,FALSE
0.75,254,-0.107967126700083,0.0518962075848303,-0.0594472361809045,0.029940119760479,FALSE,TRUE
0.75,255,-0.0791879296541599,0.149700598802395,-0.058894472361809,0.173652694610778,FALSE,FALSE
0.75,256,0.0106254861415474,0.834331337325349,0.00718592964824121,0.856287425149701,FALSE,FALSE
0.75,257,0.0590863963142512,0.287425149700599,0.0457286432160804,0.279441117764471,FALSE,FALSE
0.75,258,-0.0353278532084694,0.491017964071856,-0.0285427135678392,0.467065868263473,FALSE,FALSE
0.75,259,0.0261080283680678,0.658682634730539,0.017286432160804,0.646706586826347,FALSE,FALSE
0.75,260,0.00126811711253578,0.982035928143713,0.000603015075376885,0.974051896207585,FALSE,FALSE
0.75,261,0.00382551975177971,0.946107784431138,0.00246231155778894,0.94810379241517,FALSE,FALSE
0.75,262,-0.152556984080638,0.00399201596806387,-0.100452261306533,0.00399201596806387,TRUE,TRUE
0.75,263,0.0192412224408087,0.712574850299401,0.0142713567839196,0.722554890219561,FALSE,FALSE
0.75,264,0.0175907701157278,0.738522954091816,0.0123115577889447,0.774451097804391,FALSE,FALSE
0.75,265,0.0231158106047073,0.658682634730539,0.0169849246231156,0.67065868263473,FALSE,FALSE
0.75,266,0.263662109227352,0.00199600798403194,0.188291457286432,0.00199600798403194,TRUE,TRUE
0.75,267,0.101658844057675,0.0578842315369262,0.0721608040201005,0.0678642714570858,FALSE,FALSE
0.75,268,-0.0836220097261842,0.143712574850299,-0.0636180904522613,0.147704590818363,FALSE,FALSE
0.75,269,-0.040859900596952,0.463073852295409,-0.0245226130653266,0.427145708582834,FALSE,FALSE
0.75,270,-0.0977971424851227,0.0798403193612774,-0.0782914572864322,0.0578842315369262,FALSE,FALSE
0.75,271,0.123373593650878,0.0379241516966068,0.0806030150753769,0.0339321357285429,TRUE,TRUE
0.75,272,0.0783574954192079,0.141716566866267,0.0661809045226131,0.143712574850299,FALSE,FALSE
0.75,273,0.0257175112765088,0.62874251497006,0.0224120603015075,0.656686626746507,FALSE,FALSE
0.75,274,0.0248483716725534,0.646706586826347,0.0149246231155779,0.646706586826347,FALSE,FALSE
0.75,275,-0.0886579478684305,0.0798403193612774,-0.0664321608040201,0.119760479041916,FALSE,FALSE
0.75,276,-0.0241847108835952,0.706586826347305,-0.0160804020100503,0.636726546906188,FALSE,FALSE
0.75,277,0.128981998749093,0.0179640718562874,0.10105527638191,0.0199600798403194,TRUE,TRUE
0.75,278,0.196133000095955,0.00199600798403194,0.140100502512563,0.00199600798403194,TRUE,TRUE
0.75,279,-0.0868972802398971,0.0998003992015968,-0.0720100502512563,0.093812375249501,FALSE,FALSE
0.75,280,-0.122116593954173,0.0139720558882236,-0.0877386934673367,0.0199600798403194,TRUE,TRUE
0.75,281,0.0650769857913407,0.243512974051896,0.0321105527638191,0.253493013972056,FALSE,FALSE
0.75,282,0.296673297609569,0.00199600798403194,0.168743718592965,0.00199600798403194,TRUE,TRUE
0.75,283,-6.52106852109516e-05,0.996007984031936,-5.02512562814051e-05,1,FALSE,FALSE
0.75,284,-0.00478678538653593,0.952095808383233,-0.00236180904522613,0.94810379241517,FALSE,FALSE
0.75,285,-0.154905449874312,0.00199600798403194,-0.0764321608040201,0.00598802395209581,TRUE,TRUE
0.75,286,-0.123319854124336,0.0179640718562874,-0.0875879396984925,0.0259481037924152,TRUE,TRUE
0.75,287,-0.243871232145985,0.00199600798403194,-0.194874371859296,0.00199600798403194,TRUE,TRUE
0.75,288,0.113712903755185,0.031936127744511,0.0710552763819095,0.0279441117764471,TRUE,TRUE
0.75,289,-0.0411634677318923,0.459081836327345,-0.022964824120603,0.481037924151697,FALSE,FALSE
0.75,290,0.0227067296782366,0.666666666666667,0.0184422110552764,0.69061876247505,FALSE,FALSE
0.75,291,-0.00394438009857317,0.954091816367265,-0.00266331658291457,0.936127744510978,FALSE,FALSE
0.75,292,0.118957543256047,0.0339321357285429,0.0786934673366834,0.0239520958083832,TRUE,TRUE
0.75,293,-0.0768186549908261,0.179640718562874,-0.0542713567839196,0.167664670658683,FALSE,FALSE
0.75,294,0.043182496908951,0.411177644710579,0.034321608040201,0.435129740518962,FALSE,FALSE
0.75,295,0.208349773349954,0.00199600798403194,0.148693467336683,0.00199600798403194,TRUE,TRUE
0.75,296,0.0899595547531807,0.101796407185629,0.0466834170854271,0.093812375249501,FALSE,FALSE
0.75,297,-0.0191836291706358,0.706586826347305,-0.0155778894472362,0.738522954091816,FALSE,FALSE
0.75,298,-0.0297000095864189,0.520958083832335,-0.0220603015075377,0.598802395209581,FALSE,FALSE
0.75,299,0.081978017472262,0.127744510978044,0.0726633165829146,0.107784431137725,FALSE,FALSE
0.75,300,0.183630936402519,0.00199600798403194,0.10105527638191,0.00399201596806387,TRUE,TRUE
0.75,301,-0.0236322768228133,0.664670658682635,-0.0124623115577889,0.688622754491018,FALSE,FALSE
0.75,302,0.0321210341009989,0.586826347305389,0.0214572864321608,0.554890219560878,FALSE,FALSE
0.75,303,-0.0933245181297173,0.0978043912175649,-0.0630653266331658,0.103792415169661,FALSE,FALSE
0.75,304,-0.0418505399177132,0.399201596806387,-0.0347738693467337,0.413173652694611,FALSE,FALSE
0.75,305,-0.0703809674775047,0.209580838323353,-0.0392964824120603,0.223552894211577,FALSE,FALSE
0.75,306,-0.0107915344453547,0.834331337325349,-0.00512562814070352,0.842315369261477,FALSE,FALSE
0.75,307,0.0448564769402515,0.399201596806387,0.0362814070351759,0.37125748502994,FALSE,FALSE
0.75,308,-0.352990049571994,0.00199600798403194,-0.27356783919598,0.00199600798403194,TRUE,TRUE
0.75,309,-0.00266010110422713,0.954091816367265,-0.00135678391959799,0.952095808383233,FALSE,FALSE
0.75,310,-0.0694006114823066,0.201596806387226,-0.0484422110552764,0.209580838323353,FALSE,FALSE
0.75,311,0.188858837545011,0.00199600798403194,0.0798492462311558,0.00199600798403194,TRUE,TRUE
0.75,312,0.180393888639029,0.00399201596806387,0.0921608040201005,0.00199600798403194,TRUE,TRUE
0.75,313,0.190238487400481,0.00598802395209581,0.140201005025126,0.00399201596806387,TRUE,TRUE
0.75,314,0.0658633921177868,0.215568862275449,0.0515577889447236,0.215568862275449,FALSE,FALSE
0.75,315,0.13244642847325,0.0219560878243513,0.089748743718593,0.0199600798403194,TRUE,TRUE
0.75,316,-0.0308800067278039,0.55688622754491,-0.0162814070351759,0.558882235528942,FALSE,FALSE
0.75,317,-0.161909857316352,0.00598802395209581,-0.0836683417085427,0.00598802395209581,TRUE,TRUE
0.75,318,0.0733264140446142,0.173652694610778,0.0594974874371859,0.143712574850299,FALSE,FALSE
0.75,319,0.209890778186694,0.00199600798403194,0.13748743718593,0.00199600798403194,TRUE,TRUE
0.75,320,-0.149517299120766,0.00598802395209581,-0.0877386934673367,0.00399201596806387,TRUE,TRUE
0.75,321,-0.00552167055041442,0.924151696606786,-0.00271356783919598,0.902195608782435,FALSE,FALSE
0.75,322,-0.107679948284685,0.0479041916167665,-0.0784924623115578,0.0658682634730539,TRUE,FALSE
0.75,323,0.164499583424289,0.00598802395209581,0.0881909547738693,0.00399201596806387,TRUE,TRUE
0.75,324,0.0529419086779753,0.303393213572854,0.037286432160804,0.317365269461078,FALSE,FALSE
0.75,325,-0.078084934355297,0.0998003992015968,-0.0510050251256281,0.181636726546906,FALSE,FALSE
0.75,326,0.151661846748957,0.00998003992015968,0.0973869346733668,0.00399201596806387,TRUE,TRUE
0.75,327,-0.0506552131293379,0.363273453093812,-0.028643216080402,0.369261477045908,FALSE,FALSE
0.75,328,-0.00315207496580686,0.962075848303393,-0.00165829145728643,0.960079840319361,FALSE,FALSE
0.75,329,-0.132831425646768,0.0119760479041916,-0.10929648241206,0.00998003992015968,TRUE,TRUE
0.75,330,0.033180206616084,0.582834331337325,0.0160804020100502,0.568862275449102,FALSE,FALSE
0.75,331,0.0335049102486708,0.536926147704591,0.0189447236180905,0.542914171656687,FALSE,FALSE
0.75,332,-0.00347633444537448,0.942115768463074,-0.00266331658291457,0.936127744510978,FALSE,FALSE
0.75,333,-0.123326573261196,0.0339321357285429,-0.0881909547738693,0.0219560878243513,TRUE,TRUE
0.75,334,-0.138615316653744,0.00399201596806387,-0.102914572864322,0.0199600798403194,TRUE,TRUE
0.75,335,-0.00100489868765317,0.980039920159681,-0.000552763819095481,0.992015968063872,FALSE,FALSE
0.75,336,-0.0713203095168394,0.209580838323353,-0.0364321608040201,0.211576846307385,FALSE,FALSE
0.75,337,0.119772678090258,0.0239520958083832,0.106231155778894,0.029940119760479,TRUE,TRUE
0.75,338,-0.152780257333454,0.0139720558882236,-0.0829145728643216,0.00798403193612774,TRUE,TRUE
0.75,339,0.0532223815188145,0.341317365269461,0.0271859296482412,0.345309381237525,FALSE,FALSE
0.75,340,0.00059016084865911,0.992015968063872,0.000251256281407032,0.992015968063872,FALSE,FALSE
0.75,341,-0.0733145501552761,0.201596806387226,-0.0420100502512563,0.163672654690619,FALSE,FALSE
0.75,342,0.00286641017139309,0.946107784431138,0.00201005025125628,0.962075848303393,FALSE,FALSE
0.75,343,-0.0977837329286017,0.0558882235528942,-0.0725628140703518,0.063872255489022,FALSE,FALSE
0.75,344,0.104925808659314,0.0718562874251497,0.0668341708542714,0.0479041916167665,FALSE,TRUE
0.75,345,0.147925555319781,0.0139720558882236,0.0766834170854271,0.0119760479041916,TRUE,TRUE
0.75,346,0.0100734455157862,0.856287425149701,0.0078391959798995,0.87624750499002,FALSE,FALSE
0.75,347,0.1336842794148,0.00798403193612774,0.110904522613065,0.0119760479041916,TRUE,TRUE
0.75,348,0.02268805064435,0.694610778443114,0.0179899497487437,0.640718562874252,FALSE,FALSE
0.75,349,0.0786509353867567,0.135728542914172,0.055427135678392,0.153692614770459,FALSE,FALSE
0.75,350,-0.076539255167173,0.125748502994012,-0.0571356783919598,0.165668662674651,FALSE,FALSE
0.75,351,0.00883780690353212,0.894211576846307,0.005678391959799,0.860279441117764,FALSE,FALSE
0.75,352,-0.137145321816515,0.00798403193612774,-0.109145728643216,0.0159680638722555,TRUE,TRUE
0.75,353,0.039592052352644,0.520958083832335,0.0236180904522613,0.506986027944112,FALSE,FALSE
0.75,354,-0.0614134558243909,0.241516966067864,-0.0455276381909548,0.261477045908184,FALSE,FALSE
0.75,355,-0.0101627355279771,0.856287425149701,-0.00748743718592965,0.816367265469062,FALSE,FALSE
0.75,356,0.130823682322822,0.0179640718562874,0.0919095477386935,0.0159680638722555,TRUE,TRUE
0.75,357,0.0903491641712263,0.11377245508982,0.0468844221105528,0.109780439121756,FALSE,FALSE
0.75,358,-0.0533503821946752,0.353293413173653,-0.0320100502512563,0.327345309381238,FALSE,FALSE
0.75,359,-0.0526571230027264,0.321357285429142,-0.0367336683417085,0.333333333333333,FALSE,FALSE
0.75,360,0.0962618298760894,0.0858283433133733,0.0757788944723618,0.0838323353293413,FALSE,FALSE
0.75,361,-0.0152178029772283,0.772455089820359,-0.0102010050251256,0.780439121756487,FALSE,FALSE
0.75,362,-0.194077255159151,0.00399201596806387,-0.1478391959799,0.00199600798403194,TRUE,TRUE
0.75,363,-0.0232141904862115,0.688622754491018,-0.00824120603015076,0.69061876247505,FALSE,FALSE
0.75,364,0.0622998743504961,0.271457085828343,0.0424623115577889,0.281437125748503,FALSE,FALSE
0.75,365,0.0208200463194803,0.70059880239521,0.00989949748743719,0.674650698602794,FALSE,FALSE
0.75,366,0.0276794098409609,0.650698602794411,0.0141206030150754,0.610778443113772,FALSE,FALSE
0.75,367,-0.146033687636979,0.0119760479041916,-0.0835175879396985,0.00399201596806387,TRUE,TRUE
0.75,368,0.0235966231401169,0.692614770459082,0.0100502512562814,0.622754491017964,FALSE,FALSE
0.75,369,0.0262634094871402,0.616766467065868,0.0195477386934673,0.654690618762475,FALSE,FALSE
0.75,370,-0.122938406560009,0.0399201596806387,-0.0523618090452261,0.031936127744511,TRUE,TRUE
0.75,371,-0.0409071070546452,0.417165668662675,-0.0328140703517588,0.411177644710579,FALSE,FALSE
0.75,372,0.0240190405425079,0.636726546906188,0.0209547738693467,0.648702594810379,FALSE,FALSE
0.75,373,-0.183468382007087,0.00199600798403194,-0.139396984924623,0.00399201596806387,TRUE,TRUE
0.75,374,0.0998339587543154,0.0399201596806387,0.0787939698492462,0.0678642714570858,TRUE,FALSE
0.75,375,-0.00977845693330517,0.892215568862275,-0.00552763819095478,0.868263473053892,FALSE,FALSE
0.75,376,0.155085277018587,0.00399201596806387,0.0920603015075377,0.00798403193612774,TRUE,TRUE
0.75,377,-0.059004385210379,0.297405189620758,-0.032713567839196,0.301397205588822,FALSE,FALSE
0.75,378,-0.0499204965716278,0.341317365269461,-0.0250753768844221,0.373253493013972,FALSE,FALSE
0.75,379,0.131325088401299,0.0199600798403194,0.0758793969849246,0.0119760479041916,TRUE,TRUE
0.75,380,-0.0369849046970426,0.502994011976048,-0.0255276381909548,0.467065868263473,FALSE,FALSE
0.75,381,-0.147258831828186,0.00598802395209581,-0.114422110552764,0.00598802395209581,TRUE,TRUE
0.75,382,0.0274361022724021,0.592814371257485,0.0160804020100503,0.600798403193613,FALSE,FALSE
0.75,383,-0.0173211735038527,0.740518962075848,-0.0104020100502513,0.760479041916168,FALSE,FALSE
0.75,384,-0.0281593544642825,0.598802395209581,-0.0177889447236181,0.608782435129741,FALSE,FALSE
0.75,385,0.0906085160773041,0.0978043912175649,0.0714070351758794,0.0778443113772455,FALSE,FALSE
0.75,386,0.094784958077727,0.0698602794411178,0.0710552763819095,0.0658682634730539,FALSE,FALSE
0.75,387,-0.0300066744230243,0.612774451097804,-0.0242713567839196,0.594810379241517,FALSE,FALSE
0.75,388,0.137795137899519,0.0219560878243513,0.0904020100502513,0.00798403193612774,TRUE,TRUE
0.75,389,0.0389627608781915,0.469061876247505,0.0319095477386935,0.471057884231537,FALSE,FALSE
0.75,390,0.0671969862299357,0.203592814371257,0.0468341708542714,0.209580838323353,FALSE,FALSE
0.75,391,-0.0570805516918225,0.315369261477046,-0.038391959798995,0.293413173652695,FALSE,FALSE
0.75,392,0.0481917828774355,0.375249500998004,0.0362311557788945,0.365269461077844,FALSE,FALSE
0.75,393,-0.116240702979113,0.0259481037924152,-0.0723618090452261,0.031936127744511,TRUE,TRUE
0.75,394,0.0477650695732302,0.405189620758483,0.0315577889447236,0.391217564870259,FALSE,FALSE
0.75,395,0.118862297829031,0.0359281437125748,0.0919597989949749,0.031936127744511,TRUE,TRUE
0.75,396,0.136624216850453,0.0119760479041916,0.116834170854271,0.00798403193612774,TRUE,TRUE
0.75,397,-0.0114252329946497,0.834331337325349,-0.00824120603015075,0.826347305389222,FALSE,FALSE
0.75,398,-0.0483599764933476,0.377245508982036,-0.0305025125628141,0.363273453093812,FALSE,FALSE
0.75,399,-0.055308502115202,0.295409181636727,-0.0338693467336683,0.329341317365269,FALSE,FALSE
0.75,400,-0.0937752219148954,0.0798403193612774,-0.05678391959799,0.0898203592814371,FALSE,FALSE
0.75,401,0.0274519709063638,0.616766467065868,0.0176884422110553,0.620758483033932,FALSE,FALSE
0.75,402,0.0451244031362267,0.353293413173653,0.0376381909547739,0.383233532934132,FALSE,FALSE
0.75,403,-0.00127047898128988,0.984031936127745,-0.000703517587939699,0.978043912175649,FALSE,FALSE
0.75,404,-0.0917322221353432,0.107784431137725,-0.0596482412060301,0.105788423153693,FALSE,FALSE
0.75,405,0.0191952375177431,0.732534930139721,0.0108542713567839,0.728542914171657,FALSE,FALSE
0.75,406,0.127607133899153,0.0179640718562874,0.0690452261306533,0.029940119760479,TRUE,TRUE
0.75,407,0.0304919994786469,0.592814371257485,0.0208542713567839,0.562874251497006,FALSE,FALSE
0.75,408,0.0043029809246836,0.940119760479042,0.00316582914572864,0.930139720558882,FALSE,FALSE
0.75,409,0.0954914120733178,0.0878243512974052,0.0626633165829146,0.0878243512974052,FALSE,FALSE
0.75,410,0.0659899532661078,0.2375249500998,0.0427638190954774,0.229540918163673,FALSE,FALSE
0.75,411,0.252161272881262,0.00199600798403194,0.128793969849246,0.00199600798403194,TRUE,TRUE
0.75,412,0.0452290593652795,0.44311377245509,0.0263819095477387,0.399201596806387,FALSE,FALSE
0.75,413,-0.0812602966014253,0.119760479041916,-0.0580904522613065,0.127744510978044,FALSE,FALSE
0.75,414,0.173778636309532,0.00199600798403194,0.105879396984925,0.00399201596806387,TRUE,TRUE
0.75,415,-0.0214513932633449,0.674650698602794,-0.014070351758794,0.646706586826347,FALSE,FALSE
0.75,416,0.0456276669954331,0.421157684630739,0.0231658291457286,0.449101796407186,FALSE,FALSE
0.75,417,0.186721772180716,0.00199600798403194,0.103969849246231,0.00199600798403194,TRUE,TRUE
0.75,418,-0.0461413454943595,0.437125748502994,-0.0227638190954774,0.441117764471058,FALSE,FALSE
0.75,419,-0.0106387153953127,0.858283433133733,-0.00577889447236181,0.860279441117764,FALSE,FALSE
0.75,420,-0.108671325868219,0.031936127744511,-0.0863316582914573,0.0518962075848303,TRUE,FALSE
0.75,421,0.00437915879716685,0.930139720558882,0.00351758793969849,0.930139720558882,FALSE,FALSE
0.75,422,-0.177536023625931,0.00199600798403194,-0.108693467336683,0.00199600798403194,TRUE,TRUE
0.75,423,0.0395995493596924,0.483033932135729,0.0221105527638191,0.483033932135729,FALSE,FALSE
0.75,424,0.148843077577308,0.00399201596806387,0.0976884422110553,0.00798403193612774,TRUE,TRUE
0.75,425,-0.085508209283988,0.129740518962076,-0.0325125628140703,0.147704590818363,FALSE,FALSE
0.75,426,0.0382807114999916,0.50499001996008,0.018894472361809,0.508982035928144,FALSE,FALSE
0.75,427,0.0287573927166745,0.562874251497006,0.0196984924623116,0.574850299401198,FALSE,FALSE
0.75,428,0.037293134719197,0.536926147704591,0.0220603015075377,0.502994011976048,FALSE,FALSE
0.75,429,-0.0863535242586235,0.117764471057884,-0.0439698492462312,0.0998003992015968,FALSE,FALSE
0.75,430,0.140863425515205,0.0159680638722555,0.0719597989949749,0.00998003992015968,TRUE,TRUE
0.75,431,-0.0898015542571803,0.111776447105788,-0.0514572864321608,0.115768463073852,FALSE,FALSE
0.75,432,-0.130278625975027,0.031936127744511,-0.069748743718593,0.0199600798403194,TRUE,TRUE
0.75,433,-0.102486403069129,0.0738522954091816,-0.0645226130653266,0.0598802395209581,FALSE,FALSE
0.75,434,-0.0538977303155746,0.30938123752495,-0.0371356783919598,0.325349301397206,FALSE,FALSE
0.75,435,0.127314020975383,0.0159680638722555,0.0638693467336683,0.0219560878243513,TRUE,TRUE
0.75,436,0.0581158096390207,0.331337325349301,0.0241206030150754,0.313373253493014,FALSE,FALSE
0.75,437,0.00969752615430089,0.856287425149701,0.00678391959798995,0.852295409181637,FALSE,FALSE
0.75,438,0.0627234418456539,0.233532934131737,0.048643216080402,0.275449101796407,FALSE,FALSE
0.75,439,0.00592188326917306,0.908183632734531,0.00391959798994975,0.898203592814371,FALSE,FALSE
0.75,440,-0.000913279103157687,0.99001996007984,-0.000703517587939699,0.980039920159681,FALSE,FALSE
0.75,441,-0.0356289037598573,0.522954091816367,-0.0233165829145729,0.532934131736527,FALSE,FALSE
0.75,442,-0.194127045432542,0.00199600798403194,-0.143115577889447,0.00199600798403194,TRUE,TRUE
0.75,443,-0.0721819613657535,0.19560878243513,-0.0465326633165829,0.18562874251497,FALSE,FALSE
0.75,444,0.117302540048403,0.0219560878243513,0.08,0.031936127744511,TRUE,TRUE
0.75,445,0.0209404690077944,0.688622754491018,0.00994974874371859,0.732534930139721,FALSE,FALSE
0.75,446,0.06840285296554,0.215568862275449,0.0423115577889447,0.207584830339321,FALSE,FALSE
0.75,447,0.141676730089479,0.0119760479041916,0.0801507537688442,0.0139720558882236,TRUE,TRUE
0.75,448,0.0249034654166198,0.63872255489022,0.0155778894472362,0.654690618762475,FALSE,FALSE
0.75,449,-0.108196988823845,0.0658682634730539,-0.0552763819095477,0.0538922155688623,FALSE,FALSE
0.75,450,0.101551886876457,0.0798403193612774,0.0509045226130653,0.0698602794411178,FALSE,FALSE
0.75,451,-0.0136617791019486,0.7624750499002,-0.00939698492462311,0.832335329341317,FALSE,FALSE
0.75,452,0.0523259614533483,0.357285429141717,0.0248743718592965,0.303393213572854,FALSE,FALSE
0.75,453,0.00269803951578349,0.956087824351297,0.00180904522613065,0.93812375249501,FALSE,FALSE
0.75,454,0.0594678704768713,0.261477045908184,0.0478391959798995,0.275449101796407,FALSE,FALSE
0.75,455,0.116069715727596,0.0459081836327345,0.0898492462311558,0.0439121756487026,TRUE,TRUE
0.75,456,0.108898317792991,0.0538922155688623,0.085427135678392,0.0419161676646707,FALSE,TRUE
0.75,457,0.0179210411976155,0.756487025948104,0.0115577889447236,0.724550898203593,FALSE,FALSE
0.75,458,0.0514064751510176,0.355289421157685,0.0286934673366834,0.36127744510978,FALSE,FALSE
0.75,459,-0.162363180645407,0.00598802395209581,-0.120603015075377,0.00598802395209581,TRUE,TRUE
0.75,460,-0.0172992855668576,0.758483033932136,-0.0113065326633166,0.736526946107784,FALSE,FALSE
0.75,461,0.0159163222206264,0.768463073852295,0.0107035175879397,0.798403193612774,FALSE,FALSE
0.75,462,0.0466091723038402,0.383233532934132,0.0341708542713568,0.43313373253493,FALSE,FALSE
0.75,463,0.0788434693867779,0.159680638722555,0.0466834170854271,0.159680638722555,FALSE,FALSE
0.75,464,0.0944902222953769,0.0658682634730539,0.0703517587939698,0.0738522954091816,FALSE,FALSE
0.75,465,0.0290996737776939,0.588822355289421,0.0196984924623116,0.578842315369261,FALSE,FALSE
0.75,466,0.225264511567224,0.00199600798403194,0.109145728643216,0.00199600798403194,TRUE,TRUE
0.75,467,0.0314655350671134,0.580838323353293,0.0193467336683417,0.554890219560878,FALSE,FALSE
0.75,468,-0.086063323332693,0.145708582834331,-0.0417085427135678,0.121756487025948,FALSE,FALSE
0.75,469,0.223791082566108,0.00199600798403194,0.145427135678392,0.00199600798403194,TRUE,TRUE
0.75,470,0.0676102034828514,0.199600798403194,0.0587939698492462,0.211576846307385,FALSE,FALSE
0.75,471,-0.0406103576677331,0.497005988023952,-0.028391959798995,0.465069860279441,FALSE,FALSE
0.75,472,-0.068163276419582,0.217564870259481,-0.050251256281407,0.199600798403194,FALSE,FALSE
0.75,473,-0.0611587556608511,0.267465069860279,-0.0371356783919598,0.295409181636727,FALSE,FALSE
0.75,474,-0.134231092548057,0.0199600798403194,-0.101909547738693,0.00998003992015968,TRUE,TRUE
0.75,475,-0.157947481574266,0.00199600798403194,-0.107035175879397,0.00399201596806387,TRUE,TRUE
0.75,476,0.0158412128140079,0.760479041916168,0.00814070351758794,0.816367265469062,FALSE,FALSE
0.75,477,-0.0319100975281304,0.578842315369261,-0.0201507537688442,0.57684630738523,FALSE,FALSE
0.75,478,0.0517325150224468,0.333333333333333,0.0407035175879397,0.315369261477046,FALSE,FALSE
0.75,479,0.00633007280086493,0.910179640718563,0.00482412060301508,0.914171656686627,FALSE,FALSE
0.75,480,-0.174768824945983,0.00598802395209581,-0.119447236180905,0.00199600798403194,TRUE,TRUE
0.75,481,-0.0368402999530821,0.499001996007984,-0.0283417085427136,0.477045908183633,FALSE,FALSE
0.75,482,0.0418704901731743,0.514970059880239,0.0206532663316583,0.431137724550898,FALSE,FALSE
0.75,483,-0.0187044684870253,0.732534930139721,-0.0143718592964824,0.724550898203593,FALSE,FALSE
0.75,484,0.0664225728750016,0.201596806387226,0.0522110552763819,0.17564870259481,FALSE,FALSE
0.75,485,0.0622720528201233,0.267465069860279,0.0325125628140704,0.283433133732535,FALSE,FALSE
0.75,486,-0.130841790064256,0.0239520958083832,-0.0700502512562814,0.0219560878243513,TRUE,TRUE
0.75,487,-0.010087868333851,0.884231536926148,-0.00527638190954774,0.852295409181637,FALSE,FALSE
0.75,488,-0.0892943363468773,0.109780439121756,-0.0339698492462312,0.117764471057884,FALSE,FALSE
0.75,489,0.165193634432414,0.00399201596806387,0.101155778894472,0.00399201596806387,TRUE,TRUE
0.75,490,0.0791267186759109,0.161676646706587,0.0579899497487437,0.13373253493014,FALSE,FALSE
0.75,491,0.0831312985809841,0.137724550898204,0.0494472361809045,0.127744510978044,FALSE,FALSE
0.75,492,0.151927020445804,0.00598802395209581,0.114623115577889,0.00798403193612774,TRUE,TRUE
0.75,493,-0.0668444514586705,0.243512974051896,-0.0465829145728643,0.213572854291417,FALSE,FALSE
0.75,494,-0.00371804613058026,0.946107784431138,-0.00195979899497488,0.950099800399202,FALSE,FALSE
0.75,495,0.173745217121487,0.00199600798403194,0.0968844221105528,0.00199600798403194,TRUE,TRUE
0.75,496,0.099253681342268,0.0918163672654691,0.0672361809045226,0.06187624750499,FALSE,FALSE
0.75,497,-0.0952078311886379,0.0718562874251497,-0.0697989949748744,0.093812375249501,FALSE,FALSE
0.75,498,0.0282888003457941,0.646706586826347,0.0144221105527638,0.63872255489022,FALSE,FALSE
0.75,499,-0.239915091006798,0.00199600798403194,-0.162814070351759,0.00199600798403194,TRUE,TRUE
0.75,500,-0.051174596910391,0.359281437125749,-0.0376884422110553,0.357285429141717,FALSE,FALSE
0.75,501,0.0794951677589418,0.151696606786427,0.0462814070351759,0.169660678642715,FALSE,FALSE
0.75,502,-0.0835065975481141,0.149700598802395,-0.0492462311557789,0.149700598802395,FALSE,FALSE
0.75,503,0.115673268126959,0.0359281437125748,0.0736180904522613,0.031936127744511,TRUE,TRUE
0.75,504,0.0298780203280725,0.610778443113772,0.0209045226130653,0.552894211576846,FALSE,FALSE
0.75,505,0.0523135589534827,0.345309381237525,0.0348241206030151,0.317365269461078,FALSE,FALSE
0.75,506,-0.0506936561969466,0.399201596806387,-0.0271356783919598,0.351297405189621,FALSE,FALSE
0.75,507,-0.0229062474161546,0.672654690618762,-0.0152261306532663,0.698602794411178,FALSE,FALSE
0.75,508,-0.0157491590714534,0.760479041916168,-0.00994974874371859,0.776447105788423,FALSE,FALSE
0.75,509,0.111040805459862,0.0499001996007984,0.0763819095477387,0.0419161676646707,TRUE,TRUE
0.75,510,0.0684219362003236,0.183632734530938,0.0525628140703518,0.213572854291417,FALSE,FALSE
0.75,511,-0.147978351427912,0.0119760479041916,-0.114522613065327,0.00598802395209581,TRUE,TRUE
0.75,512,-0.293156341520057,0.00199600798403194,-0.1921608040201,0.00199600798403194,TRUE,TRUE
0.75,513,0.00194502206096317,0.976047904191617,0.00165829145728643,0.968063872255489,FALSE,FALSE
0.75,514,-0.0542856055383128,0.337325349301397,-0.0336180904522613,0.339321357285429,FALSE,FALSE
0.75,515,0.00034702371044076,0.996007984031936,0.000201005025125628,0.996007984031936,FALSE,FALSE
0.75,516,-0.106850367828707,0.0439121756487026,-0.0562814070351759,0.0439121756487026,TRUE,TRUE
0.75,517,-0.122799994697965,0.031936127744511,-0.0685427135678392,0.0199600798403194,TRUE,TRUE
0.75,518,0.133273284768214,0.0159680638722555,0.0786934673366834,0.0159680638722555,TRUE,TRUE
0.75,519,0.0322631854922774,0.506986027944112,0.0164824120603015,0.540918163672655,FALSE,FALSE
0.75,520,-0.0406001509995022,0.491017964071856,-0.0228140703517588,0.427145708582834,FALSE,FALSE
0.75,521,-0.0789083005914057,0.177644710578842,-0.0482412060301508,0.149700598802395,FALSE,FALSE
0.75,522,-0.085281542572834,0.139720558882236,-0.0517085427135678,0.149700598802395,FALSE,FALSE
0.75,523,0.154607130490109,0.00199600798403194,0.0838693467336683,0.00798403193612774,TRUE,TRUE
0.75,524,-0.0258404125095135,0.678642714570858,-0.0143718592964824,0.644710578842315,FALSE,FALSE
0.75,525,0.033607421812131,0.528942115768463,0.0211557788944724,0.534930139720559,FALSE,FALSE
0.75,526,-0.0169435619860896,0.746506986027944,-0.0114070351758794,0.738522954091816,FALSE,FALSE
0.75,527,-0.0931238944583542,0.0918163672654691,-0.0496984924623116,0.0998003992015968,FALSE,FALSE
0.75,528,0.0327179401655279,0.560878243512974,0.0264321608040201,0.528942115768463,FALSE,FALSE
0.75,529,-0.169070402186114,0.00199600798403194,-0.126281407035176,0.00399201596806387,TRUE,TRUE
0.75,530,-0.0285951731581887,0.608782435129741,-0.0175376884422111,0.598802395209581,FALSE,FALSE
0.75,531,0.047111841124538,0.353293413173653,0.0351758793969849,0.363273453093812,FALSE,FALSE
0.75,532,0.088369718430279,0.117764471057884,0.0517587939698492,0.12375249500998,FALSE,FALSE
0.75,533,0.0347423802912448,0.524950099800399,0.0272361809045226,0.530938123752495,FALSE,FALSE
0.75,534,-0.138200381835813,0.0139720558882236,-0.107738693467337,0.0139720558882236,TRUE,TRUE
0.75,535,0.189896655895179,0.00199600798403194,0.127688442211055,0.00199600798403194,TRUE,TRUE
0.75,536,0.0588131111900193,0.307385229540918,0.0382914572864322,0.251497005988024,FALSE,FALSE
0.75,537,-0.00624556803496172,0.920159680638723,-0.00402010050251257,0.926147704590818,FALSE,FALSE
0.75,538,-0.0444844830105313,0.451097804391218,-0.0347236180904523,0.43313373253493,FALSE,FALSE
0.75,539,-0.0726644666461526,0.201596806387226,-0.0490452261306533,0.193612774451098,FALSE,FALSE
0.75,540,0.123592033231361,0.0259481037924152,0.0880402010050251,0.0199600798403194,TRUE,TRUE
0.75,541,-0.00931136151127425,0.848303393213573,-0.00773869346733668,0.892215568862275,FALSE,FALSE
0.75,542,0.00946739110006957,0.868263473053892,0.00467336683417085,0.880239520958084,FALSE,FALSE
0.75,543,-0.125612971576903,0.0239520958083832,-0.078643216080402,0.0259481037924152,TRUE,TRUE
0.75,544,-0.159564273634198,0.00199600798403194,-0.0997989949748744,0.00998003992015968,TRUE,TRUE
0.75,545,-0.102777582690885,0.0838323353293413,-0.0728643216080402,0.063872255489022,FALSE,FALSE
0.75,546,-0.083763196567958,0.13373253493014,-0.0479899497487437,0.131736526946108,FALSE,FALSE
0.75,547,-0.0485273998487194,0.393213572854291,-0.0357286432160804,0.393213572854291,FALSE,FALSE
0.75,548,-0.0520673271405972,0.331337325349301,-0.0321608040201005,0.353293413173653,FALSE,FALSE
0.75,549,-0.0151331040997552,0.766467065868264,-0.0109045226130653,0.766467065868264,FALSE,FALSE
0.75,550,-0.0824947665191366,0.143712574850299,-0.0519597989949749,0.145708582834331,FALSE,FALSE
0.75,551,0.125707872373476,0.0159680638722555,0.0878391959798995,0.0219560878243513,TRUE,TRUE
0.75,552,-0.00704029528643964,0.896207584830339,-0.00492462311557789,0.896207584830339,FALSE,FALSE
0.75,553,0.178395021521122,0.00399201596806387,0.106984924623116,0.00199600798403194,TRUE,TRUE
0.75,554,-0.0809597653745797,0.137724550898204,-0.0384422110552764,0.141716566866267,FALSE,FALSE
0.75,555,-0.0758549322317684,0.157684630738523,-0.0632663316582915,0.165668662674651,FALSE,FALSE
0.75,556,0.0055985805850558,0.918163672654691,0.00206030150753769,0.93812375249501,FALSE,FALSE
0.75,557,-0.102262225990829,0.0578842315369262,-0.0640201005025126,0.0518962075848303,FALSE,FALSE
0.75,558,0.102365579603476,0.0698602794411178,0.0671356783919598,0.0558882235528942,FALSE,FALSE
0.75,559,0.0214796869770604,0.682634730538922,0.00733668341708543,0.756487025948104,FALSE,FALSE
0.75,560,0.0561298028687454,0.333333333333333,0.0329145728643216,0.315369261477046,FALSE,FALSE
0.75,561,0.0206142814899729,0.698602794411178,0.0107035175879397,0.686626746506986,FALSE,FALSE
0.75,562,-0.0032462221770797,0.976047904191617,-0.00165829145728643,0.956087824351297,FALSE,FALSE
0.75,563,0.127106109590994,0.0199600798403194,0.0932663316582915,0.0159680638722555,TRUE,TRUE
0.75,564,-0.0125999657035848,0.800399201596806,-0.0101507537688442,0.794411177644711,FALSE,FALSE
0.75,565,0.0801312334398553,0.13373253493014,0.0506030150753769,0.161676646706587,FALSE,FALSE
0.75,566,-0.17948934180234,0.00199600798403194,-0.107738693467337,0.00598802395209581,TRUE,TRUE
0.75,567,0.0496834766276486,0.355289421157685,0.0245226130653266,0.36127744510978,FALSE,FALSE
0.75,568,-0.0302518441098669,0.574850299401198,-0.017035175879397,0.564870259481038,FALSE,FALSE
0.75,569,0.12446618293911,0.0159680638722555,0.0925125628140703,0.0179640718562874,TRUE,TRUE
0.75,570,-0.0502200934525184,0.399201596806387,-0.0327638190954774,0.36127744510978,FALSE,FALSE
0.75,571,-0.000874599328652225,0.99001996007984,-0.000603015075376885,0.986027944111776,FALSE,FALSE
0.75,572,-0.129375987467219,0.0199600798403194,-0.0842211055276382,0.0119760479041916,TRUE,TRUE
0.75,573,0.233283248327022,0.00199600798403194,0.181155778894472,0.00199600798403194,TRUE,TRUE
0.75,574,0.0290048847015437,0.578842315369261,0.0191457286432161,0.560878243512974,FALSE,FALSE
0.75,575,0.104199335683214,0.0698602794411178,0.0573869346733668,0.0598802395209581,FALSE,FALSE
0.75,576,-0.0151475784353383,0.792415169660679,-0.00773869346733668,0.784431137724551,FALSE,FALSE
0.75,577,-0.0820203719207517,0.0838323353293413,-0.0688944723618091,0.125748502994012,FALSE,FALSE
0.75,578,-0.272832997390867,0.00199600798403194,-0.207336683417085,0.00199600798403194,TRUE,TRUE
0.75,579,-0.0204643834107714,0.704590818363273,-0.0128140703517588,0.67065868263473,FALSE,FALSE
0.75,580,-0.133957051233653,0.0179640718562874,-0.0804020100502513,0.0219560878243513,TRUE,TRUE
0.75,581,0.00572965098886312,0.930139720558882,0.00381909547738694,0.910179640718563,FALSE,FALSE
0.75,582,0.221668641207301,0.00199600798403194,0.159899497487437,0.00199600798403194,TRUE,TRUE
0.75,583,-0.245510853726339,0.00199600798403194,-0.168743718592965,0.00199600798403194,TRUE,TRUE
0.75,584,0.00918921565848452,0.832335329341317,0.00708542713567839,0.850299401197605,FALSE,FALSE
0.75,585,-0.0792298389625635,0.119760479041916,-0.0489949748743719,0.169660678642715,FALSE,FALSE
0.75,586,0.0213197446805395,0.694610778443114,0.0179396984924623,0.656686626746507,FALSE,FALSE
0.75,587,-0.0295784971671707,0.580838323353293,-0.0193969849246231,0.564870259481038,FALSE,FALSE
0.75,588,-0.0302412629565383,0.57684630738523,-0.0194974874371859,0.57684630738523,FALSE,FALSE
0.75,589,-0.0345442490559662,0.536926147704591,-0.0226633165829146,0.546906187624751,FALSE,FALSE
0.75,590,0.0215335982073069,0.708582834331337,0.0148241206030151,0.682634730538922,FALSE,FALSE
0.75,591,0.114869228421665,0.0399201596806387,0.0882412060301508,0.0399201596806387,TRUE,TRUE
0.75,592,0.110623898799186,0.0578842315369262,0.0722110552763819,0.0359281437125748,FALSE,TRUE
0.75,593,-0.138602361145811,0.0139720558882236,-0.105025125628141,0.00998003992015968,TRUE,TRUE
0.75,594,0.132293888862744,0.0179640718562874,0.0802010050251256,0.0159680638722555,TRUE,TRUE
0.75,595,-0.065697671568519,0.239520958083832,-0.0326633165829146,0.233532934131737,FALSE,FALSE
0.75,596,-0.115467561246833,0.0279441117764471,-0.0916582914572864,0.0379241516966068,TRUE,TRUE
0.75,597,-0.117181145749589,0.029940119760479,-0.0761809045226131,0.0399201596806387,TRUE,TRUE
0.75,598,0.21236704880094,0.00199600798403194,0.142964824120603,0.00199600798403194,TRUE,TRUE
0.75,599,0.0063214005558164,0.934131736526946,0.00371859296482412,0.908183632734531,FALSE,FALSE
0.75,600,0.0555035944279671,0.313373253493014,0.0374874371859297,0.331337325349301,FALSE,FALSE
0.75,601,-0.0806690508983696,0.115768463073852,-0.0564321608040201,0.115768463073852,FALSE,FALSE
0.75,602,-0.0482467572738318,0.383233532934132,-0.0365829145728643,0.393213572854291,FALSE,FALSE
0.75,603,-0.0241722510140788,0.69061876247505,-0.0176381909547739,0.624750499001996,FALSE,FALSE
0.75,604,-0.171757939024591,0.00598802395209581,-0.128241206030151,0.00399201596806387,TRUE,TRUE
0.75,605,0.0100223207975875,0.862275449101796,0.00457286432160805,0.844311377245509,FALSE,FALSE
0.75,606,0.0902699742214389,0.093812375249501,0.0693969849246231,0.093812375249501,FALSE,FALSE
0.75,607,0.134576907006036,0.0139720558882236,0.112462311557789,0.0219560878243513,TRUE,TRUE
0.75,608,-0.0534642033233524,0.31936127744511,-0.0336683417085427,0.307385229540918,FALSE,FALSE
0.75,609,-0.111906477245008,0.0499001996007984,-0.0764321608040201,0.0399201596806387,TRUE,TRUE
0.75,610,0.0592706558697752,0.283433133732535,0.0407035175879397,0.273453093812375,FALSE,FALSE
0.75,611,-0.0406199811204142,0.411177644710579,-0.0291457286432161,0.441117764471058,FALSE,FALSE
0.75,612,-0.0927137683697542,0.0858283433133733,-0.055678391959799,0.0838323353293413,FALSE,FALSE
0.75,613,-0.0476645488476959,0.399201596806387,-0.0282412060301508,0.395209580838323,FALSE,FALSE
0.75,614,0.0919871720530225,0.0838323353293413,0.0546231155778895,0.11377245508982,FALSE,FALSE
0.75,615,-0.00181132975536286,0.982035928143713,-0.000954773869346734,0.978043912175649,FALSE,FALSE
0.75,616,0.0448694255784145,0.409181636726547,0.0324623115577889,0.409181636726547,FALSE,FALSE
0.75,617,-0.117209480722167,0.0219560878243513,-0.0812562814070352,0.0359281437125748,TRUE,TRUE
0.75,618,-0.180775824324893,0.00199600798403194,-0.135477386934673,0.00199600798403194,TRUE,TRUE
0.75,619,0.0485463177299345,0.405189620758483,0.0165829145728643,0.419161676646707,FALSE,FALSE
0.75,620,0.0219445871453813,0.68063872255489,0.0176884422110553,0.678642714570858,FALSE,FALSE
0.75,621,0.0563147469795155,0.303393213572854,0.0389949748743719,0.30938123752495,FALSE,FALSE
0.75,622,-0.0543720943296732,0.337325349301397,-0.0355778894472362,0.291417165668663,FALSE,FALSE
0.75,623,-0.105366568863795,0.0718562874251497,-0.0763316582914573,0.0499001996007984,FALSE,TRUE
0.75,624,0.0645575551552565,0.245508982035928,0.0415075376884422,0.253493013972056,FALSE,FALSE
0.75,625,0.0626480283460201,0.267465069860279,0.0446231155778894,0.24750499001996,FALSE,FALSE
0.75,626,-0.00844803836801011,0.882235528942116,-0.00522613065326633,0.874251497005988,FALSE,FALSE
0.75,627,0.0144928803556465,0.792415169660679,0.00924623115577889,0.796407185628742,FALSE,FALSE
0.75,628,-0.0211019143606764,0.694610778443114,-0.0148743718592965,0.674650698602794,FALSE,FALSE
0.75,629,0.120073855729217,0.0239520958083832,0.0744221105527638,0.0279441117764471,TRUE,TRUE
0.75,630,-0.143256829971651,0.00998003992015968,-0.0709045226130653,0.0139720558882236,TRUE,TRUE
0.75,631,-0.00588665976707938,0.912175648702595,-0.00447236180904522,0.924151696606786,FALSE,FALSE
0.75,632,0.0440731942508846,0.437125748502994,0.0334673366834171,0.465069860279441,FALSE,FALSE
0.75,633,0.0547594093514631,0.303393213572854,0.0362311557788945,0.303393213572854,FALSE,FALSE
0.75,634,-0.0328767917203703,0.536926147704591,-0.0175879396984925,0.548902195608782,FALSE,FALSE
0.75,635,0.138943510857148,0.00798403193612774,0.110904522613065,0.0219560878243513,TRUE,TRUE
0.75,636,0.0745489924258145,0.181636726546906,0.0477386934673367,0.177644710578842,FALSE,FALSE
0.75,637,0.0563528686670157,0.305389221556886,0.045678391959799,0.315369261477046,FALSE,FALSE
0.75,638,0.073738881433295,0.245508982035928,0.0411557788944724,0.169660678642715,FALSE,FALSE
0.75,639,0.126692405503943,0.029940119760479,0.0725628140703518,0.0259481037924152,TRUE,TRUE
0.75,640,0.122614638253463,0.031936127744511,0.0893969849246231,0.0239520958083832,TRUE,TRUE
0.75,641,-0.0547212256741127,0.271457085828343,-0.0470854271356784,0.297405189620758,FALSE,FALSE
0.75,642,0.103716412772954,0.0718562874251497,0.0655778894472362,0.0538922155688623,FALSE,FALSE
0.75,643,-0.0586881050432932,0.235528942115768,-0.049748743718593,0.24750499001996,FALSE,FALSE
0.75,644,0.0475893874669173,0.419161676646707,0.0310552763819095,0.375249500998004,FALSE,FALSE
0.75,645,0.0817110745258021,0.121756487025948,0.0570854271356784,0.147704590818363,FALSE,FALSE
0.75,646,0.0712186368455375,0.163672654690619,0.0524623115577889,0.19560878243513,FALSE,FALSE
0.75,647,-0.0517565587902986,0.339321357285429,-0.032713567839196,0.37125748502994,FALSE,FALSE
0.75,648,0.125684952738484,0.0239520958083832,0.0879899497487437,0.0179640718562874,TRUE,TRUE
0.75,649,-0.118953302682904,0.0379241516966068,-0.069748743718593,0.031936127744511,TRUE,TRUE
0.75,650,-0.00461168385337185,0.924151696606786,-0.00276381909547739,0.93812375249501,FALSE,FALSE
0.75,651,-0.0232315926206042,0.69061876247505,-0.015929648241206,0.634730538922156,FALSE,FALSE
0.75,652,0.128741744494728,0.0219560878243513,0.0950251256281407,0.0159680638722555,TRUE,TRUE
0.75,653,0.0340105789353292,0.562874251497006,0.0170854271356784,0.586826347305389,FALSE,FALSE
0.75,654,0.0441536242907202,0.397205588822355,0.0308040201005025,0.395209580838323,FALSE,FALSE
0.75,655,0.128871354305611,0.0179640718562874,0.0963316582914573,0.0259481037924152,TRUE,TRUE
0.75,656,-0.156448663102514,0.0119760479041916,-0.0785929648241206,0.00199600798403194,TRUE,TRUE
0.75,657,0.0588528009341426,0.31936127744511,0.0360301507537688,0.301397205588822,FALSE,FALSE
0.75,658,-0.0755050026231019,0.181636726546906,-0.0504020100502513,0.173652694610778,FALSE,FALSE
0.75,659,0.0834485937899671,0.127744510978044,0.061356783919598,0.119760479041916,FALSE,FALSE
0.75,660,0.00168284642871161,0.980039920159681,0.00135678391959799,0.970059880239521,FALSE,FALSE
0.75,661,-0.00850386344009044,0.880239520958084,-0.00577889447236181,0.868263473053892,FALSE,FALSE
0.75,662,0.117381945345509,0.031936127744511,0.0896482412060301,0.029940119760479,TRUE,TRUE
0.75,663,-0.0336266843894322,0.530938123752495,-0.0159798994974874,0.534930139720559,FALSE,FALSE
0.75,664,-0.122388494319863,0.0359281437125748,-0.0826633165829146,0.0219560878243513,TRUE,TRUE
0.75,665,-0.146130685327952,0.00998003992015968,-0.0966834170854271,0.00598802395209581,TRUE,TRUE
0.75,666,0.126029401666676,0.0179640718562874,0.0935678391959799,0.0179640718562874,TRUE,TRUE
0.75,667,-0.202859928383076,0.00199600798403194,-0.129547738693467,0.00199600798403194,TRUE,TRUE
0.75,668,0.220582939213061,0.00199600798403194,0.148140703517588,0.00199600798403194,TRUE,TRUE
0.75,669,-0.104222080495361,0.0499001996007984,-0.0454773869346734,0.0658682634730539,TRUE,FALSE
0.75,670,0.0866410041510895,0.13373253493014,0.0463819095477387,0.115768463073852,FALSE,FALSE
0.75,671,-0.030549610450807,0.588822355289421,-0.0218592964824121,0.562874251497006,FALSE,FALSE
0.75,672,-0.0071588313961104,0.910179640718563,-0.00492462311557789,0.882235528942116,FALSE,FALSE
0.75,673,0.258048288896865,0.00199600798403194,0.159195979899497,0.00199600798403194,TRUE,TRUE
0.75,674,-0.0557852126109955,0.301397205588822,-0.0385929648241206,0.293413173652695,FALSE,FALSE
0.75,675,0.0249955722502867,0.674650698602794,0.018391959798995,0.626746506986028,FALSE,FALSE
0.75,676,-0.0254988634821762,0.63872255489022,-0.0196482412060302,0.604790419161677,FALSE,FALSE
0.75,677,0.0862156546141872,0.107784431137725,0.05,0.111776447105788,FALSE,FALSE
0.75,678,-0.0743525783978844,0.18562874251497,-0.0420603015075377,0.193612774451098,FALSE,FALSE
0.75,679,-0.0101726053166271,0.854291417165669,-0.00653266331658291,0.818363273453094,FALSE,FALSE
0.75,680,0.114790172293321,0.0399201596806387,0.0913065326633166,0.0259481037924152,TRUE,TRUE
0.75,681,-0.0171521091464848,0.744510978043912,-0.0128140703517588,0.760479041916168,FALSE,FALSE
0.75,682,0.121955654391219,0.029940119760479,0.081105527638191,0.0339321357285429,TRUE,TRUE
0.75,683,0.0130878765864706,0.834331337325349,0.00748743718592965,0.812375249500998,FALSE,FALSE
0.75,684,0.0660906482554811,0.265469061876248,0.0234673366834171,0.231536926147705,FALSE,FALSE
0.75,685,0.137182422650994,0.00998003992015968,0.0901005025125628,0.0119760479041916,TRUE,TRUE
0.75,686,0.145138366809533,0.00399201596806387,0.0966834170854271,0.00399201596806387,TRUE,TRUE
0.75,687,0.0231833674150849,0.68063872255489,0.0133165829145729,0.678642714570858,FALSE,FALSE
0.75,688,-0.00390906921015622,0.94810379241517,-0.00296482412060301,0.946107784431138,FALSE,FALSE
0.75,689,-0.0319269543570492,0.586826347305389,-0.0237688442211055,0.568862275449102,FALSE,FALSE
0.75,690,-0.0679417794604291,0.239520958083832,-0.0358291457286432,0.249500998003992,FALSE,FALSE
0.75,691,-0.0492554447844213,0.407185628742515,-0.0287939698492462,0.365269461077844,FALSE,FALSE
0.75,692,-0.0581220012696751,0.285429141716567,-0.0434170854271357,0.243512974051896,FALSE,FALSE
0.75,693,0.0554171456642973,0.325349301397206,0.0392964824120603,0.333333333333333,FALSE,FALSE
0.75,694,0.0206864315454186,0.722554890219561,0.0116582914572864,0.716566866267465,FALSE,FALSE
0.75,695,0.086468077179967,0.155688622754491,0.025678391959799,0.13373253493014,FALSE,FALSE
0.75,696,-0.0853397478778011,0.139720558882236,-0.0303015075376884,0.121756487025948,FALSE,FALSE
0.75,697,0.0676930364611496,0.189620758483034,0.0391959798994975,0.225548902195609,FALSE,FALSE
0.75,698,0.00403693424809989,0.934131736526946,0.0028643216080402,0.946107784431138,FALSE,FALSE
0.75,699,0.0797000370958673,0.153692614770459,0.0587437185929648,0.151696606786427,FALSE,FALSE
0.75,700,-0.136816192572443,0.0119760479041916,-0.0847738693467337,0.0119760479041916,TRUE,TRUE
0.75,701,0.0889194360311635,0.093812375249501,0.0590954773869347,0.105788423153693,FALSE,FALSE
0.75,702,0.075788111015203,0.165668662674651,0.0372361809045226,0.177644710578842,FALSE,FALSE
0.75,703,0.118495644373706,0.0459081836327345,0.0615075376884422,0.031936127744511,TRUE,TRUE
0.75,704,-0.1752516072077,0.00199600798403194,-0.114673366834171,0.00399201596806387,TRUE,TRUE
0.75,705,-0.00267351234779232,0.964071856287425,-0.00211055276381909,0.954091816367265,FALSE,FALSE
0.75,706,-0.119703926731771,0.029940119760479,-0.0762311557788945,0.0259481037924152,TRUE,TRUE
0.75,707,-0.0710697576609854,0.233532934131737,-0.0344221105527638,0.17564870259481,FALSE,FALSE
0.75,708,-0.0534979616346152,0.329341317365269,-0.0319095477386935,0.359281437125749,FALSE,FALSE
0.75,709,-0.0839015874530499,0.127744510978044,-0.0496482412060302,0.129740518962076,FALSE,FALSE
0.75,710,-0.0106446566603671,0.830339321357285,-0.00849246231155779,0.832335329341317,FALSE,FALSE
0.75,711,-0.0839328374288149,0.111776447105788,-0.0679899497487437,0.121756487025948,FALSE,FALSE
0.75,712,0.0289836350280903,0.636726546906188,0.018643216080402,0.580838323353293,FALSE,FALSE
0.75,713,0.0922237171148926,0.0738522954091816,0.0594472361809045,0.0858283433133733,FALSE,FALSE
0.75,714,-0.0698850368287113,0.205588822355289,-0.0441708542713568,0.173652694610778,FALSE,FALSE
0.75,715,0.214150204386141,0.00199600798403194,0.126281407035176,0.00199600798403194,TRUE,TRUE
0.75,716,-0.0110035781771073,0.854291417165669,-0.00653266331658291,0.842315369261477,FALSE,FALSE
0.75,717,0.212645620225146,0.00199600798403194,0.142763819095477,0.00199600798403194,TRUE,TRUE
0.75,718,0.108546003722407,0.0439121756487026,0.0470854271356784,0.0758483033932136,TRUE,FALSE
0.75,719,0.0246857432635984,0.666666666666667,0.0155778894472362,0.660678642714571,FALSE,FALSE
0.75,720,0.0265816634515873,0.63872255489022,0.0215075376884422,0.636726546906188,FALSE,FALSE
0.75,721,-0.113267286710187,0.0538922155688623,-0.0662814070351759,0.0379241516966068,FALSE,TRUE
0.75,722,0.0826082709531005,0.119760479041916,0.0550251256281407,0.117764471057884,FALSE,FALSE
0.75,723,-0.167590865899934,0.00399201596806387,-0.121457286432161,0.00399201596806387,TRUE,TRUE
0.75,724,0.0468537101916893,0.419161676646707,0.0339195979899497,0.385229540918164,FALSE,FALSE
0.75,725,0.069174717325293,0.245508982035928,0.0428643216080402,0.233532934131737,FALSE,FALSE
0.75,726,0.0602653014371855,0.267465069860279,0.044572864321608,0.279441117764471,FALSE,FALSE
0.75,727,0.0301163880570754,0.590818363273453,0.0156281407035176,0.602794411177645,FALSE,FALSE
0.75,728,0.0970962374967747,0.0658682634730539,0.0775376884422111,0.0678642714570858,FALSE,FALSE
0.75,729,-0.145373930556221,0.0119760479041916,-0.0905527638190955,0.0119760479041916,TRUE,TRUE
0.75,730,0.0457243649143473,0.393213572854291,0.0362814070351759,0.407185628742515,FALSE,FALSE
0.75,731,0.182273127289341,0.00399201596806387,0.0998492462311558,0.00399201596806387,TRUE,TRUE
0.75,732,-0.190010297774697,0.00399201596806387,-0.130402010050251,0.00199600798403194,TRUE,TRUE
0.75,733,0.100336195047794,0.0978043912175649,0.0588442211055276,0.0798403193612774,FALSE,FALSE
0.75,734,-0.022005955415377,0.704590818363273,-0.0160804020100502,0.676646706586826,FALSE,FALSE
0.75,735,-0.145962909106894,0.00598802395209581,-0.110402010050251,0.00399201596806387,TRUE,TRUE
0.75,736,0.0751872089165383,0.189620758483034,0.0474874371859296,0.223552894211577,FALSE,FALSE
0.75,737,-0.0192813413240708,0.770459081836327,-0.0107537688442211,0.712574850299401,FALSE,FALSE
0.75,738,0.102057314356158,0.0738522954091816,0.0653768844221106,0.06187624750499,FALSE,FALSE
0.75,739,0.142628961356543,0.0159680638722555,0.087286432160804,0.0139720558882236,TRUE,TRUE
0.75,740,-0.0306672257639399,0.584830339321357,-0.0170854271356784,0.550898203592814,FALSE,FALSE
0.75,741,0.109470315274549,0.0419161676646707,0.0761809045226131,0.0359281437125748,TRUE,TRUE
0.75,742,-0.083463992344253,0.109780439121756,-0.0650753768844221,0.107784431137725,FALSE,FALSE
0.75,743,-0.0785792084739268,0.155688622754491,-0.0394472361809045,0.135728542914172,FALSE,FALSE
0.75,744,0.0903361161550466,0.0918163672654691,0.062713567839196,0.0978043912175649,FALSE,FALSE
0.75,745,-0.0561033747167136,0.313373253493014,-0.0442713567839196,0.267465069860279,FALSE,FALSE
0.75,746,0.0300163022964321,0.584830339321357,0.0236683417085427,0.544910179640719,FALSE,FALSE
0.75,747,0.105695783900839,0.0718562874251497,0.0492462311557789,0.0698602794411178,FALSE,FALSE
0.75,748,0.012826856245666,0.826347305389222,0.00869346733668342,0.800399201596806,FALSE,FALSE
0.75,749,-0.00064190636654123,0.988023952095808,-0.000452261306532662,0.99001996007984,FALSE,FALSE
0.75,750,0.0138286925092958,0.812375249500998,0.00472361809045226,0.798403193612774,FALSE,FALSE
0.75,751,-0.068497886776865,0.207584830339321,-0.038643216080402,0.233532934131737,FALSE,FALSE
0.75,752,-0.0465751318123813,0.421157684630739,-0.0261306532663317,0.393213572854291,FALSE,FALSE
0.75,753,-0.0357117995482266,0.558882235528942,-0.0148241206030151,0.548902195608782,FALSE,FALSE
0.75,754,0.18532232304345,0.00199600798403194,0.104773869346734,0.00199600798403194,TRUE,TRUE
0.75,755,-0.110916897045754,0.0538922155688623,-0.0721105527638191,0.0439121756487026,FALSE,TRUE
0.75,756,0.0657850694770407,0.231536926147705,0.0423618090452261,0.235528942115768,FALSE,FALSE
0.75,757,-0.0548951046164179,0.36127744510978,-0.0284924623115578,0.311377245508982,FALSE,FALSE
0.75,758,0.0336102024895695,0.536926147704591,0.0246733668341709,0.520958083832335,FALSE,FALSE
0.75,759,0.114022735721924,0.0379241516966068,0.0600502512562814,0.0419161676646707,TRUE,TRUE
0.75,760,0.106782906598506,0.0538922155688623,0.0795979899497487,0.029940119760479,FALSE,TRUE
0.75,761,0.141500325160565,0.00598802395209581,0.088643216080402,0.00998003992015968,TRUE,TRUE
0.75,762,0.0564526214918395,0.281437125748503,0.0318090452261307,0.345309381237525,FALSE,FALSE
0.75,763,0.0547439960399235,0.305389221556886,0.0313065326633166,0.297405189620758,FALSE,FALSE
0.75,764,-0.107199383738561,0.0598802395209581,-0.0643718592964824,0.0578842315369262,FALSE,FALSE
0.75,765,-0.175408789071837,0.00199600798403194,-0.0977889447236181,0.00598802395209581,TRUE,TRUE
0.75,766,-0.0375205946026804,0.477045908183633,-0.0301005025125628,0.493013972055888,FALSE,FALSE
0.75,767,0.0187811451955244,0.712574850299401,0.0163819095477387,0.704590818363273,FALSE,FALSE
0.75,768,-0.0230493193358897,0.660678642714571,-0.0159798994974874,0.668662674650699,FALSE,FALSE
0.75,769,-0.0999530102778666,0.0598802395209581,-0.0712562814070352,0.0439121756487026,FALSE,TRUE
0.75,770,0.03624605471152,0.520958083832335,0.0247236180904523,0.500998003992016,FALSE,FALSE
0.75,771,-0.208793347116093,0.00199600798403194,-0.142211055276382,0.00199600798403194,TRUE,TRUE
0.75,772,-0.11917248284071,0.0339321357285429,-0.0773366834170854,0.0259481037924152,TRUE,TRUE
0.75,773,0.0013233987559237,0.986027944111776,0.000653266331658289,0.978043912175649,FALSE,FALSE
0.75,774,-0.0130117169898594,0.802395209580838,-0.00964824120603015,0.776447105788423,FALSE,FALSE
0.75,775,-0.0268107996011122,0.640718562874252,-0.0178894472361809,0.62874251497006,FALSE,FALSE
0.75,776,-0.0505839124256201,0.317365269461078,-0.0389447236180904,0.321357285429142,FALSE,FALSE
0.75,777,-0.0676011870770424,0.215568862275449,-0.0442713567839196,0.235528942115768,FALSE,FALSE
0.75,778,0.0155641629697984,0.798403193612774,0.010251256281407,0.770459081836327,FALSE,FALSE
0.75,779,-0.0638166899212691,0.273453093812375,-0.0464321608040201,0.203592814371257,FALSE,FALSE
0.75,780,0.196944773513941,0.00399201596806387,0.127989949748744,0.00199600798403194,TRUE,TRUE
0.75,781,-0.149555153543462,0.0139720558882236,-0.0886934673366834,0.00998003992015968,TRUE,TRUE
0.75,782,-0.090406079701189,0.0918163672654691,-0.0635175879396985,0.109780439121756,FALSE,FALSE
0.75,783,-0.0459178449575551,0.397205588822355,-0.035929648241206,0.401197604790419,FALSE,FALSE
0.75,784,0.109004698854098,0.0518962075848303,0.0598994974874372,0.0399201596806387,FALSE,TRUE
0.75,785,0.10042085441444,0.0698602794411178,0.0559798994974874,0.0678642714570858,FALSE,FALSE
0.75,786,0.113533513627526,0.063872255489022,0.0507035175879397,0.0419161676646707,FALSE,TRUE
0.75,787,0.063542737280522,0.271457085828343,0.0324623115577889,0.25748502994012,FALSE,FALSE
0.75,788,0.0825255074237529,0.13373253493014,0.0621608040201005,0.109780439121756,FALSE,FALSE
0.75,789,0.133851686174766,0.0159680638722555,0.0927638190954774,0.0199600798403194,TRUE,TRUE
0.75,790,0.19144230857761,0.00399201596806387,0.124020100502513,0.00399201596806387,TRUE,TRUE
0.75,791,0.106706870131354,0.0778443113772455,0.0747236180904523,0.0538922155688623,FALSE,FALSE
0.75,792,0.0374470932146027,0.524950099800399,0.019748743718593,0.506986027944112,FALSE,FALSE
0.75,793,0.0196672911542341,0.746506986027944,0.0147738693467337,0.694610778443114,FALSE,FALSE
0.75,794,-0.23837369226125,0.00199600798403194,-0.179145728643216,0.00199600798403194,TRUE,TRUE
0.75,795,0.0159548356369073,0.772455089820359,0.00743718592964824,0.780439121756487,FALSE,FALSE
0.75,796,-0.100203302518899,0.0738522954091816,-0.0368341708542714,0.0918163672654691,FALSE,FALSE
0.75,797,-0.147951294713149,0.00598802395209581,-0.0896482412060302,0.00598802395209581,TRUE,TRUE
0.75,798,-0.0202953743973804,0.694610778443114,-0.0158793969849246,0.682634730538922,FALSE,FALSE
0.75,799,-0.0631735671798757,0.265469061876248,-0.0373366834170854,0.273453093812375,FALSE,FALSE
0.75,800,0.127761930699611,0.0239520958083832,0.0888442211055276,0.0159680638722555,TRUE,TRUE
0.75,801,0.020223669148682,0.740518962075848,0.0147738693467337,0.714570858283433,FALSE,FALSE
0.75,802,0.0228693332950339,0.672654690618762,0.0134170854271357,0.69061876247505,FALSE,FALSE
0.75,803,-0.0928828760034924,0.0818363273453094,-0.0623115577889447,0.115768463073852,FALSE,FALSE
0.75,804,0.0523927629536965,0.31936127744511,0.0364321608040201,0.375249500998004,FALSE,FALSE
0.75,805,-0.0601326904688042,0.245508982035928,-0.041356783919598,0.273453093812375,FALSE,FALSE
0.75,806,-0.0527971491288082,0.365269461077844,-0.0413065326633166,0.331337325349301,FALSE,FALSE
0.75,807,-0.0101637575013469,0.858283433133733,-0.00527638190954774,0.850299401197605,FALSE,FALSE
0.75,808,0.0346603343437854,0.49500998003992,0.0275376884422111,0.500998003992016,FALSE,FALSE
0.75,809,0.0368548646913546,0.522954091816367,0.0281909547738693,0.499001996007984,FALSE,FALSE
0.75,810,0.121390620618472,0.029940119760479,0.0737185929648241,0.0518962075848303,TRUE,FALSE
0.75,811,0.128555448574504,0.029940119760479,0.0777386934673367,0.0139720558882236,TRUE,TRUE
0.75,812,0.116522580347101,0.0339321357285429,0.0648241206030151,0.0239520958083832,TRUE,TRUE
0.75,813,-0.00788489161017408,0.904191616766467,-0.00422110552763819,0.880239520958084,FALSE,FALSE
0.75,814,-0.112825063541173,0.0439121756487026,-0.0594974874371859,0.0339321357285429,TRUE,TRUE
0.75,815,0.015108301688683,0.796407185628742,0.00964824120603015,0.790419161676647,FALSE,FALSE
0.75,816,0.0522048467901933,0.409181636726547,0.0279396984924623,0.377245508982036,FALSE,FALSE
0.75,817,0.236255281834871,0.00199600798403194,0.130402010050251,0.00199600798403194,TRUE,TRUE
0.75,818,-0.115269468242263,0.0399201596806387,-0.0925628140703518,0.031936127744511,TRUE,TRUE
0.75,819,-0.0637307550091699,0.269461077844311,-0.0432663316582915,0.2375249500998,FALSE,FALSE
0.75,820,0.015223811366543,0.784431137724551,0.0103015075376884,0.806387225548902,FALSE,FALSE
0.75,821,0.137280107756362,0.0139720558882236,0.100954773869347,0.00998003992015968,TRUE,TRUE
0.75,822,0.0108294094345579,0.854291417165669,0.00819095477386934,0.820359281437126,FALSE,FALSE
0.75,823,0.286178861912677,0.00199600798403194,0.124874371859296,0.00199600798403194,TRUE,TRUE
0.75,824,0.0477645444127675,0.42315369261477,0.022713567839196,0.425149700598802,FALSE,FALSE
0.75,825,0.0488942294329057,0.399201596806387,0.019748743718593,0.373253493013972,FALSE,FALSE
0.75,826,-0.217737167927905,0.00199600798403194,-0.125829145728643,0.00199600798403194,TRUE,TRUE
0.75,827,-0.0878787652557953,0.125748502994012,-0.0392462311557789,0.111776447105788,FALSE,FALSE
0.75,828,0.0406920995353639,0.43313373253493,0.0316582914572864,0.429141716566866,FALSE,FALSE
0.75,829,0.0374643734625558,0.526946107784431,0.0271859296482412,0.500998003992016,FALSE,FALSE
0.75,830,0.00771258315948177,0.890219560878243,0.00487437185929648,0.904191616766467,FALSE,FALSE
0.75,831,0.0159246443305434,0.736526946107784,0.0101507537688442,0.808383233532934,FALSE,FALSE
0.75,832,0.129145017517249,0.031936127744511,0.0882412060301507,0.0139720558882236,TRUE,TRUE
0.75,833,0.033521881642828,0.542914171656687,0.021608040201005,0.512974051896208,FALSE,FALSE
0.75,834,0.0533449966809422,0.279441117764471,0.0368341708542714,0.303393213572854,FALSE,FALSE
0.75,835,-0.103488304522018,0.0738522954091816,-0.0627638190954774,0.06187624750499,FALSE,FALSE
0.75,836,-0.139548657159445,0.0199600798403194,-0.0819095477386935,0.0159680638722555,TRUE,TRUE
0.75,837,-0.0432419478941639,0.419161676646707,-0.0238190954773869,0.449101796407186,FALSE,FALSE
0.75,838,0,1,0,1,FALSE,FALSE
0.75,839,-0.260260670981632,0.00199600798403194,-0.116231155778894,0.00199600798403194,TRUE,TRUE
0.75,840,0.115268359796813,0.0279441117764471,0.0870854271356784,0.0339321357285429,TRUE,TRUE
0.75,841,0.0228709713383954,0.684630738522954,0.0118592964824121,0.692614770459082,FALSE,FALSE
0.75,842,0.0978516894408972,0.0698602794411178,0.0614070351758794,0.0678642714570858,FALSE,FALSE
0.75,843,-0.115365280696073,0.0219560878243513,-0.0880402010050251,0.0359281437125748,TRUE,TRUE
0.75,844,-0.00402443260455674,0.944111776447106,-0.00236180904522613,0.93812375249501,FALSE,FALSE
0.75,845,-0.0778592513203231,0.139720558882236,-0.0477889447236181,0.137724550898204,FALSE,FALSE
0.75,846,-0.0196296895883158,0.718562874251497,-0.0161809045226131,0.698602794411178,FALSE,FALSE
0.75,847,-0.00827878049939492,0.902195608782435,-0.0049748743718593,0.88622754491018,FALSE,FALSE
0.75,848,-0.0185568381649274,0.732534930139721,-0.0139195979899498,0.744510978043912,FALSE,FALSE
0.75,849,0.048136913853495,0.367265469061876,0.0288442211055276,0.393213572854291,FALSE,FALSE
0.75,850,0.0743433179458849,0.167664670658683,0.0555276381909548,0.163672654690619,FALSE,FALSE
0.75,851,-0.0694792018737863,0.243512974051896,-0.0485929648241206,0.223552894211577,FALSE,FALSE
0.75,852,0.292175022299666,0.00199600798403194,0.191457286432161,0.00199600798403194,TRUE,TRUE
0.75,853,0.0907533443756804,0.0878243512974052,0.0717085427135678,0.0838323353293413,FALSE,FALSE
0.75,854,-0.150551842236461,0.00598802395209581,-0.125879396984925,0.00598802395209581,TRUE,TRUE
0.75,855,-0.102946386437756,0.0658682634730539,-0.0557286432160804,0.0598802395209581,FALSE,FALSE
0.75,856,-0.100710487098446,0.0778443113772455,-0.0618090452261307,0.0698602794411178,FALSE,FALSE
0.75,857,0.150159198214538,0.00598802395209581,0.098391959798995,0.00399201596806387,TRUE,TRUE
0.75,858,-0.114707381436084,0.0419161676646707,-0.0831155778894472,0.0199600798403194,TRUE,TRUE
0.75,859,-0.0215248269555763,0.692614770459082,-0.0144723618090452,0.738522954091816,FALSE,FALSE
0.75,860,-0.327949925209434,0.00199600798403194,-0.220502512562814,0.00199600798403194,TRUE,TRUE
0.75,861,0.0871985909967768,0.12375249500998,0.0566331658291457,0.12375249500998,FALSE,FALSE
0.75,862,0.0165021228218299,0.792415169660679,0.00814070351758794,0.766467065868264,FALSE,FALSE
0.75,863,0.0818259512136267,0.13373253493014,0.0574874371859296,0.101796407185629,FALSE,FALSE
0.75,864,0.187275887399974,0.00199600798403194,0.0872361809045226,0.00199600798403194,TRUE,TRUE
0.75,865,0.0423511412018009,0.453093812375249,0.025427135678392,0.457085828343313,FALSE,FALSE
0.75,866,0.08503319961994,0.127744510978044,0.0473869346733668,0.121756487025948,FALSE,FALSE
0.75,867,0.0211903161814958,0.674650698602794,0.017035175879397,0.708582834331337,FALSE,FALSE
0.75,868,0.0559351955967238,0.273453093812375,0.0422110552763819,0.295409181636727,FALSE,FALSE
0.75,869,0.0105292484428773,0.820359281437126,0.00603015075376884,0.848303393213573,FALSE,FALSE
0.75,870,0.0353883336186023,0.520958083832335,0.0275376884422111,0.499001996007984,FALSE,FALSE
0.75,871,-0.140945006567551,0.0139720558882236,-0.075427135678392,0.0179640718562874,TRUE,TRUE
0.75,872,0.0629509753156917,0.24750499001996,0.0321608040201005,0.273453093812375,FALSE,FALSE
0.75,873,0.127751786223649,0.0279441117764471,0.0848241206030151,0.0239520958083832,TRUE,TRUE
0.75,874,-0.0610443399012907,0.271457085828343,-0.0450251256281407,0.249500998003992,FALSE,FALSE
0.75,875,-0.161973581819381,0.00399201596806387,-0.13035175879397,0.00598802395209581,TRUE,TRUE
0.75,876,-0.0762948156995224,0.119760479041916,-0.0602010050251256,0.181636726546906,FALSE,FALSE
0.75,877,-0.0229425596379626,0.692614770459082,-0.0109045226130653,0.704590818363273,FALSE,FALSE
0.75,878,0.193944930745878,0.00399201596806387,0.0783417085427136,0.00199600798403194,TRUE,TRUE
0.75,879,-0.0445803221990909,0.37125748502994,-0.0328643216080402,0.397205588822355,FALSE,FALSE
0.75,880,0.0840307081598974,0.153692614770459,0.057286432160804,0.125748502994012,FALSE,FALSE
0.75,881,0.0644009594434514,0.25748502994012,0.0472361809045226,0.227544910179641,FALSE,FALSE
0.75,882,0.0688235491923018,0.245508982035928,0.0374874371859297,0.265469061876248,FALSE,FALSE
0.75,883,-0.10142370831447,0.0698602794411178,-0.0534673366834171,0.0698602794411178,FALSE,FALSE
0.75,884,0.0517341389950678,0.375249500998004,0.0280904522613065,0.389221556886228,FALSE,FALSE
0.75,885,-0.218485574394367,0.00199600798403194,-0.170854271356784,0.00199600798403194,TRUE,TRUE
0.75,886,0.0672562421642823,0.243512974051896,0.0447236180904523,0.217564870259481,FALSE,FALSE
0.75,887,0.0468685359644291,0.391217564870259,0.0365829145728643,0.375249500998004,FALSE,FALSE
0.75,888,0.0307468408248907,0.562874251497006,0.0218090452261307,0.574850299401198,FALSE,FALSE
0.75,889,-0.122518144426747,0.0219560878243513,-0.0808542713567839,0.0359281437125748,TRUE,TRUE
0.75,890,-0.107499227816175,0.0558882235528942,-0.0659798994974874,0.0479041916167665,FALSE,TRUE
0.75,891,-0.0535778511277104,0.339321357285429,-0.0340201005025126,0.271457085828343,FALSE,FALSE
0.75,892,-0.0325870337119675,0.552894211576846,-0.0239698492462312,0.530938123752495,FALSE,FALSE
0.75,893,0.00433812848434216,0.94810379241517,0.00301507537688442,0.944111776447106,FALSE,FALSE
0.75,894,-0.130434326816171,0.0179640718562874,-0.0825125628140704,0.0159680638722555,TRUE,TRUE
0.75,895,0.0332144954829117,0.614770459081836,0.0205025125628141,0.558882235528942,FALSE,FALSE
0.75,896,-0.0890425398384323,0.0918163672654691,-0.0615577889447236,0.0958083832335329,FALSE,FALSE
0.75,897,-0.0113315347405575,0.840319361277445,-0.00778894472361809,0.858283433133733,FALSE,FALSE
0.75,898,0.00273491888295136,0.960079840319361,0.00175879396984925,0.960079840319361,FALSE,FALSE
0.75,899,0.0304583404713105,0.616766467065868,0.0104020100502513,0.622754491017964,FALSE,FALSE
0.75,900,-0.0316827468872745,0.540918163672655,-0.0260301507537688,0.562874251497006,FALSE,FALSE
0.75,901,0.0668192805312766,0.199600798403194,0.0446733668341709,0.231536926147705,FALSE,FALSE
0.75,902,-0.168290823282782,0.00399201596806387,-0.112412060301508,0.00399201596806387,TRUE,TRUE
0.75,903,-0.0408618727090259,0.481037924151697,-0.0197989949748744,0.48502994011976,FALSE,FALSE
0.75,904,0.0274801506507266,0.602794411177645,0.0125125628140704,0.594810379241517,FALSE,FALSE
0.75,905,0.0115001066711518,0.826347305389222,0.0085929648241206,0.852295409181637,FALSE,FALSE
0.75,906,-0.00704963145581741,0.904191616766467,-0.00502512562814071,0.900199600798403,FALSE,FALSE
0.75,907,0.0383358628719665,0.506986027944112,0.0198994974874372,0.534930139720559,FALSE,FALSE
0.75,908,-0.0926497064502664,0.0798403193612774,-0.0605025125628141,0.101796407185629,FALSE,FALSE
0.75,909,0.11185548001259,0.0578842315369262,0.0734170854271357,0.0399201596806387,FALSE,TRUE
0.75,910,0.00148667468436836,0.978043912175649,0.00130653266331658,0.966067864271457,FALSE,FALSE
0.75,911,0.201810665978456,0.00199600798403194,0.132763819095477,0.00199600798403194,TRUE,TRUE
0.75,912,0.0543389140084712,0.323353293413174,0.0322613065326633,0.359281437125749,FALSE,FALSE
0.75,913,0.0969363113957868,0.0598802395209581,0.0705025125628141,0.0758483033932136,FALSE,FALSE
0.75,914,0.0389970201148406,0.473053892215569,0.0248743718592965,0.441117764471058,FALSE,FALSE
0.75,915,-0.0830608870896772,0.109780439121756,-0.0629145728643216,0.101796407185629,FALSE,FALSE
0.75,916,-0.17745095548895,0.00199600798403194,-0.133266331658291,0.00199600798403194,TRUE,TRUE
0.75,917,0.00856029347559216,0.878243512974052,0.00597989949748743,0.868263473053892,FALSE,FALSE
0.75,918,0.167530621297361,0.00199600798403194,0.130251256281407,0.00399201596806387,TRUE,TRUE
0.75,919,0.0324281871569543,0.55688622754491,0.0252763819095477,0.592814371257485,FALSE,FALSE
0.75,920,-0.0724789899440422,0.205588822355289,-0.0308542713567839,0.201596806387226,FALSE,FALSE
0.75,921,-0.0700941193717498,0.211576846307385,-0.0459798994974874,0.181636726546906,FALSE,FALSE
0.75,922,0.0481291505638308,0.335329341317365,0.0390954773869347,0.391217564870259,FALSE,FALSE
0.75,923,-0.0207363387687267,0.688622754491018,-0.0146733668341709,0.716566866267465,FALSE,FALSE
0.75,924,-0.0707427472908764,0.219560878243513,-0.0366834170854271,0.211576846307385,FALSE,FALSE
0.75,925,0.00355207928062012,0.960079840319361,0.00206030150753769,0.950099800399202,FALSE,FALSE
0.75,926,0.0823606230004265,0.121756487025948,0.0622110552763819,0.121756487025948,FALSE,FALSE
0.75,927,0.0635698180513893,0.209580838323353,0.0462814070351759,0.255489021956088,FALSE,FALSE
0.75,928,0.103913074549099,0.0698602794411178,0.0719095477386935,0.0658682634730539,FALSE,FALSE
0.75,929,-0.0617569287419701,0.265469061876248,-0.0393969849246231,0.261477045908184,FALSE,FALSE
0.75,930,0.0337729673960437,0.568862275449102,0.0237688442211055,0.518962075848303,FALSE,FALSE
0.75,931,0.103745201775825,0.06187624750499,0.0521105527638191,0.0578842315369262,FALSE,FALSE
0.75,932,-0.0905063841106963,0.0758483033932136,-0.0617587939698492,0.093812375249501,FALSE,FALSE
0.75,933,0.0523413446994326,0.349301397205589,0.0258291457286432,0.369261477045908,FALSE,FALSE
0.75,934,0.0779025668967865,0.165668662674651,0.0506030150753769,0.13373253493014,FALSE,FALSE
0.75,935,0.0284895662696996,0.560878243512974,0.0150251256281407,0.616766467065868,FALSE,FALSE
0.75,936,0.410373173359147,0.00199600798403194,0.275628140703518,0.00199600798403194,TRUE,TRUE
0.75,937,-0.0067764067144262,0.880239520958084,-0.00562814070351759,0.900199600798403,FALSE,FALSE
0.75,938,-0.164800024379844,0.00399201596806387,-0.131155778894472,0.00199600798403194,TRUE,TRUE
0.75,939,0.0158967112023347,0.818363273453094,0.00386934673366834,0.782435129740519,FALSE,FALSE
0.75,940,-0.133010806302926,0.0239520958083832,-0.0892964824120603,0.0219560878243513,TRUE,TRUE
0.75,941,-0.0386228819114474,0.44311377245509,-0.0317587939698492,0.48502994011976,FALSE,FALSE
0.75,942,0.0319040577501127,0.550898203592814,0.0192462311557789,0.608782435129741,FALSE,FALSE
0.75,943,-0.0773056119642603,0.187624750499002,-0.0473869346733668,0.153692614770459,FALSE,FALSE
0.75,944,-0.0543993126750638,0.311377245508982,-0.04,0.29940119760479,FALSE,FALSE
0.75,945,-0.142495726115344,0.00998003992015968,-0.116834170854271,0.00598802395209581,TRUE,TRUE
0.75,946,0.0888386098118382,0.0978043912175649,0.058391959798995,0.11377245508982,FALSE,FALSE
0.75,947,0.134424341528825,0.0159680638722555,0.0815075376884422,0.0179640718562874,TRUE,TRUE
0.75,948,0.0673370760676843,0.221556886227545,0.0449246231155779,0.187624750499002,FALSE,FALSE
0.75,949,0.0303791080975851,0.584830339321357,0.0198492462311558,0.626746506986028,FALSE,FALSE
0.75,950,-0.109919357103361,0.0439121756487026,-0.0846733668341709,0.0439121756487026,TRUE,TRUE
0.75,951,0.100784254840351,0.0758483033932136,0.0720603015075377,0.0798403193612774,FALSE,FALSE
0.75,952,-0.0456417213070488,0.427145708582834,-0.0331155778894472,0.403193612774451,FALSE,FALSE
0.75,953,0.231720207973651,0.00199600798403194,0.155979899497487,0.00199600798403194,TRUE,TRUE
0.75,954,-0.042728001130704,0.395209580838323,-0.032713567839196,0.427145708582834,FALSE,FALSE
0.75,955,-0.0444082789785799,0.457085828343313,-0.0314572864321608,0.421157684630739,FALSE,FALSE
0.75,956,0.0111049873644636,0.848303393213573,0.00517587939698492,0.852295409181637,FALSE,FALSE
0.75,957,0.108293612339568,0.0479041916167665,0.0690954773869347,0.0479041916167665,TRUE,TRUE
0.75,958,-0.102441659432435,0.0898203592814371,-0.051105527638191,0.0798403193612774,FALSE,FALSE
0.75,959,-0.0817326310806708,0.117764471057884,-0.0506532663316583,0.117764471057884,FALSE,FALSE
0.75,960,0.0621728468156584,0.227544910179641,0.0381407035175879,0.275449101796407,FALSE,FALSE
0.75,961,0.0785290253853481,0.145708582834331,0.0606532663316583,0.173652694610778,FALSE,FALSE
0.75,962,-0.146053841499835,0.00199600798403194,-0.115527638190955,0.00399201596806387,TRUE,TRUE
0.75,963,-0.132068295823995,0.0219560878243513,-0.0703015075376884,0.0179640718562874,TRUE,TRUE
0.75,964,0.0238061486835752,0.652694610778443,0.0184422110552764,0.630738522954092,FALSE,FALSE
0.75,965,-0.146466423716592,0.00598802395209581,-0.115929648241206,0.00798403193612774,TRUE,TRUE
0.75,966,0.0682655273272209,0.189620758483034,0.0516582914572864,0.207584830339321,FALSE,FALSE
0.75,967,-0.0317346867197286,0.554890219560878,-0.0227638190954774,0.546906187624751,FALSE,FALSE
0.75,968,0.114555176609678,0.0419161676646707,0.0761809045226131,0.0379241516966068,TRUE,TRUE
0.75,969,0.134256714171839,0.0159680638722555,0.0831155778894472,0.0199600798403194,TRUE,TRUE
0.75,970,-0.00500244306169012,0.926147704590818,-0.00271356783919598,0.934131736526946,FALSE,FALSE
0.75,971,0.253213135252446,0.00199600798403194,0.179246231155779,0.00199600798403194,TRUE,TRUE
0.75,972,0.24748617451405,0.00199600798403194,0.178241206030151,0.00199600798403194,TRUE,TRUE
0.75,973,0.017930417420476,0.768463073852295,0.0113065326633166,0.770459081836327,FALSE,FALSE
0.75,974,0.047264701608656,0.365269461077844,0.021105527638191,0.391217564870259,FALSE,FALSE
0.75,975,-0.224065062618934,0.00199600798403194,-0.167839195979899,0.00199600798403194,TRUE,TRUE
0.75,976,0.0085167759120942,0.884231536926148,0.00462311557788945,0.888223552894212,FALSE,FALSE
0.75,977,-0.0227268753947097,0.658682634730539,-0.0169346733668342,0.654690618762475,FALSE,FALSE
0.75,978,-0.12939561379346,0.0199600798403194,-0.111457286432161,0.0139720558882236,TRUE,TRUE
0.75,979,-0.0380626538779028,0.457085828343313,-0.0320100502512563,0.451097804391218,FALSE,FALSE
0.75,980,0.0411037045524178,0.481037924151697,0.0191457286432161,0.465069860279441,FALSE,FALSE
0.75,981,-0.0233383454868765,0.698602794411178,-0.0177386934673367,0.676646706586826,FALSE,FALSE
0.75,982,-0.0180449855973138,0.754491017964072,-0.0143718592964824,0.748502994011976,FALSE,FALSE
0.75,983,0.0604346633233905,0.271457085828343,0.0332663316582915,0.285429141716567,FALSE,FALSE
0.75,984,-0.00632477714186084,0.916167664670659,-0.00306532663316583,0.902195608782435,FALSE,FALSE
0.75,985,-0.179123505980984,0.00199600798403194,-0.0910552763819096,0.00399201596806387,TRUE,TRUE
0.75,986,-0.0273095956056781,0.652694610778443,-0.0124623115577889,0.662674650698603,FALSE,FALSE
0.75,987,0.102632820952758,0.063872255489022,0.0414572864321608,0.0698602794411178,FALSE,FALSE
0.75,988,-0.190724803893909,0.00199600798403194,-0.109246231155779,0.00399201596806387,TRUE,TRUE
0.75,989,0.0718980387857995,0.227544910179641,0.0410552763819095,0.211576846307385,FALSE,FALSE
0.75,990,-0.159404849488541,0.00998003992015968,-0.108241206030151,0.00798403193612774,TRUE,TRUE
0.75,991,-0.0827173213073907,0.147704590818363,-0.0413065326633166,0.161676646706587,FALSE,FALSE
0.75,992,-0.119284079217038,0.0279441117764471,-0.0978391959798995,0.0259481037924152,TRUE,TRUE
0.75,993,-0.160056754955145,0.00598802395209581,-0.0646231155778895,0.00598802395209581,TRUE,TRUE
0.75,994,-0.0857078850656777,0.125748502994012,-0.067286432160804,0.0958083832335329,FALSE,FALSE
0.75,995,0.116416297695041,0.0279441117764471,0.0830653266331658,0.0479041916167665,TRUE,TRUE
0.75,996,-0.0386254832581533,0.493013972055888,-0.0221105527638191,0.48502994011976,FALSE,FALSE
0.75,997,0.106037484884038,0.0718562874251497,0.041608040201005,0.0718562874251497,FALSE,FALSE
0.75,998,0.0718280346290083,0.183632734530938,0.050251256281407,0.199600798403194,FALSE,FALSE
0.75,999,-0.071490446520346,0.19560878243513,-0.048894472361809,0.203592814371257,FALSE,FALSE
0.75,1000,0.105189100859772,0.0538922155688623,0.0708040201005025,0.0518962075848303,FALSE,FALSE
