"delta","replication","statistic","p_value"
0,1,-0.0302010050251256,0.347305389221557
0,2,0.0148241206030151,0.654690618762475
0,3,-0.0183417085427136,0.554890219560878
0,4,-0.0292462311557789,0.369261477045908
0,5,-0.0675376884422111,0.0818363273453094
0,6,0.0389447236180905,0.389221556886228
0,7,-0.0142211055276382,0.704590818363273
0,8,0.0808542713567839,0.0219560878243513
0,9,0.177437185929648,0.00199600798403194
0,10,-0.0385929648241206,0.375249500998004
0,11,0.103467336683417,0.00798403193612774
0,12,0.0548241206030151,0.229540918163673
0,13,-0.061356783919598,0.103792415169661
0,14,-0.0399497487437186,0.341317365269461
0,15,0.0676381909547739,0.0339321357285429
0,16,-0.180502512562814,0.00199600798403194
0,17,-0.0130653266331658,0.806387225548902
0,18,-0.0482412060301508,0.253493013972056
0,19,0.0762814070351759,0.0578842315369262
0,20,0.0349246231155779,0.431137724550898
0,21,-0.00939698492462311,0.826347305389222
0,22,0.0971356783919598,0.0219560878243513
0,23,-0.0180904522613065,0.518962075848303
0,24,-0.0555778894472362,0.159680638722555
0,25,-0.0865829145728643,0.00399201596806387
0,26,-0.0494974874371859,0.241516966067864
0,27,-0.020251256281407,0.43313373253493
0,28,0.011356783919598,0.788423153692615
0,29,0.0341708542713568,0.301397205588822
0,30,0.0905025125628141,0.00798403193612774
0,31,-0.0415577889447236,0.241516966067864
0,32,-0.00447236180904523,0.908183632734531
0,33,0.0631658291457286,0.0199600798403194
0,34,0.0115577889447236,0.776447105788423
0,35,-0.141557788944724,0.00399201596806387
0,36,-0.0383417085427136,0.29940119760479
0,37,-0.0360804020100502,0.317365269461078
0,38,-0.00618090452261306,0.856287425149701
0,39,0.0556281407035176,0.0479041916167665
0,40,0.0241206030150754,0.305389221556886
0,41,-0.000301507537688441,0.996007984031936
0,42,-0.00195979899497487,0.958083832335329
0,43,0.00386934673366834,0.942115768463074
0,44,5.02512562814043e-05,1
0,45,0.00201005025125628,0.964071856287425
0,46,-0.0248241206030151,0.435129740518962
0,47,-0.012713567839196,0.714570858283433
0,48,-0.0183417085427136,0.604790419161677
0,49,-0.0128643216080402,0.62874251497006
0,50,-0.0362814070351759,0.325349301397206
0,51,-0.0444723618090452,0.177644710578842
0,52,0.017286432160804,0.477045908183633
0,53,-0.0372361809045226,0.363273453093812
0,54,-0.0485929648241206,0.103792415169661
0,55,0.0260804020100503,0.469061876247505
0,56,-0.0309045226130653,0.427145708582834
0,57,0.0617587939698492,0.0838323353293413
0,58,-0.0737688442211055,0.0499001996007984
0,59,-0.000301507537688443,0.984031936127745
0,60,0.0593467336683417,0.101796407185629
0,61,0.0496984924623116,0.221556886227545
0,62,0.0333165829145729,0.389221556886228
0,63,0.0124623115577889,0.634730538922156
0,64,0.0565829145728643,0.0359281437125748
0,65,-0.166683417085427,0.00199600798403194
0,66,0.0995477386934673,0.0159680638722555
0,67,-0.0362311557788945,0.37125748502994
0,68,-0.000753768844221105,0.976047904191617
0,69,-0.104221105527638,0.00598802395209581
0,70,-0.0235175879396985,0.542914171656687
0,71,0.0131658291457286,0.746506986027944
0,72,0.102261306532663,0.00199600798403194
0,73,-0.0092462311557789,0.80439121756487
0,74,-0.0929145728643216,0.0139720558882236
0,75,0.0840201005025126,0.0479041916167665
0,76,-0.00753768844221106,0.862275449101796
0,77,-0.0184422110552764,0.453093812375249
0,78,0.114924623115578,0.00199600798403194
0,79,0.00467336683417085,0.790419161676647
0,80,0.0185427135678392,0.36127744510978
0,81,-0.0592964824120603,0.159680638722555
0,82,-0.100603015075377,0.0119760479041916
0,83,0.0379396984924623,0.389221556886228
0,84,-0.100452261306533,0.0199600798403194
0,85,-0.0576884422110553,0.173652694610778
0,86,0.0998492462311558,0.00598802395209581
0,87,-0.0557788944723618,0.101796407185629
0,88,-0.0872361809045226,0.0219560878243513
0,89,-0.110050251256281,0.00199600798403194
0,90,-0.000452261306532659,0.988023952095808
0,91,-0.138643216080402,0.00199600798403194
0,92,-0.0509045226130653,0.205588822355289
0,93,-0.0987939698492462,0.0259481037924152
0,94,0.00552763819095479,0.892215568862275
0,95,-0.0309547738693467,0.353293413173653
0,96,-0.0162814070351759,0.594810379241517
0,97,0.0103015075376884,0.800399201596806
0,98,-0.110502512562814,0.00199600798403194
0,99,-0.0546231155778895,0.191616766467066
0,100,0.0144221105527638,0.726546906187625
0,101,-0.0597989949748744,0.0239520958083832
0,102,-0.000552763819095476,0.99001996007984
0,103,0.012713567839196,0.732534930139721
0,104,0.0375879396984925,0.219560878243513
0,105,-0.058894472361809,0.143712574850299
0,106,-0.0452763819095477,0.265469061876248
0,107,-0.0625125628140703,0.105788423153693
0,108,-0.00447236180904523,0.896207584830339
0,109,-0.00778894472361809,0.836327345309381
0,110,0.0630150753768844,0.0379241516966068
0,111,0.0422613065326633,0.301397205588822
0,112,-0.0577386934673367,0.0998003992015968
0,113,0.0468844221105528,0.139720558882236
0,114,0.0617085427135678,0.0399201596806387
0,115,0.00834170854271357,0.794411177644711
0,116,-0.0923115577889447,0.00998003992015968
0,117,0.00864321608040201,0.734530938123752
0,118,-0.0974874371859296,0.00598802395209581
0,119,-0.0374371859296482,0.271457085828343
0,120,-0.0816582914572864,0.0159680638722555
0,121,-0.0480904522613065,0.171656686626747
0,122,0.0434170854271357,0.127744510978044
0,123,0.0104020100502513,0.730538922155689
0,124,0.0398994974874372,0.179640718562874
0,125,0.0350251256281407,0.287425149700599
0,126,0.00989949748743719,0.758483033932136
0,127,0.0297989949748744,0.427145708582834
0,128,-0.0581909547738693,0.167664670658683
0,129,-0.134723618090452,0.00199600798403194
0,130,-0.136030150753769,0.00199600798403194
0,131,0.0014572864321608,0.972055888223553
0,132,-0.00618090452261307,0.858283433133733
0,133,-0.0219095477386935,0.510978043912176
0,134,0.0496482412060302,0.0658682634730539
0,135,-0.133668341708543,0.00798403193612774
0,136,0.0589447236180905,0.151696606786427
0,137,0.134020100502513,0.00399201596806387
0,138,0.143316582914573,0.00199600798403194
0,139,0.0401005025125628,0.0838323353293413
0,140,-0.00608040201005025,0.810379241516966
0,141,0.0882412060301507,0.00798403193612774
0,142,0.141356783919598,0.00199600798403194
0,143,-0.133517587939699,0.00399201596806387
0,144,-0.0390954773869347,0.273453093812375
0,145,0.00386934673366834,0.904191616766467
0,146,0.0435175879396985,0.301397205588822
0,147,-0.0132663316582915,0.694610778443114
0,148,0.0552763819095477,0.157684630738523
0,149,0.080251256281407,0.0219560878243513
0,150,0.00608040201005025,0.850299401197605
0,151,-0.0335678391959799,0.205588822355289
0,152,0.0996984924623116,0.0159680638722555
0,153,0.0601005025125628,0.169660678642715
0,154,-0.0615577889447236,0.0399201596806387
0,155,-0.00201005025125628,0.914171656686627
0,156,0.0574371859296482,0.00399201596806387
0,157,0.0850753768844221,0.00798403193612774
0,158,0.00125628140703517,0.984031936127745
0,159,0.00115577889447236,0.962075848303393
0,160,0.00135678391959799,0.980039920159681
0,161,0.0654773869346734,0.0978043912175649
0,162,0.0364321608040201,0.425149700598802
0,163,0.0244221105527638,0.530938123752495
0,164,0.0762814070351759,0.063872255489022
0,165,-0.0509547738693467,0.0838323353293413
0,166,-0.103266331658291,0.00998003992015968
0,167,0.052964824120603,0.0838323353293413
0,168,0.0379899497487437,0.241516966067864
0,169,0.0110050251256281,0.766467065868264
0,170,-0.028391959798995,0.477045908183633
0,171,0.0709547738693467,0.029940119760479
0,172,0.0215577889447236,0.491017964071856
0,173,-0.167688442211055,0.00199600798403194
0,174,-0.00487437185929648,0.868263473053892
0,175,0.0217085427135678,0.596806387225549
0,176,-0.0518090452261307,0.179640718562874
0,177,0.00160804020100503,0.964071856287425
0,178,0.00964824120603015,0.772455089820359
0,179,0.000804020100502513,0.976047904191617
0,180,-0.125276381909548,0.00199600798403194
0,181,-0.0210050251256281,0.590818363273453
0,182,0.0057286432160804,0.740518962075848
0,183,0.104974874371859,0.0139720558882236
0,184,-0.0755778894472362,0.0499001996007984
0,185,-0.0403015075376884,0.293413173652695
0,186,-0.0745226130653266,0.0379241516966068
0,187,0.0520100502512563,0.233532934131737
0,188,-0.102211055276382,0.00199600798403194
0,189,0.0373869346733668,0.347305389221557
0,190,-0.00934673366834171,0.790419161676647
0,191,-0.080251256281407,0.0199600798403194
0,192,-0.0694974874371859,0.031936127744511
0,193,-0.0684422110552764,0.107784431137725
0,194,0.114321608040201,0.00598802395209581
0,195,-0.0580402010050251,0.169660678642715
0,196,0.0477386934673367,0.131736526946108
0,197,0.0921608040201005,0.00598802395209581
0,198,-0.0830653266331658,0.0558882235528942
0,199,0.0157788944723618,0.55688622754491
0,200,-0.0668341708542714,0.0698602794411178
0,201,0.0153768844221106,0.646706586826347
0,202,-0.101105527638191,0.0239520958083832
0,203,0.0703015075376884,0.0838323353293413
0,204,-0.0194974874371859,0.461077844311377
0,205,-0.139246231155779,0.00199600798403194
0,206,0.0371859296482412,0.0778443113772455
0,207,-0.111608040201005,0.00399201596806387
0,208,-0.00608040201005025,0.892215568862275
0,209,0.0107035175879397,0.788423153692615
0,210,-0.0314070351758794,0.363273453093812
0,211,0.0666834170854271,0.0219560878243513
0,212,0.0593467336683417,0.0359281437125748
0,213,-0.0692964824120603,0.0399201596806387
0,214,-0.0285929648241206,0.227544910179641
0,215,0.0301507537688442,0.451097804391218
0,216,-0.0344723618090452,0.397205588822355
0,217,-0.0559798994974874,0.147704590818363
0,218,0.0524623115577889,0.13373253493014
0,219,0.0105025125628141,0.790419161676647
0,220,-0.00447236180904523,0.894211576846307
0,221,0.101809045226131,0.00199600798403194
0,222,0.108391959798995,0.00399201596806387
0,223,0.0896984924623116,0.0179640718562874
0,224,-0.00979899497487437,0.786427145708583
0,225,-0.019748743718593,0.558882235528942
0,226,-0.0222613065326633,0.435129740518962
0,227,-0.106582914572864,0.0239520958083832
0,228,-0.014321608040201,0.662674650698603
0,229,0.0310552763819095,0.369261477045908
0,230,-0.0512562814070352,0.18562874251497
0,231,-0.167286432160804,0.00199600798403194
0,232,0.0171859296482412,0.606786427145709
0,233,-0.0657788944723618,0.149700598802395
0,234,0.0173869346733668,0.514970059880239
0,235,-0.0905025125628141,0.0159680638722555
0,236,-0.0147236180904523,0.650698602794411
0,237,0.0560804020100503,0.103792415169661
0,238,0.0424120603015075,0.0838323353293413
0,239,-0.0344221105527638,0.2375249500998
0,240,0.0637185929648241,0.101796407185629
0,241,0.00904522613065327,0.800399201596806
0,242,0.024070351758794,0.25748502994012
0,243,-0.0372361809045226,0.31936127744511
0,244,0.0823618090452261,0.063872255489022
0,245,0.0508542713567839,0.137724550898204
0,246,0.0189447236180905,0.48502994011976
0,247,0.0352261306532663,0.31936127744511
0,248,-0.0887939698492462,0.00798403193612774
0,249,0.0214070351758794,0.469061876247505
0,250,-0.0526130653266332,0.107784431137725
0,251,0.0493467336683417,0.255489021956088
0,252,0.0281407035175879,0.369261477045908
0,253,0.0720603015075377,0.00798403193612774
0,254,-0.0308040201005025,0.397205588822355
0,255,0.000502512562814071,0.99001996007984
0,256,0.0107537688442211,0.660678642714571
0,257,0.0412060301507538,0.219560878243513
0,258,-0.0894472361809045,0.0159680638722555
0,259,-0.0470854271356784,0.245508982035928
0,260,-0.109095477386935,0.00199600798403194
0,261,-0.175025125628141,0.00199600798403194
0,262,-0.0600502512562814,0.0798403193612774
0,263,0.0541206030150754,0.129740518962076
0,264,-0.0408040201005025,0.297405189620758
0,265,-0.021608040201005,0.544910179640719
0,266,0.0168341708542714,0.6187624750499
0,267,-0.0325628140703518,0.327345309381238
0,268,-0.0243718592964824,0.43313373253493
0,269,-0.0463316582914573,0.107784431137725
0,270,-0.191256281407035,0.00199600798403194
0,271,-0.0516582914572864,0.0838323353293413
0,272,-0.00889447236180905,0.776447105788423
0,273,-0.105577889447236,0.00798403193612774
0,274,0.0064321608040201,0.802395209580838
0,275,0.00673366834170854,0.778443113772455
0,276,0.104723618090452,0.00399201596806387
0,277,-0.00201005025125628,0.966067864271457
0,278,-0.105778894472362,0.00998003992015968
0,279,-0.084572864321608,0.00399201596806387
0,280,0.0198994974874372,0.512974051896208
0,281,-0.0135175879396985,0.540918163672655
0,282,0.0812060301507538,0.0119760479041916
0,283,-0.0124623115577889,0.672654690618762
0,284,0.0780904522613065,0.0459081836327345
0,285,0.087286432160804,0.00798403193612774
0,286,0.0514070351758794,0.00199600798403194
0,287,-0.0468844221105528,0.199600798403194
0,288,0.0228643216080402,0.391217564870259
0,289,-0.0250753768844221,0.514970059880239
0,290,0.0441708542713568,0.193612774451098
0,291,-0.0287437185929648,0.425149700598802
0,292,0.0239195979899497,0.606786427145709
0,293,-0.0282914572864322,0.469061876247505
0,294,-0.0324120603015075,0.477045908183633
0,295,0.0871859296482412,0.00399201596806387
0,296,0.000954773869346734,0.978043912175649
0,297,0.00884422110552764,0.860279441117764
0,298,-0.102211055276382,0.00598802395209581
0,299,0.117537688442211,0.00199600798403194
0,300,0.0869346733668342,0.0159680638722555
0,301,0.0448743718592965,0.18562874251497
0,302,0.0342713567839196,0.145708582834331
0,303,0.0461306532663317,0.197604790419162
0,304,-0.0585427135678392,0.18562874251497
0,305,0.0292964824120603,0.479041916167665
0,306,-0.0758793969849246,0.0179640718562874
0,307,-0.0718090452261307,0.0578842315369262
0,308,-0.0303015075376884,0.48502994011976
0,309,-0.209949748743719,0.00199600798403194
0,310,-0.0523618090452261,0.153692614770459
0,311,0.000100502512562814,1
0,312,0.139246231155779,0.00399201596806387
0,313,0.0227638190954774,0.461077844311377
0,314,0.0336683417085427,0.297405189620758
0,315,0.00376884422110554,0.922155688622755
0,316,0.0469849246231156,0.17564870259481
0,317,-0.0430150753768844,0.301397205588822
0,318,-0.0042713567839196,0.918163672654691
0,319,0.0252261306532663,0.327345309381238
0,320,-0.0605527638190955,0.0978043912175649
0,321,0.00557788944723618,0.900199600798403
0,322,0.0128643216080402,0.648702594810379
0,323,-0.0319597989949749,0.315369261477046
0,324,0.106633165829146,0.00998003992015968
0,325,0.00195979899497487,0.960079840319361
0,326,-0.00412060301507537,0.914171656686627
0,327,0.0552261306532663,0.0778443113772455
0,328,-0.00487437185929648,0.892215568862275
0,329,-0.0192964824120603,0.469061876247505
0,330,0.0339195979899497,0.383233532934132
0,331,-0.0227638190954774,0.441117764471058
0,332,-0.00432160804020101,0.830339321357285
0,333,0.0306532663316583,0.275449101796407
0,334,0.058391959798995,0.161676646706587
0,335,-0.0131155778894472,0.754491017964072
0,336,0.00251256281407035,0.962075848303393
0,337,0.0035678391959799,0.922155688622755
0,338,0.0946231155778895,0.00399201596806387
0,339,-0.0469849246231156,0.151696606786427
0,340,-0.0265326633165829,0.528942115768463
0,341,-0.0158291457286432,0.622754491017964
0,342,0.0557286432160804,0.181636726546906
0,343,0.0334170854271357,0.385229540918164
0,344,-0.0769346733668342,0.0778443113772455
0,345,-0.0250753768844221,0.455089820359281
0,346,0.0430653266331658,0.165668662674651
0,347,-0.0239195979899497,0.50499001996008
0,348,-0.022713567839196,0.516966067864271
0,349,0.0263316582914573,0.43313373253493
0,350,-0.0344723618090452,0.25748502994012
0,351,0.0609045226130653,0.0558882235528942
0,352,-0.0475879396984925,0.165668662674651
0,353,0.0236180904522613,0.56686626746507
0,354,0.0477889447236181,0.0379241516966068
0,355,0.0651758793969849,0.0978043912175649
0,356,-0.0267839195979899,0.383233532934132
0,357,0.0299497487437186,0.401197604790419
0,358,-0.0635175879396985,0.0818363273453094
0,359,-0.000201005025125628,0.992015968063872
0,360,-0.025929648241206,0.544910179640719
0,361,-0.0114070351758794,0.768463073852295
0,362,-0.0126130653266332,0.786427145708583
0,363,-0.00412060301507538,0.892215568862275
0,364,-0.0291959798994975,0.461077844311377
0,365,-0.0461809045226131,0.211576846307385
0,366,0.0621105527638191,0.0419161676646707
0,367,-0.0524120603015075,0.117764471057884
0,368,-0.0864824120603015,0.0219560878243513
0,369,0.0785427135678392,0.031936127744511
0,370,0.0166331658291457,0.702594810379242
0,371,-0.0151758793969849,0.622754491017964
0,372,0.00381909547738694,0.916167664670659
0,373,-0.0195979899497487,0.610778443113772
0,374,-0.0748241206030151,0.0419161676646707
0,375,0.0339698492462312,0.317365269461078
0,376,-0.105175879396985,0.00399201596806387
0,377,-0.00396984924623116,0.904191616766467
0,378,-0.0634673366834171,0.0479041916167665
0,379,0.0376884422110553,0.323353293413174
0,380,-0.0391457286432161,0.179640718562874
0,381,0.0415075376884422,0.211576846307385
0,382,-0.0218090452261307,0.516966067864271
0,383,-0.0542713567839196,0.093812375249501
0,384,-0.107286432160804,0.00998003992015968
0,385,-0.0563819095477387,0.0479041916167665
0,386,0.028643216080402,0.351297405189621
0,387,0.158994974874372,0.00199600798403194
0,388,-0.0629145728643216,0.163672654690619
0,389,-0.0275376884422111,0.171656686626747
0,390,-0.0655276381909548,0.0538922155688623
0,391,-0.0167336683417085,0.608782435129741
0,392,0.123869346733668,0.00399201596806387
0,393,-0.0580904522613065,0.0578842315369262
0,394,-0.104371859296482,0.0119760479041916
0,395,-0.0687437185929648,0.0578842315369262
0,396,0.00663316582914572,0.860279441117764
0,397,0.118542713567839,0.00399201596806387
0,398,-0.153366834170854,0.00199600798403194
0,399,-0.00743718592964824,0.828343313373254
0,400,-0.038894472361809,0.269461077844311
0,401,-0.092964824120603,0.00399201596806387
0,402,-0.158844221105528,0.00199600798403194
0,403,0.00271356783919598,0.958083832335329
0,404,-0.0998492462311558,0.00998003992015968
0,405,0.00190954773869347,0.950099800399202
0,406,-0.0204522613065327,0.592814371257485
0,407,-0.0685427135678392,0.0339321357285429
0,408,0.0358291457286432,0.277445109780439
0,409,0.0965326633165829,0.00199600798403194
0,410,0.0177889447236181,0.678642714570858
0,411,0.0248743718592965,0.562874251497006
0,412,-0.00422110552763819,0.908183632734531
0,413,-0.0411557788944724,0.179640718562874
0,414,0.0244221105527638,0.349301397205589
0,415,0.0348743718592965,0.413173652694611
0,416,0.0426633165829146,0.243512974051896
0,417,-0.0769346733668342,0.0518962075848303
0,418,0.015427135678392,0.652694610778443
0,419,0.0966331658291457,0.0219560878243513
0,420,-0.0540201005025126,0.159680638722555
0,421,-0.0677889447236181,0.0359281437125748
0,422,-0.0132663316582915,0.740518962075848
0,423,0.176532663316583,0.00199600798403194
0,424,-0.0548241206030151,0.0958083832335329
0,425,-0.0230150753768844,0.467065868263473
0,426,0.152261306532663,0.00199600798403194
0,427,0.0330150753768844,0.321357285429142
0,428,-0.0417587939698492,0.145708582834331
0,429,0.114974874371859,0.00798403193612774
0,430,-0.0819095477386935,0.0459081836327345
0,431,0.131306532663317,0.00199600798403194
0,432,-0.0246733668341709,0.483033932135729
0,433,0.0153266331658291,0.696606786427146
0,434,-0.028643216080402,0.50499001996008
0,435,-0.0262311557788945,0.455089820359281
0,436,-0.0244723618090452,0.479041916167665
0,437,-0.00115577889447236,0.982035928143713
0,438,0.0119095477386935,0.75249500998004
0,439,-0.00512562814070352,0.87624750499002
0,440,0.0346231155778894,0.273453093812375
0,441,-0.0904020100502513,0.00399201596806387
0,442,0.0178894472361809,0.644710578842315
0,443,0.0740201005025126,0.105788423153693
0,444,0.0375879396984925,0.157684630738523
0,445,0.00130653266331658,0.980039920159681
0,446,0.00577889447236181,0.844311377245509
0,447,0.0709547738693467,0.0239520958083832
0,448,-0.00768844221105528,0.840319361277445
0,449,0.118743718592965,0.00199600798403194
0,450,-0.031608040201005,0.279441117764471
0,451,0.106683417085427,0.00199600798403194
0,452,0.22105527638191,0.00199600798403194
0,453,0.278743718592965,0.00199600798403194
0,454,0.0228140703517588,0.584830339321357
0,455,0.0403015075376884,0.323353293413174
0,456,0.0428140703517588,0.307385229540918
0,457,-0.0251256281407035,0.437125748502994
0,458,-0.00276381909547739,0.936127744510978
0,459,0.0196984924623116,0.582834331337325
0,460,-0.0563819095477387,0.0858283433133733
0,461,0.0228140703517588,0.479041916167665
0,462,0.0901005025125628,0.0199600798403194
0,463,-0.0189949748743719,0.6187624750499
0,464,0.0308542713567839,0.363273453093812
0,465,0.0428140703517588,0.329341317365269
0,466,-0.0145226130653266,0.612774451097804
0,467,0.111005025125628,0.00798403193612774
0,468,-0.0273869346733668,0.391217564870259
0,469,0.00100502512562814,0.978043912175649
0,470,-0.0378391959798995,0.171656686626747
0,471,-0.10070351758794,0.0179640718562874
0,472,0.0561306532663317,0.0758483033932136
0,473,-0.0485929648241206,0.209580838323353
0,474,-0.0579396984924623,0.0778443113772455
0,475,-0.171356783919598,0.00199600798403194
0,476,0.0663316582914573,0.0558882235528942
0,477,0.0918090452261306,0.00598802395209581
0,478,0.0138693467336683,0.666666666666667
0,479,0.00331658291457287,0.900199600798403
0,480,-0.07678391959799,0.0718562874251497
0,481,0.197185929648241,0.00199600798403194
0,482,-0.0576884422110553,0.11377245508982
0,483,-0.024070351758794,0.560878243512974
0,484,0.00804020100502513,0.682634730538922
0,485,-0.0418090452261307,0.271457085828343
0,486,0.0547738693467337,0.139720558882236
0,487,-0.0122110552763819,0.706586826347305
0,488,-0.0858793969849246,0.0239520958083832
0,489,0.0684924623115578,0.0658682634730539
0,490,-0.1778391959799,0.00199600798403194
0,491,-0.0345226130653266,0.331337325349301
0,492,0.15608040201005,0.00199600798403194
0,493,-0.0814070351758794,0.0339321357285429
0,494,0.0282412060301507,0.455089820359281
0,495,-0.0230150753768844,0.355289421157685
0,496,0.0595979899497487,0.0998003992015968
0,497,-0.0921608040201005,0.00399201596806387
0,498,-0.0191959798994975,0.548902195608782
0,499,0.110150753768844,0.00199600798403194
0,500,0.00527638190954774,0.890219560878243
0,501,0.00793969849246231,0.766467065868264
0,502,-0.0883417085427136,0.0279441117764471
0,503,-0.0276381909547739,0.491017964071856
0,504,-0.0384924623115578,0.281437125748503
0,505,0.0587437185929648,0.0698602794411178
0,506,-0.034070351758794,0.231536926147705
0,507,-0.00839195979899498,0.82435129740519
0,508,-0.00809045226130654,0.788423153692615
0,509,0.0594472361809045,0.131736526946108
0,510,-0.0574371859296482,0.155688622754491
0,511,-0.00608040201005025,0.810379241516966
0,512,-0.0129145728643216,0.748502994011976
0,513,0.0904020100502513,0.0119760479041916
0,514,0.0471356783919598,0.13373253493014
0,515,0.00361809045226131,0.936127744510978
0,516,0.0268844221105528,0.479041916167665
0,517,-0.100954773869347,0.0159680638722555
0,518,0.117638190954774,0.00199600798403194
0,519,-0.128140703517588,0.00199600798403194
0,520,0.00964824120603015,0.772455089820359
0,521,-0.135678391959799,0.00199600798403194
0,522,0.00402010050251257,0.910179640718563
0,523,0.0262311557788945,0.516966067864271
0,524,0.103266331658291,0.00998003992015968
0,525,0.0528643216080402,0.157684630738523
0,526,-0.0569849246231156,0.18562874251497
0,527,-0.0424120603015075,0.177644710578842
0,528,0.00703517587939699,0.794411177644711
0,529,-0.0921608040201005,0.00798403193612774
0,530,0.0521608040201005,0.107784431137725
0,531,0.0693467336683417,0.0758483033932136
0,532,-0.00396984924623116,0.902195608782435
0,533,0.0951256281407035,0.0139720558882236
0,534,-0.0674874371859296,0.0698602794411178
0,535,-0.0718592964824121,0.00798403193612774
0,536,-0.10427135678392,0.00199600798403194
0,537,0.0681909547738693,0.0898203592814371
0,538,-0.0947738693467337,0.00598802395209581
0,539,0.216381909547739,0.00199600798403194
0,540,0.0739195979899498,0.0159680638722555
0,541,0.00723618090452261,0.836327345309381
0,542,-0.074070351758794,0.00798403193612774
0,543,-0.114773869346734,0.00199600798403194
0,544,0.0482412060301508,0.149700598802395
0,545,-0.0194472361809045,0.49500998003992
0,546,-0.0893969849246231,0.0119760479041916
0,547,0.0622613065326633,0.031936127744511
0,548,0.0166331658291457,0.50499001996008
0,549,0.0432663316582915,0.145708582834331
0,550,0.0766331658291457,0.0598802395209581
0,551,-0.0231155778894472,0.463073852295409
0,552,-0.108341708542714,0.00998003992015968
0,553,0.131206030150754,0.00598802395209581
0,554,0.161557788944724,0.00199600798403194
0,555,0.00678391959798995,0.834331337325349
0,556,0.21,0.00199600798403194
0,557,-0.0532663316582915,0.223552894211577
0,558,-0.0558793969849246,0.169660678642715
0,559,-0.0358291457286432,0.341317365269461
0,560,-0.0175879396984925,0.355289421157685
0,561,0.0528140703517588,0.0998003992015968
0,562,-0.0370854271356784,0.217564870259481
0,563,0.0194472361809045,0.654690618762475
0,564,-0.0492964824120603,0.197604790419162
0,565,-0.135979899497487,0.00399201596806387
0,566,-0.15572864321608,0.00399201596806387
0,567,0.147638190954774,0.00199600798403194
0,568,-0.0903015075376884,0.0279441117764471
0,569,-0.0361306532663317,0.30938123752495
0,570,-0.0416582914572864,0.11377245508982
0,571,-0.0524623115577889,0.153692614770459
0,572,0.0472361809045226,0.0838323353293413
0,573,-0.0954773869346734,0.0259481037924152
0,574,0.0953768844221105,0.00598802395209581
0,575,0.00371859296482412,0.926147704590818
0,576,0.0393969849246231,0.173652694610778
0,577,-0.0242713567839196,0.413173652694611
0,578,-0.0594974874371859,0.109780439121756
0,579,0.00110552763819095,0.968063872255489
0,580,-0.0563316582914573,0.103792415169661
0,581,0.0107035175879397,0.748502994011976
0,582,0.0393467336683417,0.0558882235528942
0,583,-0.0598492462311558,0.141716566866267
0,584,-0.054321608040201,0.101796407185629
0,585,-0.0950251256281407,0.00598802395209581
0,586,-0.0490954773869347,0.223552894211577
0,587,-0.109698492462312,0.00399201596806387
0,588,-0.0989447236180905,0.00598802395209581
0,589,0.014070351758794,0.534930139720559
0,590,-0.091608040201005,0.00798403193612774
0,591,-0.163266331658291,0.00199600798403194
0,592,-0.0386934673366834,0.2375249500998
0,593,0.0295477386934673,0.119760479041916
0,594,0.00110552763819095,0.980039920159681
0,595,-0.0943718592964824,0.0399201596806387
0,596,-0.0222613065326633,0.554890219560878
0,597,-0.0717085427135678,0.0219560878243513
0,598,0.165527638190955,0.00199600798403194
0,599,0.0694472361809045,0.0479041916167665
0,600,0.204572864321608,0.00199600798403194
0,601,-0.0531155778894472,0.105788423153693
0,602,0.0198994974874372,0.506986027944112
0,603,-0.0578391959798995,0.119760479041916
0,604,-0.0456281407035176,0.259481037924152
0,605,-0.0458793969849246,0.231536926147705
0,606,-0.0335175879396985,0.425149700598802
0,607,0.0252763819095477,0.516966067864271
0,608,0.0311557788944724,0.349301397205589
0,609,-0.0463819095477387,0.271457085828343
0,610,-0.0345226130653266,0.415169660678643
0,611,0.0381407035175879,0.279441117764471
0,612,0.0709547738693467,0.0878243512974052
0,613,-0.0206030150753769,0.632734530938124
0,614,-0.0092964824120603,0.660678642714571
0,615,0.13391959798995,0.00399201596806387
0,616,-0.039748743718593,0.239520958083832
0,617,-0.140804020100503,0.00199600798403194
0,618,-0.0233668341708543,0.564870259481038
0,619,-0.0663819095477387,0.0778443113772455
0,620,-0.0136683417085427,0.664670658682635
0,621,-0.00341708542713568,0.884231536926148
0,622,0.00839195979899497,0.828343313373254
0,623,0.0585929648241206,0.0219560878243513
0,624,0.0694974874371859,0.0399201596806387
0,625,0.0340201005025126,0.093812375249501
0,626,-0.0122110552763819,0.664670658682635
0,627,0.0307537688442211,0.317365269461078
0,628,-0.0787939698492462,0.0698602794411178
0,629,-0.0357788944723618,0.367265469061876
0,630,0.165577889447236,0.00199600798403194
0,631,-0.0663819095477387,0.0459081836327345
0,632,0.0218592964824121,0.55688622754491
0,633,0.0265326633165829,0.37125748502994
0,634,-0.0811557788944724,0.0279441117764471
0,635,0.024321608040201,0.500998003992016
0,636,0.0712562814070352,0.0758483033932136
0,637,-0.0523115577889447,0.13373253493014
0,638,-0.0934170854271357,0.0139720558882236
0,639,0.0201005025125628,0.570858283433134
0,640,-0.000954773869346734,0.986027944111776
0,641,0.00839195979899498,0.812375249500998
0,642,0.0630653266331658,0.0878243512974052
0,643,0.0663819095477387,0.103792415169661
0,644,0.105075376884422,0.00399201596806387
0,645,-0.0839195979899497,0.0159680638722555
0,646,0.0652763819095477,0.0978043912175649
0,647,-0.0947738693467337,0.0219560878243513
0,648,0.116482412060302,0.00199600798403194
0,649,0.0232160804020101,0.437125748502994
0,650,0.044572864321608,0.131736526946108
0,651,0.0236180904522613,0.461077844311377
0,652,-0.0708040201005025,0.0159680638722555
0,653,-0.105175879396985,0.00399201596806387
0,654,-0.0466331658291457,0.0958083832335329
0,655,0.00376884422110553,0.924151696606786
0,656,-0.00422110552763819,0.908183632734531
0,657,-0.0131658291457286,0.726546906187625
0,658,-0.0362311557788945,0.245508982035928
0,659,-0.0163316582914573,0.63872255489022
0,660,0.0555276381909548,0.153692614770459
0,661,0.129145728643216,0.00199600798403194
0,662,-0.0321105527638191,0.265469061876248
0,663,0.0531658291457286,0.0958083832335329
0,664,0.0153266331658291,0.70059880239521
0,665,-0.0410552763819095,0.235528942115768
0,666,0.168643216080402,0.00199600798403194
0,667,-0.0181407035175879,0.614770459081836
0,668,0.0716582914572864,0.00798403193612774
0,669,0.0346231155778895,0.331337325349301
0,670,-0.10427135678392,0.00399201596806387
0,671,-0.0191457286432161,0.608782435129741
0,672,-0.0148241206030151,0.596806387225549
0,673,-0.101507537688442,0.00199600798403194
0,674,-0.0275376884422111,0.397205588822355
0,675,0.00211055276381909,0.93812375249501
0,676,-0.0430653266331658,0.277445109780439
0,677,0.181909547738693,0.00199600798403194
0,678,-0.0920603015075377,0.0179640718562874
0,679,0.0057286432160804,0.830339321357285
0,680,0.0508040201005025,0.249500998003992
0,681,0.0596482412060301,0.0898203592814371
0,682,0.0596482412060301,0.063872255489022
0,683,0.154221105527638,0.00199600798403194
0,684,0.0558291457286432,0.219560878243513
0,685,0.186884422110553,0.00199600798403194
0,686,0.0387939698492462,0.147704590818363
0,687,-0.0496984924623116,0.141716566866267
0,688,0.255175879396985,0.00199600798403194
0,689,-0.0136683417085427,0.764471057884232
0,690,-0.0275376884422111,0.36127744510978
0,691,0.0369346733668342,0.17564870259481
0,692,-0.0028140703517588,0.918163672654691
0,693,0.0130150753768844,0.722554890219561
0,694,0.0138190954773869,0.68063872255489
0,695,-0.0324120603015075,0.415169660678643
0,696,-0.107336683417085,0.00798403193612774
0,697,-0.00874371859296482,0.802395209580838
0,698,-0.0226130653266332,0.493013972055888
0,699,-0.0391959798994975,0.245508982035928
0,700,0.081105527638191,0.0718562874251497
0,701,0.00628140703517588,0.900199600798403
0,702,0.0439698492462312,0.287425149700599
0,703,0.021105527638191,0.616766467065868
0,704,0,1
0,705,0.0157286432160804,0.684630738522954
0,706,0.0482914572864322,0.315369261477046
0,707,0.146984924623116,0.00199600798403194
0,708,0.0460301507537688,0.183632734530938
0,709,-0.0574371859296482,0.0918163672654691
0,710,0.106834170854271,0.00598802395209581
0,711,-0.00552763819095477,0.862275449101796
0,712,0.097035175879397,0.00998003992015968
0,713,-0.0618090452261307,0.0878243512974052
0,714,0.0262814070351759,0.461077844311377
0,715,-0.00130653266331658,0.982035928143713
0,716,-0.0582914572864322,0.0958083832335329
0,717,0.112160804020101,0.00199600798403194
0,718,0.0547738693467337,0.0459081836327345
0,719,0.0438190954773869,0.153692614770459
0,720,0.0543718592964824,0.177644710578842
0,721,0.0454773869346734,0.163672654690619
0,722,-0.0410050251256281,0.271457085828343
0,723,-0.0734170854271357,0.0259481037924152
0,724,0.0353768844221105,0.325349301397206
0,725,0.0200502512562814,0.610778443113772
0,726,0.11894472361809,0.00598802395209581
0,727,-0.0319597989949749,0.413173652694611
0,728,0.131005025125628,0.00199600798403194
0,729,0.00758793969849246,0.856287425149701
0,730,0.0342211055276382,0.36127744510978
0,731,-0.0719095477386935,0.0479041916167665
0,732,-0.0252763819095477,0.499001996007984
0,733,-0.0492462311557789,0.151696606786427
0,734,-0.0716582914572864,0.0199600798403194
0,735,-0.146884422110553,0.00199600798403194
0,736,0.0935175879396985,0.00199600798403194
0,737,-0.0498994974874372,0.0399201596806387
0,738,-0.0605025125628141,0.143712574850299
0,739,0.0768341708542714,0.0838323353293413
0,740,0.0218592964824121,0.457085828343313
0,741,-0.0474874371859296,0.239520958083832
0,742,0.0580402010050251,0.17564870259481
0,743,0.144321608040201,0.00199600798403194
0,744,-0.0263316582914573,0.407185628742515
0,745,0.0168844221105528,0.624750499001996
0,746,0.000150753768844219,0.994011976047904
0,747,-0.0810050251256281,0.0159680638722555
0,748,-0.018391959798995,0.674650698602794
0,749,0.118994974874372,0.00199600798403194
0,750,-0.129195979899497,0.00598802395209581
0,751,-0.082462311557789,0.029940119760479
0,752,0.072713567839196,0.0578842315369262
0,753,-0.0820603015075377,0.0339321357285429
0,754,0.00809045226130654,0.778443113772455
0,755,-0.0576884422110553,0.161676646706587
0,756,0.184673366834171,0.00199600798403194
0,757,0.00653266331658291,0.864271457085828
0,758,0.0239698492462312,0.57684630738523
0,759,-0.0717085427135678,0.0758483033932136
0,760,0.0166834170854271,0.616766467065868
0,761,-0.0473869346733668,0.131736526946108
0,762,0.0280904522613065,0.475049900199601
0,763,-0.137185929648241,0.00399201596806387
0,764,-0.150201005025126,0.00199600798403194
0,765,0.0269849246231156,0.520958083832335
0,766,-0.0175879396984925,0.644710578842315
0,767,-0.0182412060301508,0.449101796407186
0,768,0.01678391959799,0.668662674650699
0,769,0.0389447236180904,0.205588822355289
0,770,0.0320603015075377,0.315369261477046
0,771,-0.132462311557789,0.00199600798403194
0,772,-0.0782914572864322,0.0379241516966068
0,773,-0.0421608040201005,0.241516966067864
0,774,-0.129547738693467,0.00199600798403194
0,775,-0.0287939698492462,0.435129740518962
0,776,-0.0123618090452261,0.654690618762475
0,777,0.038894472361809,0.169660678642715
0,778,0.114070351758794,0.0139720558882236
0,779,-0.0482412060301508,0.261477045908184
0,780,0.00522613065326633,0.914171656686627
0,781,-0.00120603015075377,0.958083832335329
0,782,-0.0695979899497487,0.029940119760479
0,783,0.00351758793969849,0.884231536926148
0,784,-0.0273366834170854,0.303393213572854
0,785,0.097286432160804,0.00998003992015968
0,786,0.0179899497487437,0.500998003992016
0,787,-0.0520603015075377,0.227544910179641
0,788,-0.0508040201005025,0.245508982035928
0,789,0.0303015075376884,0.311377245508982
0,790,-0.0505527638190955,0.193612774451098
0,791,-0.055678391959799,0.131736526946108
0,792,-0.0642713567839196,0.063872255489022
0,793,-0.062964824120603,0.101796407185629
0,794,-0.00793969849246231,0.846307385229541
0,795,0.00788944723618091,0.816367265469062
0,796,0.15678391959799,0.00199600798403194
0,797,-0.0350251256281407,0.311377245508982
0,798,-0.0364321608040201,0.397205588822355
0,799,-0.0838190954773869,0.0279441117764471
0,800,-0.072964824120603,0.0798403193612774
0,801,0.0900502512562814,0.0179640718562874
0,802,-0.0596482412060301,0.0798403193612774
0,803,0.00582914572864322,0.882235528942116
0,804,-0.121457286432161,0.00199600798403194
0,805,0.0158793969849246,0.660678642714571
0,806,0.1321608040201,0.00199600798403194
0,807,0.0564321608040201,0.0199600798403194
0,808,-0.0102010050251256,0.744510978043912
0,809,0.0906532663316583,0.00199600798403194
0,810,0.0751256281407035,0.0359281437125748
0,811,-0.0605025125628141,0.12375249500998
0,812,-0.0706532663316583,0.0698602794411178
0,813,0.01678391959799,0.712574850299401
0,814,-0.00311557788944723,0.92814371257485
0,815,0.0633668341708543,0.0718562874251497
0,816,-0.0200502512562814,0.610778443113772
0,817,-0.0185427135678392,0.644710578842315
0,818,-0.0157788944723618,0.600798403193613
0,819,0.0449246231155779,0.231536926147705
0,820,-0.0900502512562814,0.00998003992015968
0,821,-0.0509547738693467,0.217564870259481
0,822,0.0890452261306533,0.0159680638722555
0,823,-0.0180904522613065,0.598802395209581
0,824,-0.0553768844221105,0.155688622754491
0,825,-0.0408542713567839,0.323353293413174
0,826,-0.0588442211055276,0.129740518962076
0,827,-0.0530150753768844,0.131736526946108
0,828,0.0118090452261306,0.788423153692615
0,829,-0.0203015075376884,0.6187624750499
0,830,0.142311557788945,0.00199600798403194
0,831,-0.0634673366834171,0.163672654690619
0,832,0.0379899497487437,0.0658682634730539
0,833,0.00829145728643216,0.766467065868264
0,834,0.0021105527638191,0.962075848303393
0,835,-0.0257788944723618,0.451097804391218
0,836,0.061105527638191,0.0479041916167665
0,837,-0.132010050251256,0.00399201596806387
0,838,0.0951758793969849,0.00998003992015968
0,839,0.0162311557788945,0.646706586826347
0,840,0.174572864321608,0.00199600798403194
0,841,0.0661306532663317,0.0119760479041916
0,842,0.0314572864321608,0.337325349301397
0,843,-0.0196482412060302,0.572854291417166
0,844,-0.0967336683417085,0.0239520958083832
0,845,0.180904522613065,0.00199600798403194
0,846,0.157236180904523,0.00199600798403194
0,847,0.0292462311557789,0.209580838323353
0,848,0.0626130653266332,0.127744510978044
0,849,0.0539698492462312,0.165668662674651
0,850,-0.0207035175879397,0.528942115768463
0,851,-0.0585929648241206,0.115768463073852
0,852,0.0364824120603015,0.203592814371257
0,853,-0.0448241206030151,0.13373253493014
0,854,-0.0346231155778895,0.363273453093812
0,855,-0.01,0.80439121756487
0,856,-0.0530150753768844,0.131736526946108
0,857,-0.0256281407035176,0.548902195608782
0,858,0.0121105527638191,0.792415169660679
0,859,-0.00919597989949749,0.82435129740519
0,860,-0.00844221105527638,0.810379241516966
0,861,-0.0989949748743719,0.0259481037924152
0,862,-0.00206030150753769,0.946107784431138
0,863,-0.0663316582914573,0.063872255489022
0,864,0.0262311557788945,0.43313373253493
0,865,-0.0524623115577889,0.11377245508982
0,866,-0.0349748743718593,0.417165668662675
0,867,0.0291959798994975,0.3812375249501
0,868,-0.124924623115578,0.00199600798403194
0,869,0.0893467336683417,0.029940119760479
0,870,0.129346733668342,0.00199600798403194
0,871,-0.0246733668341709,0.30938123752495
0,872,-0.0239195979899497,0.514970059880239
0,873,-0.118040201005025,0.00199600798403194
0,874,0.0104020100502513,0.782435129740519
0,875,-0.0217085427135678,0.497005988023952
0,876,-0.0215577889447236,0.542914171656687
0,877,-0.0693467336683417,0.0878243512974052
0,878,0.0142713567839196,0.650698602794411
0,879,-0.0509045226130653,0.243512974051896
0,880,-0.144321608040201,0.00199600798403194
0,881,0.0300502512562814,0.399201596806387
0,882,-0.048643216080402,0.177644710578842
0,883,0.0536683417085427,0.143712574850299
0,884,0.0819095477386935,0.0359281437125748
0,885,-0.00944723618090452,0.796407185628742
0,886,-0.0798994974874372,0.0379241516966068
0,887,-0.0246231155778894,0.532934131736527
0,888,0.0173869346733668,0.610778443113772
0,889,0.03,0.369261477045908
0,890,0.0584924623115578,0.163672654690619
0,891,-0.0218090452261307,0.48502994011976
0,892,0.0224623115577889,0.457085828343313
0,893,-0.0865829145728643,0.0119760479041916
0,894,-0.0874874371859296,0.029940119760479
0,895,-0.00824120603015075,0.868263473053892
0,896,0.00361809045226131,0.88622754491018
0,897,-0.0526130653266332,0.0898203592814371
0,898,0.0226633165829146,0.401197604790419
0,899,-0.075427135678392,0.0399201596806387
0,900,0.0480904522613065,0.205588822355289
0,901,0.0590954773869347,0.0798403193612774
0,902,-0.0308040201005025,0.291417165668663
0,903,-0.0103517587939698,0.796407185628742
0,904,0.00879396984924623,0.812375249500998
0,905,-0.12643216080402,0.00199600798403194
0,906,0.0101005025125628,0.760479041916168
0,907,-0.17321608040201,0.00199600798403194
0,908,-0.0430653266331658,0.225548902195609
0,909,-0.0736180904522613,0.0658682634730539
0,910,0.0108040201005025,0.666666666666667
0,911,-0.0255276381909548,0.530938123752495
0,912,0.0794974874371859,0.0518962075848303
0,913,-0.00190954773869347,0.968063872255489
0,914,-0.0641206030150754,0.0838323353293413
0,915,0.0318592964824121,0.393213572854291
0,916,-0.126532663316583,0.00399201596806387
0,917,0.148542713567839,0.00199600798403194
0,918,0.0580402010050251,0.13373253493014
0,919,-0.11070351758794,0.00199600798403194
0,920,0.200753768844221,0.00199600798403194
0,921,-0.029748743718593,0.37125748502994
0,922,0.0380402010050251,0.279441117764471
0,923,-0.0230150753768844,0.506986027944112
0,924,0.00773869346733668,0.828343313373254
0,925,0.0460301507537688,0.0998003992015968
0,926,-0.044321608040201,0.119760479041916
0,927,-0.0234170854271357,0.562874251497006
0,928,-0.0190452261306533,0.614770459081836
0,929,-0.0775376884422111,0.0119760479041916
0,930,-0.0519095477386935,0.141716566866267
0,931,-0.184120603015075,0.00199600798403194
0,932,-0.122763819095477,0.00199600798403194
0,933,0.0530653266331658,0.0598802395209581
0,934,-0.0709045226130653,0.0818363273453094
0,935,-0.0150251256281407,0.600798403193613
0,936,0.0231155778894472,0.536926147704591
0,937,0.0028643216080402,0.924151696606786
0,938,-0.0228140703517588,0.369261477045908
0,939,0.0200502512562814,0.43313373253493
0,940,-0.0123115577889447,0.764471057884232
0,941,-0.0379396984924623,0.325349301397206
0,942,0.0143718592964824,0.730538922155689
0,943,0.0190452261306533,0.648702594810379
0,944,0.0780904522613065,0.0259481037924152
0,945,-0.143668341708543,0.00199600798403194
0,946,0.0300502512562814,0.447105788423154
0,947,0.041356783919598,0.253493013972056
0,948,-0.0515075376884422,0.107784431137725
0,949,0.0218090452261307,0.455089820359281
0,950,0.0538693467336683,0.141716566866267
0,951,0.0687939698492462,0.0439121756487026
0,952,-0.0170854271356784,0.666666666666667
0,953,-0.107839195979899,0.00399201596806387
0,954,-0.0903517587939699,0.00998003992015968
0,955,-0.11748743718593,0.00199600798403194
0,956,-0.00638190954773869,0.792415169660679
0,957,-0.0144723618090452,0.688622754491018
0,958,-0.108341708542714,0.00199600798403194
0,959,-0.0484924623115578,0.223552894211577
0,960,0.113618090452261,0.00199600798403194
0,961,0.0605025125628141,0.12375249500998
0,962,0.138090452261307,0.00199600798403194
0,963,0.0382914572864322,0.389221556886228
0,964,0.0388442211055276,0.183632734530938
0,965,-0.133316582914573,0.00199600798403194
0,966,0.133366834170854,0.00399201596806387
0,967,0.00557788944723619,0.834331337325349
0,968,-0.0506030150753769,0.139720558882236
0,969,0.0312060301507538,0.48502994011976
0,970,0.0174874371859296,0.602794411177645
0,971,-0.120804020100503,0.00199600798403194
0,972,-0.00437185929648242,0.920159680638723
0,973,-0.0245226130653266,0.508982035928144
0,974,0.0566834170854271,0.11377245508982
0,975,-0.0309547738693467,0.409181636726547
0,976,0.0335678391959799,0.383233532934132
0,977,0.0305527638190955,0.461077844311377
0,978,-0.00226130653266332,0.968063872255489
0,979,-0.0162814070351759,0.624750499001996
0,980,-0.0348743718592965,0.405189620758483
0,981,0.0987437185929648,0.00199600798403194
0,982,-0.0158291457286432,0.674650698602794
0,983,0.082462311557789,0.0279441117764471
0,984,-0.10321608040201,0.00598802395209581
0,985,-0.0796984924623116,0.0439121756487026
0,986,0.015678391959799,0.666666666666667
0,987,0.0103517587939698,0.748502994011976
0,988,-0.027035175879397,0.419161676646707
0,989,0.0989447236180905,0.00199600798403194
0,990,-0.051356783919598,0.243512974051896
0,991,0.0366834170854271,0.191616766467066
0,992,-0.0395477386934673,0.227544910179641
0,993,0.0827638190954774,0.00798403193612774
0,994,0.0495979899497487,0.103792415169661
0,995,0.045678391959799,0.131736526946108
0,996,-0.0152261306532663,0.734530938123752
0,997,0.0233668341708543,0.449101796407186
0,998,-0.00743718592964824,0.852295409181637
0,999,0.0495979899497488,0.287425149700599
0,1000,0.0124623115577889,0.754491017964072
0.25,1,-0.0501507537688442,0.0918163672654691
0.25,2,-0.0628140703517588,0.0658682634730539
0.25,3,0.0224623115577889,0.56686626746507
0.25,4,-0.0238693467336683,0.377245508982036
0.25,5,-0.0665326633165829,0.0538922155688623
0.25,6,0.0282412060301508,0.49500998003992
0.25,7,0.0280904522613065,0.445109780439122
0.25,8,-0.120301507537688,0.00399201596806387
0.25,9,-0.0476381909547739,0.0838323353293413
0.25,10,-0.0234673366834171,0.562874251497006
0.25,11,-0.0666331658291457,0.0878243512974052
0.25,12,0.0945226130653266,0.00598802395209581
0.25,13,0,1
0.25,14,-0.0272361809045226,0.50499001996008
0.25,15,-0.104321608040201,0.00598802395209581
0.25,16,-0.0274874371859297,0.471057884231537
0.25,17,-0.0298994974874372,0.463073852295409
0.25,18,0.0127638190954774,0.734530938123752
0.25,19,-0.0737185929648241,0.0678642714570858
0.25,20,-0.0433668341708543,0.131736526946108
0.25,21,0.0839698492462312,0.0518962075848303
0.25,22,0.0153266331658291,0.582834331337325
0.25,23,-0.00472361809045226,0.850299401197605
0.25,24,-0.0142713567839196,0.750499001996008
0.25,25,-0.0824120603015075,0.0159680638722555
0.25,26,0.139396984924623,0.00199600798403194
0.25,27,0.13356783919598,0.00199600798403194
0.25,28,0.00738693467336683,0.81437125748503
0.25,29,0.0377386934673367,0.211576846307385
0.25,30,0.0535678391959799,0.0399201596806387
0.25,31,-0.0717085427135678,0.0439121756487026
0.25,32,0.00201005025125628,0.966067864271457
0.25,33,0.0134170854271357,0.75249500998004
0.25,34,-0.117788944723618,0.0119760479041916
0.25,35,-0.03678391959799,0.241516966067864
0.25,36,-0.0344723618090452,0.305389221556886
0.25,37,-0.0226130653266332,0.455089820359281
0.25,38,0.150251256281407,0.00399201596806387
0.25,39,0.0412060301507538,0.197604790419162
0.25,40,0.0566331658291457,0.0678642714570858
0.25,41,0.0445226130653266,0.19560878243513
0.25,42,0.122060301507538,0.00399201596806387
0.25,43,-0.0352763819095477,0.339321357285429
0.25,44,-0.0151758793969849,0.706586826347305
0.25,45,0.0750753768844221,0.0419161676646707
0.25,46,-0.0750753768844221,0.0179640718562874
0.25,47,-0.0435175879396985,0.269461077844311
0.25,48,-0.142311557788945,0.00199600798403194
0.25,49,0.0910050251256281,0.0259481037924152
0.25,50,-0.0663316582914573,0.0359281437125748
0.25,51,-0.0109547738693467,0.798403193612774
0.25,52,0.0680904522613065,0.0459081836327345
0.25,53,-0.0462311557788945,0.215568862275449
0.25,54,0.0645226130653266,0.0998003992015968
0.25,55,-0.025678391959799,0.271457085828343
0.25,56,-0.00959798994974874,0.760479041916168
0.25,57,-0.00748743718592965,0.808383233532934
0.25,58,-0.0871859296482412,0.00199600798403194
0.25,59,0.132110552763819,0.00598802395209581
0.25,60,-0.0681407035175879,0.0798403193612774
0.25,61,-0.0707537688442211,0.06187624750499
0.25,62,-0.0750753768844221,0.0598802395209581
0.25,63,-0.074070351758794,0.0758483033932136
0.25,64,-0.164572864321608,0.00199600798403194
0.25,65,0.0235678391959799,0.532934131736527
0.25,66,-0.062964824120603,0.105788423153693
0.25,67,0.122763819095477,0.00399201596806387
0.25,68,0.051105527638191,0.0439121756487026
0.25,69,0.0554773869346734,0.213572854291417
0.25,70,0.0166331658291457,0.63872255489022
0.25,71,-0.0604522613065327,0.111776447105788
0.25,72,-0.0760804020100503,0.00798403193612774
0.25,73,0.0639698492462311,0.109780439121756
0.25,74,-0.0866834170854271,0.0339321357285429
0.25,75,0.00437185929648241,0.910179640718563
0.25,76,0.0521105527638191,0.0878243512974052
0.25,77,-0.0918090452261306,0.0179640718562874
0.25,78,-0.0836683417085427,0.0179640718562874
0.25,79,0.00160804020100503,0.962075848303393
0.25,80,-0.0312060301507538,0.44311377245509
0.25,81,-0.0351256281407035,0.225548902195609
0.25,82,-0.0387939698492462,0.291417165668663
0.25,83,0.012964824120603,0.626746506986028
0.25,84,-0.0505025125628141,0.19560878243513
0.25,85,-0.115175879396985,0.00399201596806387
0.25,86,-0.109547738693467,0.00199600798403194
0.25,87,-0.00437185929648241,0.914171656686627
0.25,88,-0.0550753768844221,0.17564870259481
0.25,89,0.00904522613065327,0.838323353293413
0.25,90,0.0166331658291457,0.640718562874252
0.25,91,-0.0410552763819095,0.289421157684631
0.25,92,0.0437185929648241,0.213572854291417
0.25,93,-0.00989949748743719,0.736526946107784
0.25,94,-0.0833165829145729,0.0518962075848303
0.25,95,-0.0634673366834171,0.0399201596806387
0.25,96,-0.0201507537688442,0.662674650698603
0.25,97,-0.141608040201005,0.00199600798403194
0.25,98,-0.0852261306532663,0.0359281437125748
0.25,99,-0.0296984924623116,0.269461077844311
0.25,100,-0.0811557788944724,0.0239520958083832
0.25,101,-0.0188944723618091,0.650698602794411
0.25,102,-0.0101507537688442,0.774451097804391
0.25,103,-0.0825628140703518,0.0359281437125748
0.25,104,0.0636180904522613,0.11377245508982
0.25,105,0.0880904522613065,0.00998003992015968
0.25,106,0.00804020100502513,0.82435129740519
0.25,107,-0.0294472361809045,0.413173652694611
0.25,108,-0.0777889447236181,0.0359281437125748
0.25,109,-0.0375879396984925,0.345309381237525
0.25,110,0.0553266331658291,0.0798403193612774
0.25,111,-0.0732160804020101,0.0538922155688623
0.25,112,-0.0634170854271357,0.0558882235528942
0.25,113,-0.0246231155778894,0.528942115768463
0.25,114,-0.00507537688442211,0.888223552894212
0.25,115,-0.0755276381909548,0.0439121756487026
0.25,116,0.00241206030150754,0.924151696606786
0.25,117,0.00120603015075377,0.968063872255489
0.25,118,0.176683417085427,0.00199600798403194
0.25,119,-0.0325628140703518,0.303393213572854
0.25,120,0.0573366834170854,0.103792415169661
0.25,121,0.0757286432160804,0.0259481037924152
0.25,122,-0.0157788944723618,0.654690618762475
0.25,123,0.0298492462311558,0.25748502994012
0.25,124,-0.0493969849246231,0.199600798403194
0.25,125,0.00839195979899497,0.844311377245509
0.25,126,-0.0480402010050251,0.105788423153693
0.25,127,-0.0168844221105528,0.62874251497006
0.25,128,-0.0617587939698492,0.12375249500998
0.25,129,-0.0149246231155779,0.660678642714571
0.25,130,-0.0148743718592965,0.67065868263473
0.25,131,0.0738190954773869,0.0379241516966068
0.25,132,-0.0155276381909548,0.650698602794411
0.25,133,-0.0477889447236181,0.229540918163673
0.25,134,0.00984924623115578,0.82435129740519
0.25,135,-0.0339698492462312,0.341317365269461
0.25,136,-0.0793467336683417,0.0538922155688623
0.25,137,-0.0126633165829146,0.712574850299401
0.25,138,-0.0042713567839196,0.858283433133733
0.25,139,-0.0855778894472362,0.00399201596806387
0.25,140,0.00869346733668342,0.766467065868264
0.25,141,-0.0166331658291457,0.441117764471058
0.25,142,0.0281909547738693,0.343313373253493
0.25,143,-0.00442211055276382,0.882235528942116
0.25,144,-0.0406532663316583,0.275449101796407
0.25,145,-0.0658793969849246,0.00798403193612774
0.25,146,0.0498492462311558,0.205588822355289
0.25,147,0.0837185929648241,0.0139720558882236
0.25,148,0.0438693467336683,0.101796407185629
0.25,149,-0.0291457286432161,0.379241516966068
0.25,150,-0.0741206030150754,0.0139720558882236
0.25,151,-0.111356783919598,0.00399201596806387
0.25,152,0.105829145728643,0.00798403193612774
0.25,153,-0.0546231155778895,0.12375249500998
0.25,154,0.0765829145728643,0.0439121756487026
0.25,155,-0.0684924623115578,0.063872255489022
0.25,156,-0.0262814070351759,0.489021956087824
0.25,157,-0.11643216080402,0.00598802395209581
0.25,158,0.155376884422111,0.00199600798403194
0.25,159,-0.124623115577889,0.00598802395209581
0.25,160,0.0579899497487437,0.0778443113772455
0.25,161,0.00422110552763819,0.890219560878243
0.25,162,-0.0149246231155779,0.706586826347305
0.25,163,0.102814070351759,0.0199600798403194
0.25,164,-0.00889447236180905,0.830339321357285
0.25,165,0.0332160804020101,0.401197604790419
0.25,166,0.0180402010050251,0.63872255489022
0.25,167,0.0700502512562814,0.0279441117764471
0.25,168,-0.0640201005025126,0.0698602794411178
0.25,169,0.0171859296482412,0.654690618762475
0.25,170,-0.12070351758794,0.00199600798403194
0.25,171,0.0550753768844221,0.107784431137725
0.25,172,0.0247738693467337,0.489021956087824
0.25,173,-0.107035175879397,0.00598802395209581
0.25,174,-0.00206030150753769,0.942115768463074
0.25,175,-0.0491457286432161,0.125748502994012
0.25,176,-0.0408542713567839,0.25748502994012
0.25,177,0.0496482412060302,0.197604790419162
0.25,178,-0.194773869346734,0.00199600798403194
0.25,179,0.00693467336683417,0.856287425149701
0.25,180,-0.0446733668341709,0.225548902195609
0.25,181,0.0092964824120603,0.782435129740519
0.25,182,0.00824120603015075,0.826347305389222
0.25,183,-0.018643216080402,0.6187624750499
0.25,184,0.0646733668341709,0.135728542914172
0.25,185,-0.00552763819095478,0.916167664670659
0.25,186,-0.0210050251256281,0.678642714570858
0.25,187,0.0674874371859296,0.0179640718562874
0.25,188,-0.0236180904522613,0.588822355289421
0.25,189,0.0487939698492462,0.11377245508982
0.25,190,0.00653266331658291,0.808383233532934
0.25,191,-0.117286432160804,0.0139720558882236
0.25,192,-0.000804020100502513,0.978043912175649
0.25,193,-0.0761306532663317,0.00598802395209581
0.25,194,0.0222613065326633,0.514970059880239
0.25,195,0.080251256281407,0.0399201596806387
0.25,196,0.0644221105527638,0.0259481037924152
0.25,197,0.0461306532663317,0.157684630738523
0.25,198,-0.0160301507537688,0.614770459081836
0.25,199,0.0386934673366834,0.31936127744511
0.25,200,-0.05321608040201,0.117764471057884
0.25,201,-0.00618090452261307,0.860279441117764
0.25,202,0.0360804020100502,0.109780439121756
0.25,203,-0.0251256281407035,0.445109780439122
0.25,204,0.111758793969849,0.00399201596806387
0.25,205,-0.0237688442211055,0.586826347305389
0.25,206,0.0529145728643216,0.0359281437125748
0.25,207,0.0419095477386935,0.145708582834331
0.25,208,0.0210050251256281,0.582834331337325
0.25,209,-0.0437688442211055,0.29940119760479
0.25,210,-0.0944723618090452,0.00598802395209581
0.25,211,0.00271356783919598,0.946107784431138
0.25,212,-0.0175879396984925,0.654690618762475
0.25,213,0.0139195979899497,0.722554890219561
0.25,214,0.0498994974874372,0.229540918163673
0.25,215,0.0853266331658292,0.00399201596806387
0.25,216,0.0437688442211055,0.145708582834331
0.25,217,-0.077035175879397,0.0179640718562874
0.25,218,0.0491959798994975,0.141716566866267
0.25,219,-0.0321105527638191,0.315369261477046
0.25,220,0.143266331658291,0.00199600798403194
0.25,221,-0.156381909547739,0.00199600798403194
0.25,222,-0.110603015075377,0.00199600798403194
0.25,223,-0.0133165829145729,0.734530938123752
0.25,224,-0.0931658291457286,0.0179640718562874
0.25,225,-0.0100502512562814,0.770459081836327
0.25,226,0.0967839195979899,0.0219560878243513
0.25,227,-0.0178391959798995,0.62874251497006
0.25,228,0.0156281407035176,0.606786427145709
0.25,229,0.0251256281407035,0.530938123752495
0.25,230,0.0474874371859296,0.253493013972056
0.25,231,-0.112562814070352,0.00199600798403194
0.25,232,0.032964824120603,0.31936127744511
0.25,233,-0.0101005025125628,0.768463073852295
0.25,234,-0.0162814070351759,0.568862275449102
0.25,235,0.0124120603015075,0.756487025948104
0.25,236,-0.00693467336683417,0.848303393213573
0.25,237,0.0251256281407035,0.506986027944112
0.25,238,0.0383417085427136,0.283433133732535
0.25,239,-0.00462311557788945,0.86626746506986
0.25,240,0.201105527638191,0.00199600798403194
0.25,241,-0.0420603015075377,0.217564870259481
0.25,242,0.00587939698492462,0.852295409181637
0.25,243,-0.0317085427135678,0.373253493013972
0.25,244,-0.0568341708542714,0.149700598802395
0.25,245,-0.0562814070351759,0.0758483033932136
0.25,246,0.00562814070351759,0.858283433133733
0.25,247,0.0952261306532663,0.00399201596806387
0.25,248,0.129396984924623,0.00199600798403194
0.25,249,-0.100502512562814,0.00399201596806387
0.25,250,-0.0958793969849246,0.00399201596806387
0.25,251,-0.0780904522613065,0.00399201596806387
0.25,252,-0.0509547738693467,0.0339321357285429
0.25,253,-0.0390954773869347,0.217564870259481
0.25,254,0.0685929648241206,0.0439121756487026
0.25,255,-0.0169849246231156,0.67065868263473
0.25,256,0.146281407035176,0.00399201596806387
0.25,257,-0.0314070351758794,0.393213572854291
0.25,258,0.0130150753768844,0.750499001996008
0.25,259,0.0333165829145729,0.359281437125749
0.25,260,-0.0875879396984925,0.0159680638722555
0.25,261,-0.0906532663316583,0.0279441117764471
0.25,262,-0.107638190954774,0.00199600798403194
0.25,263,0.0174371859296482,0.580838323353293
0.25,264,-0.0552261306532663,0.207584830339321
0.25,265,0.0364824120603015,0.323353293413174
0.25,266,0.0105527638190955,0.644710578842315
0.25,267,0.0721608040201005,0.0738522954091816
0.25,268,-0.00663316582914573,0.830339321357285
0.25,269,-0.0500502512562814,0.245508982035928
0.25,270,0.0905527638190955,0.00998003992015968
0.25,271,0.0536180904522613,0.0558882235528942
0.25,272,0.0177889447236181,0.650698602794411
0.25,273,0.0934673366834171,0.0139720558882236
0.25,274,-0.0684924623115578,0.0419161676646707
0.25,275,0.0493467336683417,0.0479041916167665
0.25,276,0.0113065326633166,0.766467065868264
0.25,277,-0.0193467336683417,0.564870259481038
0.25,278,-0.0536683417085427,0.213572854291417
0.25,279,0.00211055276381909,0.954091816367265
0.25,280,-0.0784924623115578,0.0499001996007984
0.25,281,-0.0312060301507538,0.427145708582834
0.25,282,-0.0626633165829146,0.0179640718562874
0.25,283,-0.0693969849246231,0.0598802395209581
0.25,284,0.00457286432160804,0.856287425149701
0.25,285,-0.0809547738693467,0.0658682634730539
0.25,286,0.018643216080402,0.610778443113772
0.25,287,-0.00457286432160804,0.86626746506986
0.25,288,0.0374371859296482,0.235528942115768
0.25,289,-0.0139195979899497,0.660678642714571
0.25,290,-0.0755778894472362,0.00998003992015968
0.25,291,-0.0715075376884422,0.0439121756487026
0.25,292,0.024070351758794,0.457085828343313
0.25,293,0.105879396984925,0.00598802395209581
0.25,294,-0.126381909547739,0.00199600798403194
0.25,295,0.0484924623115578,0.0918163672654691
0.25,296,0.0492964824120603,0.093812375249501
0.25,297,-0.049748743718593,0.177644710578842
0.25,298,0.0272361809045226,0.235528942115768
0.25,299,-0.09,0.0239520958083832
0.25,300,-0.0607537688442211,0.137724550898204
0.25,301,-0.010251256281407,0.820359281437126
0.25,302,-0.00698492462311558,0.850299401197605
0.25,303,0.0402010050251256,0.377245508982036
0.25,304,0.00899497487437186,0.626746506986028
0.25,305,-0.0563316582914573,0.129740518962076
0.25,306,0.0970854271356784,0.00399201596806387
0.25,307,0.0976381909547739,0.00199600798403194
0.25,308,0.00678391959798995,0.732534930139721
0.25,309,-0.0524623115577889,0.00598802395209581
0.25,310,0.00502512562814071,0.900199600798403
0.25,311,-0.0617587939698492,0.0139720558882236
0.25,312,0.00778894472361809,0.88622754491018
0.25,313,0.00633165829145728,0.882235528942116
0.25,314,-0.0567336683417085,0.127744510978044
0.25,315,-0.00170854271356784,0.960079840319361
0.25,316,0.00371859296482412,0.918163672654691
0.25,317,-0.000904522613065327,0.958083832335329
0.25,318,-0.0157788944723618,0.540918163672655
0.25,319,0.00562814070351759,0.868263473053892
0.25,320,0.011608040201005,0.586826347305389
0.25,321,-0.0362814070351759,0.199600798403194
0.25,322,0.123417085427136,0.00199600798403194
0.25,323,-0.0267336683417085,0.413173652694611
0.25,324,0.101859296482412,0.00598802395209581
0.25,325,0.118844221105528,0.00199600798403194
0.25,326,0.0804522613065327,0.0439121756487026
0.25,327,-0.0711557788944724,0.0798403193612774
0.25,328,-0.0100502512562814,0.790419161676647
0.25,329,0.0371859296482412,0.301397205588822
0.25,330,-0.0119095477386935,0.728542914171657
0.25,331,-0.0198492462311558,0.644710578842315
0.25,332,0.151658291457286,0.00199600798403194
0.25,333,-0.0141708542713568,0.724550898203593
0.25,334,-0.0312562814070352,0.289421157684631
0.25,335,0.0199497487437186,0.590818363273453
0.25,336,-0.0679396984924623,0.0399201596806387
0.25,337,0.00864321608040201,0.818363273453094
0.25,338,0.10748743718593,0.0119760479041916
0.25,339,0.140050251256281,0.00199600798403194
0.25,340,0.0362311557788945,0.359281437125749
0.25,341,-0.127336683417085,0.00998003992015968
0.25,342,-0.061608040201005,0.117764471057884
0.25,343,0.0138693467336683,0.722554890219561
0.25,344,-0.00130653266331658,0.968063872255489
0.25,345,0.0453768844221106,0.225548902195609
0.25,346,-0.0279396984924623,0.315369261477046
0.25,347,-0.0334170854271357,0.359281437125749
0.25,348,-0.029748743718593,0.147704590818363
0.25,349,-0.0991959798994975,0.0259481037924152
0.25,350,0.0508040201005025,0.147704590818363
0.25,351,-0.0798994974874372,0.0598802395209581
0.25,352,0.00608040201005025,0.808383233532934
0.25,353,-0.0812060301507538,0.0399201596806387
0.25,354,-0.0110050251256281,0.81437125748503
0.25,355,0.0498994974874372,0.153692614770459
0.25,356,0.0576381909547739,0.13373253493014
0.25,357,-0.0341206030150754,0.331337325349301
0.25,358,0.0369346733668342,0.243512974051896
0.25,359,0.0372361809045226,0.389221556886228
0.25,360,0.0057286432160804,0.888223552894212
0.25,361,0.177437185929648,0.00199600798403194
0.25,362,0.0312060301507538,0.379241516966068
0.25,363,-0.137537688442211,0.00199600798403194
0.25,364,0.0256281407035176,0.528942115768463
0.25,365,0.0641708542713568,0.127744510978044
0.25,366,0.0193467336683417,0.658682634730539
0.25,367,0.0172361809045226,0.636726546906188
0.25,368,0.0452763819095477,0.161676646706587
0.25,369,0.028643216080402,0.419161676646707
0.25,370,0.130402010050251,0.00199600798403194
0.25,371,0.164070351758794,0.00199600798403194
0.25,372,0.106482412060301,0.0119760479041916
0.25,373,0.044321608040201,0.12375249500998
0.25,374,0.0791457286432161,0.0518962075848303
0.25,375,-0.0908040201005025,0.0179640718562874
0.25,376,-0.0195477386934673,0.570858283433134
0.25,377,0.0967839195979899,0.0119760479041916
0.25,378,0.011356783919598,0.778443113772455
0.25,379,0.0265326633165829,0.518962075848303
0.25,380,-0.0132663316582915,0.668662674650699
0.25,381,-0.0322110552763819,0.387225548902196
0.25,382,-0.100201005025126,0.00199600798403194
0.25,383,-0.0726130653266332,0.0918163672654691
0.25,384,-0.028391959798995,0.463073852295409
0.25,385,-0.0106532663316583,0.798403193612774
0.25,386,-0.0469346733668342,0.129740518962076
0.25,387,-0.103718592964824,0.00998003992015968
0.25,388,-0.0474371859296482,0.233532934131737
0.25,389,0.101105527638191,0.00399201596806387
0.25,390,-0.134371859296482,0.00199600798403194
0.25,391,-0.0573869346733668,0.12375249500998
0.25,392,-0.0639195979899498,0.0538922155688623
0.25,393,-0.0486934673366834,0.259481037924152
0.25,394,0.129849246231156,0.00199600798403194
0.25,395,0.0474874371859296,0.173652694610778
0.25,396,-0.0936180904522613,0.00399201596806387
0.25,397,-0.0517085427135678,0.183632734530938
0.25,398,-0.0282914572864322,0.315369261477046
0.25,399,-0.00316582914572864,0.940119760479042
0.25,400,0.0382914572864322,0.177644710578842
0.25,401,-0.0701507537688442,0.0998003992015968
0.25,402,0.0151256281407035,0.68063872255489
0.25,403,0.0664824120603015,0.0239520958083832
0.25,404,0.0365829145728643,0.281437125748503
0.25,405,-0.0408542713567839,0.263473053892216
0.25,406,0.118542713567839,0.00199600798403194
0.25,407,-0.0520603015075377,0.233532934131737
0.25,408,-0.105979899497487,0.00998003992015968
0.25,409,-0.038643216080402,0.271457085828343
0.25,410,-0.0516582914572864,0.111776447105788
0.25,411,0.0541206030150754,0.0219560878243513
0.25,412,-0.00597989949748744,0.882235528942116
0.25,413,-0.0230653266331658,0.48502994011976
0.25,414,0.0658291457286432,0.00199600798403194
0.25,415,-0.00170854271356784,0.974051896207585
0.25,416,-0.0662311557788945,0.0339321357285429
0.25,417,0.0463316582914573,0.163672654690619
0.25,418,0.102412060301508,0.00199600798403194
0.25,419,-0.0581909547738693,0.0738522954091816
0.25,420,-0.098391959798995,0.00199600798403194
0.25,421,-0.0360301507537688,0.157684630738523
0.25,422,-0.102562814070352,0.0159680638722555
0.25,423,0.0108542713567839,0.774451097804391
0.25,424,-0.0638190954773869,0.0558882235528942
0.25,425,0.0578894472361809,0.19560878243513
0.25,426,-0.0180904522613065,0.417165668662675
0.25,427,0.0158793969849246,0.666666666666667
0.25,428,0.011105527638191,0.744510978043912
0.25,429,0.0984924623115578,0.00399201596806387
0.25,430,-0.0402010050251256,0.25748502994012
0.25,431,0.0515075376884422,0.181636726546906
0.25,432,0.061105527638191,0.00798403193612774
0.25,433,-0.0410050251256281,0.303393213572854
0.25,434,0.0247738693467337,0.395209580838323
0.25,435,-0.0393969849246231,0.345309381237525
0.25,436,0.0325125628140703,0.419161676646707
0.25,437,0.0639195979899498,0.0139720558882236
0.25,438,-0.041356783919598,0.173652694610778
0.25,439,0.150502512562814,0.00199600798403194
0.25,440,0.0215577889447236,0.554890219560878
0.25,441,0.00120603015075377,0.976047904191617
0.25,442,0.0212562814070352,0.419161676646707
0.25,443,-0.00733668341708542,0.81437125748503
0.25,444,-0.0247236180904523,0.510978043912176
0.25,445,0.0459798994974874,0.173652694610778
0.25,446,-0.0250251256281407,0.512974051896208
0.25,447,-0.00728643216080402,0.794411177644711
0.25,448,-0.098894472361809,0.00399201596806387
0.25,449,0.0203015075376884,0.405189620758483
0.25,450,-0.0576381909547739,0.181636726546906
0.25,451,-0.0510050251256281,0.217564870259481
0.25,452,0.0783417085427136,0.0738522954091816
0.25,453,0.151859296482412,0.00199600798403194
0.25,454,0.0418090452261307,0.201596806387226
0.25,455,-0.0593969849246231,0.145708582834331
0.25,456,-0.0552763819095477,0.187624750499002
0.25,457,0.121708542713568,0.00399201596806387
0.25,458,0.018391959798995,0.487025948103792
0.25,459,0.072713567839196,0.0459081836327345
0.25,460,0.0500502512562814,0.139720558882236
0.25,461,-0.0633668341708543,0.0798403193612774
0.25,462,-0.125025125628141,0.00199600798403194
0.25,463,-0.0186934673366834,0.510978043912176
0.25,464,0.0268844221105528,0.333333333333333
0.25,465,0.101005025125628,0.0159680638722555
0.25,466,0.11391959798995,0.00399201596806387
0.25,467,0.107788944723618,0.00798403193612774
0.25,468,0.0106532663316583,0.766467065868264
0.25,469,0.00110552763819096,0.976047904191617
0.25,470,0.00914572864321608,0.788423153692615
0.25,471,-0.0914572864321608,0.0279441117764471
0.25,472,0.0190452261306533,0.568862275449102
0.25,473,0.12251256281407,0.00199600798403194
0.25,474,0.0493969849246231,0.147704590818363
0.25,475,0.194321608040201,0.00199600798403194
0.25,476,-0.00834170854271357,0.828343313373254
0.25,477,0.00708542713567839,0.88622754491018
0.25,478,-0.0190954773869347,0.646706586826347
0.25,479,0.0690452261306533,0.0678642714570858
0.25,480,-0.0820603015075377,0.0159680638722555
0.25,481,-0.0109045226130653,0.578842315369261
0.25,482,0.000904522613065327,0.980039920159681
0.25,483,-0.0482412060301508,0.093812375249501
0.25,484,-0.0509547738693467,0.229540918163673
0.25,485,0.0537688442211055,0.127744510978044
0.25,486,-0.030251256281407,0.351297405189621
0.25,487,-0.0262311557788945,0.520958083832335
0.25,488,0.155527638190955,0.00199600798403194
0.25,489,-0.00226130653266331,0.958083832335329
0.25,490,0.00321608040201005,0.922155688622755
0.25,491,0.146532663316583,0.00199600798403194
0.25,492,0.0175879396984925,0.658682634730539
0.25,493,0.0818592964824121,0.0459081836327345
0.25,494,0.025678391959799,0.405189620758483
0.25,495,-0.000251256281407033,0.986027944111776
0.25,496,0.0879396984924623,0.0219560878243513
0.25,497,0.103065326633166,0.00399201596806387
0.25,498,0.048894472361809,0.0598802395209581
0.25,499,-0.0660804020100502,0.141716566866267
0.25,500,0.0486934673366834,0.0459081836327345
0.25,501,0.0159798994974874,0.582834331337325
0.25,502,0.0177386934673367,0.63872255489022
0.25,503,-0.0850753768844221,0.00399201596806387
0.25,504,0.10713567839196,0.00199600798403194
0.25,505,-0.0168844221105528,0.608782435129741
0.25,506,-0.0196984924623116,0.469061876247505
0.25,507,0.115226130653266,0.00199600798403194
0.25,508,-0.0724120603015075,0.0678642714570858
0.25,509,0.00296482412060301,0.936127744510978
0.25,510,0.0848743718592965,0.00399201596806387
0.25,511,-0.0278894472361809,0.425149700598802
0.25,512,0.00130653266331658,0.952095808383233
0.25,513,0.00618090452261307,0.87624750499002
0.25,514,-0.0363819095477387,0.275449101796407
0.25,515,-0.0430653266331658,0.217564870259481
0.25,516,0.0119597989949749,0.67065868263473
0.25,517,0.00577889447236181,0.856287425149701
0.25,518,0.0737185929648241,0.0159680638722555
0.25,519,-0.0560301507537688,0.137724550898204
0.25,520,-0.0189949748743719,0.568862275449102
0.25,521,-0.0194974874371859,0.508982035928144
0.25,522,-0.0117587939698492,0.678642714570858
0.25,523,-0.00246231155778894,0.900199600798403
0.25,524,0.140251256281407,0.00199600798403194
0.25,525,-0.0339698492462312,0.337325349301397
0.25,526,0.127688442211055,0.00199600798403194
0.25,527,0.0398994974874372,0.293413173652695
0.25,528,-0.0272361809045226,0.449101796407186
0.25,529,-0.0975376884422111,0.0259481037924152
0.25,530,-0.0430150753768844,0.201596806387226
0.25,531,-0.0977386934673367,0.0179640718562874
0.25,532,-0.114422110552764,0.00399201596806387
0.25,533,0.0475879396984925,0.0898203592814371
0.25,534,-0.0775376884422111,0.0279441117764471
0.25,535,-0.101306532663317,0.00798403193612774
0.25,536,0.00402010050251257,0.92814371257485
0.25,537,0.0784924623115578,0.0578842315369262
0.25,538,0.118341708542714,0.00399201596806387
0.25,539,-0.0661306532663316,0.161676646706587
0.25,540,0.00633165829145728,0.852295409181637
0.25,541,0.0644723618090452,0.0978043912175649
0.25,542,-0.0168844221105528,0.57684630738523
0.25,543,0.0743718592964824,0.101796407185629
0.25,544,0.0710552763819095,0.0978043912175649
0.25,545,-0.000904522613065327,0.976047904191617
0.25,546,-0.0518592964824121,0.137724550898204
0.25,547,0.0165829145728643,0.624750499001996
0.25,548,0.0255276381909548,0.56686626746507
0.25,549,0.0108040201005025,0.67065868263473
0.25,550,0.0639698492462312,0.105788423153693
0.25,551,-0.00361809045226131,0.906187624750499
0.25,552,0.00969849246231156,0.794411177644711
0.25,553,-0.0220603015075377,0.339321357285429
0.25,554,0.128190954773869,0.00199600798403194
0.25,555,0.0706030150753769,0.063872255489022
0.25,556,0.0710050251256281,0.0379241516966068
0.25,557,-0.11748743718593,0.00598802395209581
0.25,558,-0.0228643216080402,0.540918163672655
0.25,559,-0.0698994974874372,0.0698602794411178
0.25,560,-0.0887437185929648,0.0259481037924152
0.25,561,-0.0461306532663317,0.2375249500998
0.25,562,-0.00266331658291457,0.940119760479042
0.25,563,-0.143768844221106,0.00199600798403194
0.25,564,0.0258793969849246,0.524950099800399
0.25,565,-0.0249246231155779,0.483033932135729
0.25,566,-0.113115577889447,0.0119760479041916
0.25,567,-0.067286432160804,0.0518962075848303
0.25,568,0.00798994974874372,0.808383233532934
0.25,569,-0.0453266331658291,0.215568862275449
0.25,570,-0.04321608040201,0.229540918163673
0.25,571,0.0628643216080402,0.0798403193612774
0.25,572,0.0173869346733668,0.588822355289421
0.25,573,0.0771859296482412,0.029940119760479
0.25,574,-0.0285427135678392,0.445109780439122
0.25,575,0.153015075376884,0.00399201596806387
0.25,576,0.0461306532663317,0.111776447105788
0.25,577,0.0685427135678392,0.0718562874251497
0.25,578,0.0831155778894472,0.0538922155688623
0.25,579,0.0704522613065327,0.0419161676646707
0.25,580,-0.141407035175879,0.00199600798403194
0.25,581,0.11929648241206,0.00598802395209581
0.25,582,0.0782412060301508,0.0499001996007984
0.25,583,0.0337688442211055,0.293413173652695
0.25,584,-0.0506532663316583,0.0578842315369262
0.25,585,-0.101959798994975,0.00598802395209581
0.25,586,-0.0759798994974874,0.0339321357285429
0.25,587,0.061356783919598,0.0259481037924152
0.25,588,0.0277889447236181,0.305389221556886
0.25,589,-0.0125628140703518,0.674650698602794
0.25,590,0.0269849246231156,0.435129740518962
0.25,591,-0.028391959798995,0.475049900199601
0.25,592,0.048643216080402,0.137724550898204
0.25,593,-0.0374371859296482,0.25748502994012
0.25,594,0.065427135678392,0.131736526946108
0.25,595,-0.0354773869346734,0.331337325349301
0.25,596,-0.0266331658291457,0.463073852295409
0.25,597,-0.0879396984924623,0.0159680638722555
0.25,598,0.00979899497487437,0.774451097804391
0.25,599,-0.0432663316582915,0.303393213572854
0.25,600,-0.0246733668341709,0.550898203592814
0.25,601,-0.0136180904522613,0.748502994011976
0.25,602,0.00884422110552764,0.778443113772455
0.25,603,-0.133015075376884,0.00199600798403194
0.25,604,0.132412060301508,0.00199600798403194
0.25,605,0.0819597989949749,0.0179640718562874
0.25,606,0.0179396984924623,0.626746506986028
0.25,607,-0.01,0.768463073852295
0.25,608,-0.0679899497487437,0.0578842315369262
0.25,609,-0.0606532663316583,0.107784431137725
0.25,610,-0.021356783919598,0.558882235528942
0.25,611,0.00673366834170854,0.832335329341317
0.25,612,0.0595979899497487,0.0219560878243513
0.25,613,-0.133366834170854,0.00199600798403194
0.25,614,0.0923618090452261,0.00199600798403194
0.25,615,-0.0839698492462312,0.0379241516966068
0.25,616,-0.00402010050251256,0.892215568862275
0.25,617,0.088643216080402,0.0119760479041916
0.25,618,0.005678391959799,0.888223552894212
0.25,619,0.0505527638190955,0.153692614770459
0.25,620,-0.0770854271356784,0.029940119760479
0.25,621,0.0679899497487437,0.0279441117764471
0.25,622,-0.087035175879397,0.00998003992015968
0.25,623,-0.09,0.0139720558882236
0.25,624,-0.0404020100502513,0.261477045908184
0.25,625,0.0524623115577889,0.205588822355289
0.25,626,0.00251256281407035,0.942115768463074
0.25,627,0.0644221105527638,0.0558882235528942
0.25,628,0.0365829145728643,0.377245508982036
0.25,629,-0.0801507537688442,0.0399201596806387
0.25,630,0.0333668341708543,0.251497005988024
0.25,631,0.161105527638191,0.00199600798403194
0.25,632,0.0310050251256281,0.383233532934132
0.25,633,0.0633668341708543,0.0738522954091816
0.25,634,-0.165577889447236,0.00199600798403194
0.25,635,0.0325628140703518,0.429141716566866
0.25,636,0.0123115577889447,0.712574850299401
0.25,637,0.0193467336683417,0.554890219560878
0.25,638,0.0100502512562814,0.80439121756487
0.25,639,0.0182412060301508,0.632734530938124
0.25,640,0.0492462311557789,0.209580838323353
0.25,641,0.0308542713567839,0.407185628742515
0.25,642,-0.0421105527638191,0.333333333333333
0.25,643,-0.0640201005025126,0.0698602794411178
0.25,644,-0.0687939698492462,0.0698602794411178
0.25,645,0.0549748743718593,0.0818363273453094
0.25,646,0.0649246231155779,0.0818363273453094
0.25,647,-0.0638693467336683,0.179640718562874
0.25,648,-0.0629145728643216,0.0279441117764471
0.25,649,-0.0965326633165829,0.0239520958083832
0.25,650,-0.104824120603015,0.0119760479041916
0.25,651,-0.0303517587939698,0.347305389221557
0.25,652,-0.0530150753768844,0.173652694610778
0.25,653,-0.0963819095477387,0.0139720558882236
0.25,654,0.0778894472361809,0.029940119760479
0.25,655,0.0452763819095477,0.171656686626747
0.25,656,0.00185929648241206,0.946107784431138
0.25,657,0.0415075376884422,0.101796407185629
0.25,658,0.0124120603015075,0.766467065868264
0.25,659,0.0793969849246231,0.00399201596806387
0.25,660,0.0476381909547739,0.209580838323353
0.25,661,0.0120603015075377,0.774451097804391
0.25,662,-0.025678391959799,0.499001996007984
0.25,663,-0.00130653266331658,0.972055888223553
0.25,664,-0.0236683417085427,0.181636726546906
0.25,665,0.0362814070351759,0.265469061876248
0.25,666,-0.0454773869346734,0.215568862275449
0.25,667,0.0288442211055276,0.445109780439122
0.25,668,0.039748743718593,0.205588822355289
0.25,669,-0.0185929648241206,0.648702594810379
0.25,670,0.00467336683417085,0.882235528942116
0.25,671,0.0306030150753769,0.253493013972056
0.25,672,-0.0888442211055276,0.0479041916167665
0.25,673,0.0724623115577889,0.0978043912175649
0.25,674,0.0142713567839196,0.532934131736527
0.25,675,0.0309547738693467,0.389221556886228
0.25,676,-0.0943718592964824,0.00399201596806387
0.25,677,0.0127638190954774,0.712574850299401
0.25,678,0.00793969849246231,0.774451097804391
0.25,679,-0.0543718592964824,0.143712574850299
0.25,680,-0.0718592964824121,0.06187624750499
0.25,681,0.0275879396984925,0.463073852295409
0.25,682,-0.0660804020100502,0.0738522954091816
0.25,683,0.029748743718593,0.407185628742515
0.25,684,0.0764824120603015,0.0359281437125748
0.25,685,-0.0764321608040201,0.0479041916167665
0.25,686,0.120804020100503,0.00399201596806387
0.25,687,0.069748743718593,0.0379241516966068
0.25,688,0.0443718592964824,0.093812375249501
0.25,689,-0.0633165829145729,0.0898203592814371
0.25,690,-0.0817085427135678,0.0499001996007984
0.25,691,-0.0349748743718593,0.405189620758483
0.25,692,0.0277889447236181,0.49500998003992
0.25,693,-0.0300502512562814,0.409181636726547
0.25,694,-0.0421105527638191,0.281437125748503
0.25,695,0.0561809045226131,0.165668662674651
0.25,696,-0.00201005025125628,0.956087824351297
0.25,697,0.0577889447236181,0.0259481037924152
0.25,698,0.0765326633165829,0.0119760479041916
0.25,699,0.0268844221105528,0.461077844311377
0.25,700,0.0505025125628141,0.221556886227545
0.25,701,-0.0912562814070352,0.0139720558882236
0.25,702,0.0590452261306533,0.0818363273453094
0.25,703,0.0163316582914573,0.674650698602794
0.25,704,-0.0112562814070352,0.696606786427146
0.25,705,0.0144221105527638,0.668662674650699
0.25,706,-0.0743718592964824,0.0379241516966068
0.25,707,0.0719597989949749,0.0518962075848303
0.25,708,0.0915577889447236,0.0479041916167665
0.25,709,0.0121608040201005,0.728542914171657
0.25,710,0.0528643216080402,0.0998003992015968
0.25,711,0.163768844221106,0.00199600798403194
0.25,712,0.0301005025125628,0.447105788423154
0.25,713,-0.0360804020100502,0.37125748502994
0.25,714,0.0366834170854271,0.149700598802395
0.25,715,-0.0794974874371859,0.0459081836327345
0.25,716,0.0331155778894472,0.409181636726547
0.25,717,-0.0596984924623116,0.135728542914172
0.25,718,-0.0275879396984925,0.512974051896208
0.25,719,-0.00984924623115578,0.756487025948104
0.25,720,-0.0353266331658291,0.261477045908184
0.25,721,0.0364321608040201,0.209580838323353
0.25,722,0.00301507537688442,0.944111776447106
0.25,723,-0.0472361809045226,0.201596806387226
0.25,724,-0.0330653266331658,0.357285429141717
0.25,725,0.130653266331658,0.00199600798403194
0.25,726,-0.0471356783919598,0.217564870259481
0.25,727,-0.0904522613065327,0.0139720558882236
0.25,728,0.084572864321608,0.0399201596806387
0.25,729,-0.0310050251256281,0.315369261477046
0.25,730,0.0232663316582915,0.481037924151697
0.25,731,0.0174874371859296,0.636726546906188
0.25,732,0.018894472361809,0.684630738522954
0.25,733,-0.0825125628140704,0.0818363273453094
0.25,734,-0.129346733668342,0.00399201596806387
0.25,735,-0.00241206030150754,0.940119760479042
0.25,736,0.00527638190954774,0.884231536926148
0.25,737,0.0819597989949749,0.0359281437125748
0.25,738,-0.00467336683417085,0.920159680638723
0.25,739,-0.0670854271356784,0.119760479041916
0.25,740,0.0114572864321608,0.678642714570858
0.25,741,-0.0185427135678392,0.624750499001996
0.25,742,0.0361809045226131,0.315369261477046
0.25,743,-0.0028140703517588,0.950099800399202
0.25,744,-0.0141708542713568,0.648702594810379
0.25,745,0.0375879396984925,0.211576846307385
0.25,746,0.156331658291457,0.00199600798403194
0.25,747,0.0616582914572864,0.0159680638722555
0.25,748,-0.0515075376884422,0.203592814371257
0.25,749,0.0632663316582915,0.0918163672654691
0.25,750,0.0408542713567839,0.209580838323353
0.25,751,-0.0420603015075377,0.205588822355289
0.25,752,0.0575376884422111,0.11377245508982
0.25,753,0.00904522613065326,0.772455089820359
0.25,754,0.0182412060301508,0.588822355289421
0.25,755,0.0931155778894472,0.00399201596806387
0.25,756,0.0837185929648241,0.0279441117764471
0.25,757,-0.0308040201005025,0.243512974051896
0.25,758,0.0580402010050251,0.13373253493014
0.25,759,0.0942713567839196,0.0359281437125748
0.25,760,-0.0506532663316583,0.0578842315369262
0.25,761,0.0892964824120603,0.00598802395209581
0.25,762,0.00814070351758794,0.802395209580838
0.25,763,-0.0264824120603015,0.441117764471058
0.25,764,0.0923115577889447,0.0119760479041916
0.25,765,0.05678391959799,0.105788423153693
0.25,766,0.0133165829145729,0.732534930139721
0.25,767,-0.00974874371859296,0.816367265469062
0.25,768,-0.0694472361809045,0.0958083832335329
0.25,769,0.0206030150753769,0.506986027944112
0.25,770,-0.102361809045226,0.00998003992015968
0.25,771,-0.0619095477386935,0.117764471057884
0.25,772,-0.0748743718592965,0.063872255489022
0.25,773,0.0317587939698492,0.42315369261477
0.25,774,0.0169849246231156,0.606786427145709
0.25,775,-0.132613065326633,0.00199600798403194
0.25,776,-0.11678391959799,0.00598802395209581
0.25,777,-0.0897989949748744,0.0339321357285429
0.25,778,0.101206030150754,0.0119760479041916
0.25,779,0.00819095477386935,0.842315369261477
0.25,780,0.0105025125628141,0.796407185628742
0.25,781,-0.0477889447236181,0.159680638722555
0.25,782,0.0539698492462312,0.137724550898204
0.25,783,-0.00150753768844221,0.956087824351297
0.25,784,0.00778894472361809,0.774451097804391
0.25,785,0.0858291457286432,0.00598802395209581
0.25,786,-0.0291457286432161,0.325349301397206
0.25,787,-0.021608040201005,0.590818363273453
0.25,788,-0.0211557788944724,0.596806387225549
0.25,789,0.085427135678392,0.0119760479041916
0.25,790,-0.00291457286432161,0.920159680638723
0.25,791,0.0649246231155779,0.031936127744511
0.25,792,-0.0343718592964824,0.411177644710579
0.25,793,-0.020251256281407,0.524950099800399
0.25,794,0.0165326633165829,0.606786427145709
0.25,795,0.124924623115578,0.00399201596806387
0.25,796,-0.107738693467337,0.00598802395209581
0.25,797,-0.0912060301507538,0.0119760479041916
0.25,798,-0.0296482412060302,0.43313373253493
0.25,799,-0.0117587939698492,0.722554890219561
0.25,800,0.0293969849246231,0.427145708582834
0.25,801,-0.0191959798994975,0.602794411177645
0.25,802,0.0896984924623116,0.0119760479041916
0.25,803,-0.150854271356784,0.00199600798403194
0.25,804,0.0646231155778894,0.0119760479041916
0.25,805,-0.0269346733668342,0.401197604790419
0.25,806,0.0119597989949749,0.766467065868264
0.25,807,-0.0448743718592965,0.147704590818363
0.25,808,-0.0771356783919598,0.0279441117764471
0.25,809,0.00949748743718593,0.790419161676647
0.25,810,0.137437185929648,0.00199600798403194
0.25,811,-0.0511557788944724,0.141716566866267
0.25,812,0.0460804020100503,0.17564870259481
0.25,813,0.0568844221105528,0.169660678642715
0.25,814,-0.0557788944723618,0.143712574850299
0.25,815,-0.0239195979899497,0.437125748502994
0.25,816,-0.0380402010050251,0.141716566866267
0.25,817,-0.0761306532663317,0.0399201596806387
0.25,818,-0.0171356783919598,0.734530938123752
0.25,819,-0.0861306532663317,0.0339321357285429
0.25,820,0.0323115577889447,0.289421157684631
0.25,821,0.0860301507537688,0.0219560878243513
0.25,822,-0.00608040201005025,0.822355289421158
0.25,823,0.0633165829145729,0.109780439121756
0.25,824,-0.0777386934673367,0.0179640718562874
0.25,825,0.00849246231155779,0.818363273453094
0.25,826,0.0965829145728643,0.0159680638722555
0.25,827,-0.061105527638191,0.00798403193612774
0.25,828,0.00492462311557789,0.896207584830339
0.25,829,-0.0262311557788945,0.323353293413174
0.25,830,-0.0504020100502513,0.199600798403194
0.25,831,0.0112562814070352,0.770459081836327
0.25,832,0.12894472361809,0.00199600798403194
0.25,833,-0.0619095477386935,0.161676646706587
0.25,834,-0.0368844221105528,0.209580838323353
0.25,835,0.0142713567839196,0.650698602794411
0.25,836,-0.0599497487437186,0.0558882235528942
0.25,837,-0.0845226130653266,0.0199600798403194
0.25,838,0.0209547738693467,0.622754491017964
0.25,839,-0.0636683417085427,0.111776447105788
0.25,840,0.0387939698492462,0.30938123752495
0.25,841,-0.017035175879397,0.656686626746507
0.25,842,0.0364321608040201,0.199600798403194
0.25,843,0.0621105527638191,0.125748502994012
0.25,844,-0.0467336683417085,0.203592814371257
0.25,845,-0.0194974874371859,0.534930139720559
0.25,846,-0.0208040201005025,0.630738522954092
0.25,847,-0.0433668341708543,0.253493013972056
0.25,848,0.0526130653266332,0.173652694610778
0.25,849,-0.0140201005025126,0.758483033932136
0.25,850,0.123065326633166,0.00199600798403194
0.25,851,-0.00201005025125628,0.956087824351297
0.25,852,0.0249246231155779,0.435129740518962
0.25,853,-0.0355276381909548,0.239520958083832
0.25,854,0.019748743718593,0.602794411177645
0.25,855,0.0425125628140703,0.325349301397206
0.25,856,-0.00442211055276382,0.922155688622755
0.25,857,0.0582914572864322,0.125748502994012
0.25,858,-0.00703517587939699,0.852295409181637
0.25,859,0.0252763819095477,0.427145708582834
0.25,860,0.0204020100502513,0.500998003992016
0.25,861,0.0903015075376884,0.0159680638722555
0.25,862,-0.0383417085427136,0.347305389221557
0.25,863,-0.0458291457286432,0.263473053892216
0.25,864,-0.0506030150753769,0.207584830339321
0.25,865,0.0151758793969849,0.716566866267465
0.25,866,0.0165326633165829,0.662674650698603
0.25,867,0.0230653266331658,0.395209580838323
0.25,868,-0.0261306532663317,0.439121756487026
0.25,869,0.098391959798995,0.0139720558882236
0.25,870,-0.0917587939698492,0.0119760479041916
0.25,871,0.0231155778894472,0.389221556886228
0.25,872,0.0931155778894472,0.0259481037924152
0.25,873,-0.0128140703517588,0.652694610778443
0.25,874,0.100050251256281,0.0159680638722555
0.25,875,0.00924623115577889,0.776447105788423
0.25,876,0.051105527638191,0.225548902195609
0.25,877,-0.000653266331658288,0.992015968063872
0.25,878,0.0242713567839196,0.347305389221557
0.25,879,-0.0590954773869347,0.159680638722555
0.25,880,0.140653266331658,0.00199600798403194
0.25,881,0.0681909547738693,0.029940119760479
0.25,882,-0.0264321608040201,0.465069860279441
0.25,883,-0.0489447236180904,0.217564870259481
0.25,884,-0.0792462311557789,0.00199600798403194
0.25,885,0.0870854271356784,0.0439121756487026
0.25,886,0.0115075376884422,0.688622754491018
0.25,887,-0.00552763819095478,0.848303393213573
0.25,888,-0.017286432160804,0.596806387225549
0.25,889,0.0728140703517588,0.0598802395209581
0.25,890,-0.122361809045226,0.00199600798403194
0.25,891,0.183969849246231,0.00199600798403194
0.25,892,-0.0183417085427136,0.652694610778443
0.25,893,-0.0561809045226131,0.11377245508982
0.25,894,-0.0384924623115578,0.291417165668663
0.25,895,0.0498492462311558,0.139720558882236
0.25,896,0.0252261306532663,0.393213572854291
0.25,897,-0.0711557788944724,0.0678642714570858
0.25,898,-0.0123618090452261,0.69061876247505
0.25,899,-0.0239195979899497,0.333333333333333
0.25,900,-0.0537688442211055,0.209580838323353
0.25,901,0.0580402010050251,0.0518962075848303
0.25,902,-0.0451256281407035,0.169660678642715
0.25,903,0.0130653266331658,0.718562874251497
0.25,904,0.00241206030150754,0.946107784431138
0.25,905,0.0373366834170854,0.187624750499002
0.25,906,0.0919597989949749,0.0179640718562874
0.25,907,0.0434673366834171,0.205588822355289
0.25,908,0.11391959798995,0.00598802395209581
0.25,909,0.0107035175879397,0.74251497005988
0.25,910,-0.0387437185929648,0.317365269461078
0.25,911,-0.0818592964824121,0.00598802395209581
0.25,912,-0.0104020100502513,0.838323353293413
0.25,913,0.039748743718593,0.261477045908184
0.25,914,-0.0308040201005025,0.255489021956088
0.25,915,0.0906532663316583,0.00399201596806387
0.25,916,0.0121608040201005,0.74251497005988
0.25,917,-0.130854271356784,0.00798403193612774
0.25,918,0.0213065326633166,0.578842315369261
0.25,919,-0.0133165829145729,0.728542914171657
0.25,920,-0.107085427135678,0.00598802395209581
0.25,921,-0.122010050251256,0.00399201596806387
0.25,922,-0.00582914572864322,0.890219560878243
0.25,923,-0.114120603015075,0.00798403193612774
0.25,924,0.0125125628140704,0.724550898203593
0.25,925,0.0874371859296482,0.0139720558882236
0.25,926,0.0349748743718593,0.31936127744511
0.25,927,0.0961306532663317,0.00598802395209581
0.25,928,0.0150251256281407,0.688622754491018
0.25,929,-0.0880904522613065,0.00798403193612774
0.25,930,-0.00753768844221105,0.846307385229541
0.25,931,0.0143718592964824,0.664670658682635
0.25,932,0.123618090452261,0.00598802395209581
0.25,933,-0.0253768844221106,0.516966067864271
0.25,934,-0.000954773869346733,0.986027944111776
0.25,935,0.0232160804020101,0.48502994011976
0.25,936,-0.0616582914572864,0.0179640718562874
0.25,937,-0.0601005025125628,0.18562874251497
0.25,938,0.00683417085427136,0.718562874251497
0.25,939,-0.0621608040201005,0.063872255489022
0.25,940,-0.109748743718593,0.0179640718562874
0.25,941,-0.00623115577889448,0.852295409181637
0.25,942,0.00336683417085428,0.924151696606786
0.25,943,-0.137889447236181,0.00199600798403194
0.25,944,0.114874371859296,0.00199600798403194
0.25,945,0.0718592964824121,0.0558882235528942
0.25,946,0.000100502512562813,0.998003992015968
0.25,947,-0.00407035175879397,0.888223552894212
0.25,948,0.0913065326633166,0.00199600798403194
0.25,949,-0.0787939698492462,0.0199600798403194
0.25,950,0.0414572864321608,0.365269461077844
0.25,951,0.00105527638190955,0.980039920159681
0.25,952,0.0218592964824121,0.522954091816367
0.25,953,-0.00537688442211056,0.868263473053892
0.25,954,0.0461809045226131,0.267465069860279
0.25,955,0.0688442211055276,0.0658682634730539
0.25,956,0.0205025125628141,0.6187624750499
0.25,957,-0.005678391959799,0.896207584830339
0.25,958,-0.0742211055276382,0.0698602794411178
0.25,959,-0.0678391959798995,0.063872255489022
0.25,960,0.113366834170854,0.00598802395209581
0.25,961,-0.049748743718593,0.169660678642715
0.25,962,0.143618090452261,0.00199600798403194
0.25,963,-0.0221608040201005,0.463073852295409
0.25,964,0.0969849246231156,0.0219560878243513
0.25,965,0.0170854271356784,0.68063872255489
0.25,966,0.00206030150753769,0.93812375249501
0.25,967,-0.0638693467336683,0.0918163672654691
0.25,968,0.0357788944723618,0.331337325349301
0.25,969,0.01,0.802395209580838
0.25,970,-0.136633165829146,0.00199600798403194
0.25,971,-0.0445226130653266,0.283433133732535
0.25,972,-0.0175376884422111,0.662674650698603
0.25,973,0.0117587939698492,0.774451097804391
0.25,974,-0.00939698492462311,0.794411177644711
0.25,975,0.109396984924623,0.00998003992015968
0.25,976,-0.0298492462311558,0.349301397205589
0.25,977,-0.121859296482412,0.00598802395209581
0.25,978,-0.104773869346734,0.00399201596806387
0.25,979,0.0798492462311558,0.00798403193612774
0.25,980,0.00351758793969849,0.914171656686627
0.25,981,0.154673366834171,0.00199600798403194
0.25,982,-0.0258291457286432,0.483033932135729
0.25,983,-0.0303015075376884,0.479041916167665
0.25,984,0.0593969849246231,0.161676646706587
0.25,985,-0.0455276381909548,0.25748502994012
0.25,986,0.138643216080402,0.00199600798403194
0.25,987,-0.00879396984924623,0.796407185628742
0.25,988,0.0246733668341709,0.526946107784431
0.25,989,0.0666331658291457,0.06187624750499
0.25,990,-0.134623115577889,0.00598802395209581
0.25,991,-0.0302010050251256,0.429141716566866
0.25,992,0.0346733668341709,0.205588822355289
0.25,993,0.0404522613065327,0.181636726546906
0.25,994,-0.052964824120603,0.161676646706587
0.25,995,0.044572864321608,0.203592814371257
0.25,996,-0.00412060301507538,0.916167664670659
0.25,997,-0.0516582914572864,0.121756487025948
0.25,998,-0.0546231155778894,0.0598802395209581
0.25,999,-0.0919095477386935,0.00798403193612774
0.25,1000,0.156180904522613,0.00199600798403194
0.5,1,0.0753266331658291,0.029940119760479
0.5,2,0.0806532663316583,0.0678642714570858
0.5,3,-0.00155778894472362,0.968063872255489
0.5,4,0.0520100502512563,0.0159680638722555
0.5,5,0.000201005025125628,0.996007984031936
0.5,6,-0.0293969849246231,0.43313373253493
0.5,7,-0.00778894472361809,0.836327345309381
0.5,8,0.0365326633165829,0.297405189620758
0.5,9,-0.0443718592964824,0.251497005988024
0.5,10,-0.0216582914572864,0.445109780439122
0.5,11,0.031105527638191,0.411177644710579
0.5,12,-0.00100502512562814,0.978043912175649
0.5,13,-0.0307537688442211,0.409181636726547
0.5,14,-0.00437185929648241,0.902195608782435
0.5,15,-0.0375879396984925,0.395209580838323
0.5,16,-0.13643216080402,0.00199600798403194
0.5,17,-0.00703517587939699,0.852295409181637
0.5,18,0.0244723618090452,0.491017964071856
0.5,19,0.00839195979899498,0.774451097804391
0.5,20,-0.0527638190954774,0.115768463073852
0.5,21,0.0686934673366834,0.125748502994012
0.5,22,-0.00527638190954774,0.860279441117764
0.5,23,0.0216582914572864,0.568862275449102
0.5,24,-0.0884422110552764,0.0339321357285429
0.5,25,-0.0529145728643216,0.111776447105788
0.5,26,0.00597989949748744,0.846307385229541
0.5,27,-0.0428140703517588,0.211576846307385
0.5,28,-0.0320603015075377,0.353293413173653
0.5,29,-0.0221608040201005,0.522954091816367
0.5,30,-0.132110552763819,0.00199600798403194
0.5,31,0.0590452261306533,0.031936127744511
0.5,32,-0.0265326633165829,0.502994011976048
0.5,33,0.011105527638191,0.746506986027944
0.5,34,-0.0374371859296482,0.279441117764471
0.5,35,-0.0215577889447236,0.467065868263473
0.5,36,-0.00949748743718593,0.81437125748503
0.5,37,-0.00633165829145729,0.868263473053892
0.5,38,-0.106834170854271,0.00199600798403194
0.5,39,-0.00246231155778894,0.936127744510978
0.5,40,-0.004321608040201,0.934131736526946
0.5,41,-0.00994974874371859,0.796407185628742
0.5,42,-0.0169346733668342,0.554890219560878
0.5,43,-0.0562814070351759,0.17564870259481
0.5,44,-0.0438190954773869,0.161676646706587
0.5,45,-0.0105025125628141,0.706586826347305
0.5,46,-0.0534170854271357,0.0339321357285429
0.5,47,0.0261809045226131,0.383233532934132
0.5,48,-0.054572864321608,0.139720558882236
0.5,49,0.0394974874371859,0.273453093812375
0.5,50,0.00376884422110553,0.898203592814371
0.5,51,0.0779396984924623,0.0379241516966068
0.5,52,0.00557788944723618,0.832335329341317
0.5,53,-0.0342713567839196,0.281437125748503
0.5,54,0.0107035175879397,0.790419161676647
0.5,55,0.0783417085427136,0.0778443113772455
0.5,56,0.137035175879397,0.00199600798403194
0.5,57,0.0648743718592965,0.125748502994012
0.5,58,-0.116532663316583,0.00199600798403194
0.5,59,-0.0947738693467337,0.00998003992015968
0.5,60,0.108994974874372,0.00598802395209581
0.5,61,-0.0903517587939699,0.0199600798403194
0.5,62,0.00763819095477387,0.838323353293413
0.5,63,-0.0531658291457286,0.157684630738523
0.5,64,0.0446733668341708,0.197604790419162
0.5,65,0.00100502512562814,0.968063872255489
0.5,66,-0.0438190954773869,0.293413173652695
0.5,67,-0.0974371859296482,0.00399201596806387
0.5,68,0.00974874371859296,0.810379241516966
0.5,69,0.0110552763819096,0.806387225548902
0.5,70,-0.10894472361809,0.00199600798403194
0.5,71,-0.0561306532663317,0.193612774451098
0.5,72,-0.078643216080402,0.0518962075848303
0.5,73,0.0338693467336683,0.303393213572854
0.5,74,0.0840201005025126,0.029940119760479
0.5,75,-0.0568341708542714,0.107784431137725
0.5,76,-0.00748743718592965,0.846307385229541
0.5,77,-0.0763819095477387,0.0379241516966068
0.5,78,0.000201005025125619,0.998003992015968
0.5,79,0.111809045226131,0.0159680638722555
0.5,80,-0.00110552763819095,0.970059880239521
0.5,81,0.0378894472361809,0.255489021956088
0.5,82,-0.0321105527638191,0.325349301397206
0.5,83,-0.00306532663316583,0.934131736526946
0.5,84,-0.0369346733668342,0.223552894211577
0.5,85,-0.0366834170854271,0.375249500998004
0.5,86,0.0107035175879397,0.738522954091816
0.5,87,-0.248743718592965,0.00199600798403194
0.5,88,-0.074070351758794,0.0798403193612774
0.5,89,-0.081356783919598,0.0259481037924152
0.5,90,-0.0282412060301508,0.465069860279441
0.5,91,0.0251758793969849,0.439121756487026
0.5,92,0.0161809045226131,0.666666666666667
0.5,93,0.00306532663316583,0.896207584830339
0.5,94,0.0803015075376884,0.0698602794411178
0.5,95,-0.0298492462311558,0.329341317365269
0.5,96,-0.085678391959799,0.0119760479041916
0.5,97,0.0123618090452261,0.744510978043912
0.5,98,0.0415075376884422,0.25748502994012
0.5,99,-0.0553266331658291,0.0399201596806387
0.5,100,-0.018643216080402,0.634730538922156
0.5,101,0.0487437185929648,0.105788423153693
0.5,102,-0.0914070351758794,0.0119760479041916
0.5,103,0.147889447236181,0.00199600798403194
0.5,104,0.0112562814070352,0.74251497005988
0.5,105,0.0908040201005025,0.0219560878243513
0.5,106,-0.0560301507537688,0.223552894211577
0.5,107,-0.0823115577889447,0.0718562874251497
0.5,108,-0.0549748743718593,0.171656686626747
0.5,109,-0.0201507537688442,0.301397205588822
0.5,110,0.0510050251256281,0.115768463073852
0.5,111,-0.0522613065326633,0.125748502994012
0.5,112,-0.00417085427135679,0.936127744510978
0.5,113,-0.054321608040201,0.211576846307385
0.5,114,0.101105527638191,0.00798403193612774
0.5,115,0.0426130653266332,0.159680638722555
0.5,116,-0.0396482412060302,0.171656686626747
0.5,117,-0.0151256281407035,0.55688622754491
0.5,118,0.019748743718593,0.351297405189621
0.5,119,0.0142211055276382,0.702594810379242
0.5,120,0.0208542713567839,0.634730538922156
0.5,121,0.0508542713567839,0.137724550898204
0.5,122,0.0467336683417085,0.093812375249501
0.5,123,-0.051105527638191,0.191616766467066
0.5,124,-0.0444723618090452,0.259481037924152
0.5,125,-0.197738693467337,0.00199600798403194
0.5,126,0.0421105527638191,0.251497005988024
0.5,127,0.00246231155778894,0.912175648702595
0.5,128,0.0348743718592965,0.303393213572854
0.5,129,0.018391959798995,0.43313373253493
0.5,130,-0.0295477386934673,0.387225548902196
0.5,131,-0.0289949748743719,0.411177644710579
0.5,132,0.078643216080402,0.029940119760479
0.5,133,-0.000301507537688442,0.992015968063872
0.5,134,-0.101457286432161,0.0139720558882236
0.5,135,-0.0160301507537688,0.732534930139721
0.5,136,-0.00603015075376884,0.878243512974052
0.5,137,-0.0641206030150754,0.109780439121756
0.5,138,0.0419095477386935,0.25748502994012
0.5,139,-0.118844221105528,0.00399201596806387
0.5,140,0.0446733668341709,0.193612774451098
0.5,141,0.012964824120603,0.748502994011976
0.5,142,0.0477386934673367,0.103792415169661
0.5,143,0.0757286432160804,0.00598802395209581
0.5,144,-0.0731155778894472,0.06187624750499
0.5,145,0.0231658291457286,0.419161676646707
0.5,146,-0.0333165829145729,0.405189620758483
0.5,147,-0.00894472361809045,0.780439121756487
0.5,148,-0.0213065326633166,0.572854291417166
0.5,149,0.0181407035175879,0.510978043912176
0.5,150,-0.090251256281407,0.0219560878243513
0.5,151,-0.00417085427135678,0.898203592814371
0.5,152,-0.0113065326633166,0.770459081836327
0.5,153,-0.068643216080402,0.109780439121756
0.5,154,-0.0333668341708543,0.315369261477046
0.5,155,-0.124824120603015,0.00199600798403194
0.5,156,0.000452261306532661,0.986027944111776
0.5,157,-0.125226130653266,0.00399201596806387
0.5,158,-0.00537688442211055,0.890219560878243
0.5,159,-0.0715577889447236,0.0658682634730539
0.5,160,0.0380402010050251,0.215568862275449
0.5,161,-0.0649246231155779,0.0778443113772455
0.5,162,0.00507537688442211,0.892215568862275
0.5,163,-0.01321608040201,0.728542914171657
0.5,164,0.164723618090452,0.00199600798403194
0.5,165,0.0700502512562814,0.119760479041916
0.5,166,-0.0934673366834171,0.00798403193612774
0.5,167,0.0646733668341709,0.0439121756487026
0.5,168,-0.0155778894472362,0.636726546906188
0.5,169,0.0754773869346734,0.0958083832335329
0.5,170,-0.0939195979899498,0.00798403193612774
0.5,171,0.0837185929648241,0.00798403193612774
0.5,172,-0.0831155778894472,0.0259481037924152
0.5,173,0.0108040201005025,0.774451097804391
0.5,174,-0.0334673366834171,0.385229540918164
0.5,175,0.0457788944723618,0.143712574850299
0.5,176,-0.0469346733668342,0.24750499001996
0.5,177,0.0403517587939698,0.337325349301397
0.5,178,-0.0264321608040201,0.219560878243513
0.5,179,0.0185427135678392,0.6187624750499
0.5,180,0.0509045226130653,0.0578842315369262
0.5,181,-0.0469849246231156,0.163672654690619
0.5,182,0.115979899497487,0.00399201596806387
0.5,183,-0.00291457286432161,0.934131736526946
0.5,184,-0.0752763819095477,0.0479041916167665
0.5,185,-0.0652763819095477,0.0259481037924152
0.5,186,-0.126934673366834,0.00399201596806387
0.5,187,0.0437185929648241,0.17564870259481
0.5,188,0.0313065326633166,0.295409181636727
0.5,189,-0.0632160804020101,0.119760479041916
0.5,190,-0.0571859296482412,0.0598802395209581
0.5,191,0.0159798994974874,0.481037924151697
0.5,192,0.107035175879397,0.00199600798403194
0.5,193,-0.103366834170854,0.00598802395209581
0.5,194,-0.212713567839196,0.00199600798403194
0.5,195,0.005678391959799,0.870259481037924
0.5,196,-0.0118592964824121,0.796407185628742
0.5,197,-0.00477386934673367,0.904191616766467
0.5,198,-0.0182914572864322,0.568862275449102
0.5,199,0.00984924623115578,0.770459081836327
0.5,200,0.00537688442211056,0.914171656686627
0.5,201,0.0442211055276382,0.129740518962076
0.5,202,-0.229497487437186,0.00199600798403194
0.5,203,-0.0917085427135678,0.029940119760479
0.5,204,0.000351758793969851,0.998003992015968
0.5,205,-0.0292462311557789,0.439121756487026
0.5,206,-0.00306532663316583,0.946107784431138
0.5,207,0.0788442211055276,0.00798403193612774
0.5,208,5.02512562814086e-05,1
0.5,209,0.0636683417085427,0.063872255489022
0.5,210,-0.0133165829145729,0.710578842315369
0.5,211,-0.0941708542713568,0.0119760479041916
0.5,212,0.0216582914572864,0.590818363273453
0.5,213,-0.0361306532663317,0.193612774451098
0.5,214,-0.0573869346733668,0.105788423153693
0.5,215,0.00693467336683417,0.846307385229541
0.5,216,-0.0529145728643216,0.0818363273453094
0.5,217,-0.00417085427135678,0.892215568862275
0.5,218,-0.00738693467336683,0.854291417165669
0.5,219,0.116582914572864,0.00199600798403194
0.5,220,-0.0507035175879397,0.135728542914172
0.5,221,-0.095427135678392,0.0219560878243513
0.5,222,-0.0325628140703518,0.453093812375249
0.5,223,-0.0667839195979899,0.063872255489022
0.5,224,0.0112562814070352,0.790419161676647
0.5,225,-0.0170854271356784,0.574850299401198
0.5,226,-0.0318090452261307,0.413173652694611
0.5,227,0.005678391959799,0.848303393213573
0.5,228,0.0342713567839196,0.235528942115768
0.5,229,-0.0611557788944724,0.0538922155688623
0.5,230,-0.0873366834170854,0.00798403193612774
0.5,231,-0.0268341708542714,0.297405189620758
0.5,232,-0.124974874371859,0.00399201596806387
0.5,233,0.0455276381909548,0.277445109780439
0.5,234,0.0433165829145729,0.131736526946108
0.5,235,0.149547738693467,0.00199600798403194
0.5,236,-0.163467336683417,0.00199600798403194
0.5,237,0.0524623115577889,0.0678642714570858
0.5,238,0.035678391959799,0.359281437125749
0.5,239,-0.195326633165829,0.00199600798403194
0.5,240,0.0109547738693467,0.718562874251497
0.5,241,0.0196482412060302,0.612774451097804
0.5,242,0.0289949748743719,0.407185628742515
0.5,243,0.175628140703518,0.00199600798403194
0.5,244,0.00185929648241206,0.930139720558882
0.5,245,-0.0870854271356784,0.031936127744511
0.5,246,-0.0422110552763819,0.345309381237525
0.5,247,-0.0210050251256282,0.648702594810379
0.5,248,-0.0751758793969849,0.109780439121756
0.5,249,-0.0210552763819096,0.417165668662675
0.5,250,-0.0434170854271357,0.13373253493014
0.5,251,0.058391959798995,0.0678642714570858
0.5,252,-0.0532663316582915,0.255489021956088
0.5,253,0.0188442211055276,0.461077844311377
0.5,254,0.138442211055276,0.00598802395209581
0.5,255,0.0505025125628141,0.24750499001996
0.5,256,0.135175879396985,0.00199600798403194
0.5,257,0.103467336683417,0.0179640718562874
0.5,258,-0.0428140703517588,0.0339321357285429
0.5,259,-0.0663316582914573,0.0459081836327345
0.5,260,-0.00477386934673367,0.894211576846307
0.5,261,0.00477386934673367,0.880239520958084
0.5,262,-0.0551256281407035,0.157684630738523
0.5,263,0.00381909547738694,0.910179640718563
0.5,264,0.0776884422110553,0.0279441117764471
0.5,265,-0.0795979899497487,0.029940119760479
0.5,266,0.0546733668341709,0.163672654690619
0.5,267,-0.0374371859296482,0.345309381237525
0.5,268,0.0966834170854271,0.00199600798403194
0.5,269,-0.161407035175879,0.00199600798403194
0.5,270,-0.0416582914572864,0.219560878243513
0.5,271,-0.0559798994974874,0.197604790419162
0.5,272,0.0433165829145729,0.277445109780439
0.5,273,-0.04321608040201,0.213572854291417
0.5,274,-0.0294472361809045,0.508982035928144
0.5,275,-0.111457286432161,0.00598802395209581
0.5,276,-0.0736180904522613,0.0538922155688623
0.5,277,0.0449748743718593,0.139720558882236
0.5,278,-0.0225628140703518,0.481037924151697
0.5,279,-0.0426130653266332,0.0858283433133733
0.5,280,-0.074070351758794,0.00798403193612774
0.5,281,0.00603015075376884,0.874251497005988
0.5,282,0.021608040201005,0.598802395209581
0.5,283,-0.0237688442211055,0.373253493013972
0.5,284,-0.0494472361809045,0.245508982035928
0.5,285,0.0267839195979899,0.441117764471058
0.5,286,0.0149246231155779,0.570858283433134
0.5,287,-0.0768844221105528,0.00399201596806387
0.5,288,-0.113165829145729,0.00798403193612774
0.5,289,0.134422110552764,0.00399201596806387
0.5,290,0.000603015075376885,0.99001996007984
0.5,291,0.0653768844221106,0.06187624750499
0.5,292,-0.0763316582914573,0.00998003992015968
0.5,293,-0.0908040201005025,0.0159680638722555
0.5,294,0.042964824120603,0.191616766467066
0.5,295,-0.0434170854271357,0.25748502994012
0.5,296,-0.0182412060301508,0.668662674650699
0.5,297,-0.102060301507538,0.0179640718562874
0.5,298,-0.111306532663317,0.00399201596806387
0.5,299,-0.0137688442211055,0.792415169660679
0.5,300,0.0508542713567839,0.183632734530938
0.5,301,-0.0981909547738693,0.00798403193612774
0.5,302,-0.00879396984924623,0.74251497005988
0.5,303,-0.00804020100502512,0.848303393213573
0.5,304,-0.0553768844221105,0.211576846307385
0.5,305,-0.0592964824120603,0.0499001996007984
0.5,306,-0.0410552763819095,0.313373253493014
0.5,307,-0.0350251256281407,0.329341317365269
0.5,308,-0.0869849246231156,0.00598802395209581
0.5,309,-0.218190954773869,0.00199600798403194
0.5,310,-0.0301005025125628,0.411177644710579
0.5,311,-0.00819095477386934,0.766467065868264
0.5,312,-0.0127638190954774,0.738522954091816
0.5,313,0.11321608040201,0.00598802395209581
0.5,314,-0.0438190954773869,0.139720558882236
0.5,315,0.0269346733668342,0.562874251497006
0.5,316,-0.0830150753768844,0.0219560878243513
0.5,317,-0.0417587939698492,0.327345309381238
0.5,318,0.0164321608040201,0.546906187624751
0.5,319,0.0710552763819095,0.029940119760479
0.5,320,0.0337688442211055,0.451097804391218
0.5,321,0.0282412060301508,0.429141716566866
0.5,322,-0.034070351758794,0.401197604790419
0.5,323,0.0495979899497487,0.203592814371257
0.5,324,0.133718592964824,0.00199600798403194
0.5,325,-0.00673366834170854,0.850299401197605
0.5,326,-0.0552763819095477,0.135728542914172
0.5,327,-0.142110552763819,0.00199600798403194
0.5,328,0.0250753768844221,0.429141716566866
0.5,329,0.0266331658291457,0.457085828343313
0.5,330,0.00738693467336683,0.80439121756487
0.5,331,-0.138442211055276,0.00199600798403194
0.5,332,-0.0672361809045226,0.101796407185629
0.5,333,0.134572864321608,0.00199600798403194
0.5,334,-0.000351758793969848,0.988023952095808
0.5,335,0.0212060301507538,0.329341317365269
0.5,336,0.0369346733668342,0.295409181636727
0.5,337,-0.0533668341708543,0.17564870259481
0.5,338,-0.0914070351758794,0.00399201596806387
0.5,339,-0.0014572864321608,0.974051896207585
0.5,340,-0.069748743718593,0.0199600798403194
0.5,341,-0.0434170854271357,0.0439121756487026
0.5,342,-0.040251256281407,0.245508982035928
0.5,343,0.0361306532663317,0.31936127744511
0.5,344,0.0591457286432161,0.125748502994012
0.5,345,0.0901507537688442,0.00199600798403194
0.5,346,-0.0229145728643216,0.405189620758483
0.5,347,0.00974874371859296,0.80439121756487
0.5,348,0.0145226130653266,0.718562874251497
0.5,349,-0.0389447236180905,0.329341317365269
0.5,350,0.0085427135678392,0.782435129740519
0.5,351,-0.01321608040201,0.676646706586826
0.5,352,-0.0234673366834171,0.532934131736527
0.5,353,-0.0410050251256281,0.267465069860279
0.5,354,-0.0995477386934673,0.00598802395209581
0.5,355,-0.0246733668341709,0.357285429141717
0.5,356,0.0287437185929648,0.439121756487026
0.5,357,0.0263819095477387,0.139720558882236
0.5,358,-0.0120100502512563,0.710578842315369
0.5,359,0.0134170854271357,0.754491017964072
0.5,360,-0.0635678391959799,0.135728542914172
0.5,361,-0.15251256281407,0.00199600798403194
0.5,362,0.0677386934673367,0.00199600798403194
0.5,363,-0.0578391959798995,0.0139720558882236
0.5,364,0.0224623115577889,0.544910179640719
0.5,365,0.041356783919598,0.145708582834331
0.5,366,0.0344221105527638,0.37125748502994
0.5,367,-0.0910552763819096,0.0119760479041916
0.5,368,0.0346733668341709,0.399201596806387
0.5,369,-0.0390452261306533,0.287425149700599
0.5,370,0.0373869346733668,0.345309381237525
0.5,371,0.0313065326633166,0.441117764471058
0.5,372,-0.0057286432160804,0.840319361277445
0.5,373,0.0887437185929648,0.0159680638722555
0.5,374,-0.0407537688442211,0.263473053892216
0.5,375,0.0431155778894472,0.149700598802395
0.5,376,-0.142462311557789,0.00199600798403194
0.5,377,-0.00407035175879397,0.922155688622755
0.5,378,-0.0174371859296482,0.696606786427146
0.5,379,0.0292964824120603,0.48502994011976
0.5,380,-0.0963316582914573,0.0119760479041916
0.5,381,0.0380402010050251,0.369261477045908
0.5,382,-0.0164824120603015,0.582834331337325
0.5,383,-0.0468844221105528,0.243512974051896
0.5,384,0.0587939698492462,0.117764471057884
0.5,385,-0.0487939698492462,0.275449101796407
0.5,386,0.0166331658291457,0.650698602794411
0.5,387,0.0190452261306533,0.411177644710579
0.5,388,-0.0664321608040201,0.119760479041916
0.5,389,-0.0192964824120603,0.401197604790419
0.5,390,0.0731155778894472,0.115768463073852
0.5,391,0.0576884422110553,0.0998003992015968
0.5,392,-0.0949246231155779,0.0379241516966068
0.5,393,0.0233165829145729,0.391217564870259
0.5,394,-0.034070351758794,0.343313373253493
0.5,395,0.00864321608040201,0.734530938123752
0.5,396,0.0847236180904523,0.031936127744511
0.5,397,0.0708542713567839,0.0339321357285429
0.5,398,0.0057286432160804,0.896207584830339
0.5,399,-0.0635175879396985,0.0379241516966068
0.5,400,0.00738693467336683,0.816367265469062
0.5,401,-0.0409045226130653,0.337325349301397
0.5,402,0.0467839195979899,0.109780439121756
0.5,403,-0.148291457286432,0.00199600798403194
0.5,404,0.0298492462311558,0.508982035928144
0.5,405,0.0524120603015075,0.117764471057884
0.5,406,0.00587939698492462,0.894211576846307
0.5,407,0.0329145728643216,0.0598802395209581
0.5,408,-0.00658291457286432,0.828343313373254
0.5,409,-0.109346733668342,0.00998003992015968
0.5,410,0.0413065326633166,0.167664670658683
0.5,411,-0.034572864321608,0.183632734530938
0.5,412,0.0224623115577889,0.483033932135729
0.5,413,0.060251256281407,0.127744510978044
0.5,414,-0.00939698492462312,0.810379241516966
0.5,415,0.0787437185929648,0.0499001996007984
0.5,416,0.0794974874371859,0.0598802395209581
0.5,417,-0.0294472361809045,0.335329341317365
0.5,418,0.00542713567839196,0.878243512974052
0.5,419,-0.024070351758794,0.550898203592814
0.5,420,-0.00829145728643216,0.852295409181637
0.5,421,-0.0405025125628141,0.165668662674651
0.5,422,0.0170854271356784,0.604790419161677
0.5,423,-0.0117587939698492,0.770459081836327
0.5,424,0.0502010050251256,0.18562874251497
0.5,425,-0.0239195979899497,0.538922155688623
0.5,426,-0.01678391959799,0.55688622754491
0.5,427,-0.0331155778894472,0.441117764471058
0.5,428,-0.0986934673366834,0.0179640718562874
0.5,429,-0.0966834170854271,0.00199600798403194
0.5,430,-0.0847738693467337,0.0179640718562874
0.5,431,0.0211557788944724,0.630738522954092
0.5,432,0.0214572864321608,0.487025948103792
0.5,433,0.0593969849246231,0.0538922155688623
0.5,434,0.00115577889447236,0.988023952095808
0.5,435,0.0297989949748744,0.461077844311377
0.5,436,-0.0514572864321608,0.063872255489022
0.5,437,-0.0555778894472362,0.0858283433133733
0.5,438,-0.111809045226131,0.00798403193612774
0.5,439,0.220301507537688,0.00199600798403194
0.5,440,-0.0630653266331658,0.109780439121756
0.5,441,0.0228140703517588,0.459081836327345
0.5,442,0.00256281407035176,0.916167664670659
0.5,443,-0.0189949748743719,0.650698602794411
0.5,444,-0.0325628140703518,0.449101796407186
0.5,445,0.0247738693467337,0.528942115768463
0.5,446,-0.0749748743718593,0.0159680638722555
0.5,447,0.0592964824120603,0.0359281437125748
0.5,448,0.0540201005025126,0.173652694610778
0.5,449,-0.163316582914573,0.00199600798403194
0.5,450,0.0350753768844221,0.36127744510978
0.5,451,0.0619597989949749,0.0139720558882236
0.5,452,-0.117185929648241,0.00399201596806387
0.5,453,-0.0123618090452261,0.712574850299401
0.5,454,0.0267839195979899,0.516966067864271
0.5,455,0.108442211055276,0.00199600798403194
0.5,456,0.0478391959798995,0.0439121756487026
0.5,457,0.0335175879396985,0.315369261477046
0.5,458,-0.0162311557788945,0.652694610778443
0.5,459,-0.0331658291457286,0.421157684630739
0.5,460,-0.102713567839196,0.00798403193612774
0.5,461,0.0344221105527638,0.387225548902196
0.5,462,-0.0736180904522613,0.0698602794411178
0.5,463,-0.0864321608040201,0.0139720558882236
0.5,464,0.0733668341708543,0.0898203592814371
0.5,465,0.0141206030150754,0.676646706586826
0.5,466,0.0230653266331658,0.451097804391218
0.5,467,-0.0467839195979899,0.101796407185629
0.5,468,0.00542713567839196,0.902195608782435
0.5,469,0.0194472361809045,0.49500998003992
0.5,470,-0.00477386934673367,0.908183632734531
0.5,471,-0.014572864321608,0.451097804391218
0.5,472,-0.116381909547739,0.0119760479041916
0.5,473,0.0107537688442211,0.712574850299401
0.5,474,0.0428643216080402,0.115768463073852
0.5,475,-0.0333668341708543,0.287425149700599
0.5,476,-0.0264824120603015,0.343313373253493
0.5,477,-0.0967839195979899,0.0419161676646707
0.5,478,0.0130653266331658,0.744510978043912
0.5,479,0.00934673366834171,0.800399201596806
0.5,480,-0.0358793969849246,0.303393213572854
0.5,481,0.00663316582914573,0.846307385229541
0.5,482,0.145326633165829,0.00399201596806387
0.5,483,-0.0319095477386935,0.369261477045908
0.5,484,0.0697989949748744,0.0658682634730539
0.5,485,0.00251256281407035,0.94810379241517
0.5,486,-0.0573869346733668,0.0499001996007984
0.5,487,0.00371859296482412,0.902195608782435
0.5,488,-0.0234673366834171,0.546906187624751
0.5,489,0.0542713567839196,0.0878243512974052
0.5,490,-0.041608040201005,0.215568862275449
0.5,491,-0.051356783919598,0.121756487025948
0.5,492,0.0809547738693467,0.0279441117764471
0.5,493,-0.0394974874371859,0.30938123752495
0.5,494,0.117035175879397,0.0119760479041916
0.5,495,-0.0175376884422111,0.620758483033932
0.5,496,0.0359798994974874,0.29940119760479
0.5,497,-0.0601005025125628,0.00199600798403194
0.5,498,0.00974874371859296,0.80439121756487
0.5,499,0.025427135678392,0.429141716566866
0.5,500,0.0932663316582915,0.029940119760479
0.5,501,0.000502512562814071,0.986027944111776
0.5,502,-0.0173366834170854,0.682634730538922
0.5,503,-0.0128643216080402,0.738522954091816
0.5,504,-0.0447738693467337,0.259481037924152
0.5,505,0.0896984924623116,0.0359281437125748
0.5,506,0.085929648241206,0.00598802395209581
0.5,507,0.000402010050251257,0.988023952095808
0.5,508,0.0978391959798995,0.0219560878243513
0.5,509,0.0294472361809045,0.427145708582834
0.5,510,-0.0273366834170854,0.42315369261477
0.5,511,0.130753768844221,0.00399201596806387
0.5,512,0.0295979899497487,0.455089820359281
0.5,513,-0.00638190954773869,0.868263473053892
0.5,514,-0.0196482412060302,0.570858283433134
0.5,515,0.000100502512562814,1
0.5,516,-0.010251256281407,0.810379241516966
0.5,517,0.0391959798994975,0.151696606786427
0.5,518,-0.106984924623116,0.00399201596806387
0.5,519,0.0332160804020101,0.275449101796407
0.5,520,-0.0640201005025126,0.105788423153693
0.5,521,0.0117587939698492,0.6187624750499
0.5,522,-0.071105527638191,0.0758483033932136
0.5,523,-0.0809045226130653,0.00998003992015968
0.5,524,0.0247236180904523,0.395209580838323
0.5,525,0.0078391959798995,0.810379241516966
0.5,526,0.0114572864321608,0.788423153692615
0.5,527,0.0635175879396985,0.06187624750499
0.5,528,0.041105527638191,0.285429141716567
0.5,529,-0.044321608040201,0.201596806387226
0.5,530,-0.0102010050251256,0.724550898203593
0.5,531,-0.00512562814070351,0.906187624750499
0.5,532,0.0150753768844221,0.736526946107784
0.5,533,-0.0338190954773869,0.411177644710579
0.5,534,0.0769346733668342,0.0558882235528942
0.5,535,0.0253266331658291,0.355289421157685
0.5,536,-0.0137688442211055,0.712574850299401
0.5,537,0.000452261306532663,0.988023952095808
0.5,538,0.0339698492462312,0.395209580838323
0.5,539,0.0604522613065327,0.121756487025948
0.5,540,-0.0744723618090452,0.0678642714570858
0.5,541,-0.0161306532663317,0.608782435129741
0.5,542,-0.0333668341708543,0.461077844311377
0.5,543,0.0508040201005025,0.103792415169661
0.5,544,0.035427135678392,0.365269461077844
0.5,545,-0.0403517587939698,0.271457085828343
0.5,546,-0.0844723618090452,0.0179640718562874
0.5,547,-0.00125628140703517,0.966067864271457
0.5,548,-0.108844221105528,0.00598802395209581
0.5,549,-0.127688442211055,0.00598802395209581
0.5,550,0.104773869346734,0.00598802395209581
0.5,551,-0.00618090452261307,0.832335329341317
0.5,552,0.0481909547738693,0.0718562874251497
0.5,553,-0.0425628140703518,0.291417165668663
0.5,554,-0.0782914572864322,0.0119760479041916
0.5,555,0.0280904522613065,0.283433133732535
0.5,556,-0.0229145728643216,0.562874251497006
0.5,557,0.0515577889447236,0.243512974051896
0.5,558,-0.111356783919598,0.00199600798403194
0.5,559,-0.117788944723618,0.00798403193612774
0.5,560,0.0191457286432161,0.57684630738523
0.5,561,0.00728643216080402,0.832335329341317
0.5,562,-0.0202010050251256,0.666666666666667
0.5,563,-0.0269346733668342,0.489021956087824
0.5,564,0.0833165829145729,0.0279441117764471
0.5,565,-0.103417085427136,0.00998003992015968
0.5,566,0.0299497487437186,0.522954091816367
0.5,567,-0.0308040201005025,0.31936127744511
0.5,568,-0.110854271356784,0.0159680638722555
0.5,569,0.0491959798994975,0.197604790419162
0.5,570,-0.0137185929648241,0.714570858283433
0.5,571,-0.082462311557789,0.0339321357285429
0.5,572,0.0835175879396985,0.00399201596806387
0.5,573,0.117386934673367,0.00199600798403194
0.5,574,-0.0716582914572864,0.0359281437125748
0.5,575,-0.119246231155779,0.00199600798403194
0.5,576,-0.0769849246231156,0.0259481037924152
0.5,577,-0.114673366834171,0.0119760479041916
0.5,578,0.0336683417085427,0.461077844311377
0.5,579,0.014070351758794,0.736526946107784
0.5,580,-0.0357286432160804,0.239520958083832
0.5,581,0.0658793969849246,0.0898203592814371
0.5,582,-0.0695477386934673,0.029940119760479
0.5,583,-0.00889447236180905,0.796407185628742
0.5,584,0.0151256281407035,0.632734530938124
0.5,585,-0.0443718592964824,0.209580838323353
0.5,586,0.00035175879396985,0.99001996007984
0.5,587,0.0554773869346734,0.165668662674651
0.5,588,0.0907035175879397,0.0139720558882236
0.5,589,-0.00753768844221105,0.800399201596806
0.5,590,-0.0735175879396985,0.0459081836327345
0.5,591,-0.075427135678392,0.0538922155688623
0.5,592,0.0175879396984925,0.668662674650699
0.5,593,0.0431155778894472,0.107784431137725
0.5,594,0.0672361809045226,0.0758483033932136
0.5,595,-0.0450251256281407,0.275449101796407
0.5,596,0.0923115577889447,0.031936127744511
0.5,597,-0.0217085427135678,0.596806387225549
0.5,598,-0.0348241206030151,0.143712574850299
0.5,599,0.00246231155778894,0.958083832335329
0.5,600,0.0724120603015075,0.0778443113772455
0.5,601,-0.0242211055276382,0.604790419161677
0.5,602,-0.106331658291457,0.00798403193612774
0.5,603,-0.000402010050251257,0.986027944111776
0.5,604,-0.08678391959799,0.0219560878243513
0.5,605,-0.0469346733668342,0.11377245508982
0.5,606,-0.0185427135678392,0.606786427145709
0.5,607,-0.0920100502512563,0.00598802395209581
0.5,608,0.0569346733668342,0.0279441117764471
0.5,609,0.0440201005025126,0.159680638722555
0.5,610,-0.0260301507537688,0.532934131736527
0.5,611,0.00618090452261307,0.818363273453094
0.5,612,0.00698492462311558,0.828343313373254
0.5,613,-0.0482914572864322,0.143712574850299
0.5,614,-0.0610050251256281,0.107784431137725
0.5,615,-0.074321608040201,0.00798403193612774
0.5,616,-0.00361809045226131,0.940119760479042
0.5,617,0.00251256281407035,0.958083832335329
0.5,618,0.110653266331658,0.00998003992015968
0.5,619,0.018391959798995,0.534930139720559
0.5,620,-0.0209045226130653,0.483033932135729
0.5,621,0.0182914572864322,0.538922155688623
0.5,622,-0.0265829145728643,0.463073852295409
0.5,623,0.0194974874371859,0.63872255489022
0.5,624,0.0737688442211055,0.0479041916167665
0.5,625,-0.14427135678392,0.00199600798403194
0.5,626,0.0731658291457286,0.0239520958083832
0.5,627,-0.0561809045226131,0.103792415169661
0.5,628,0.133015075376884,0.00199600798403194
0.5,629,0.0385929648241206,0.365269461077844
0.5,630,-0.13391959798995,0.00399201596806387
0.5,631,-0.0619095477386935,0.155688622754491
0.5,632,-0.0458291457286432,0.273453093812375
0.5,633,-0.0933668341708543,0.0179640718562874
0.5,634,-0.0028140703517588,0.94810379241517
0.5,635,0.0395979899497487,0.297405189620758
0.5,636,-0.0371356783919598,0.201596806387226
0.5,637,-0.0531155778894472,0.167664670658683
0.5,638,0.018643216080402,0.710578842315369
0.5,639,0.0438693467336683,0.129740518962076
0.5,640,0.0719095477386935,0.0499001996007984
0.5,641,-0.118190954773869,0.00199600798403194
0.5,642,-0.0670854271356784,0.0898203592814371
0.5,643,-0.0870854271356784,0.0139720558882236
0.5,644,0.0422613065326633,0.235528942115768
0.5,645,0.060251256281407,0.00598802395209581
0.5,646,0.0144723618090452,0.734530938123752
0.5,647,-0.0112060301507538,0.734530938123752
0.5,648,-0.0507537688442211,0.165668662674651
0.5,649,0.0432663316582915,0.187624750499002
0.5,650,-0.017035175879397,0.582834331337325
0.5,651,0.149145728643216,0.00199600798403194
0.5,652,0.0227638190954774,0.586826347305389
0.5,653,0.0362814070351759,0.441117764471058
0.5,654,0.0657788944723618,0.0558882235528942
0.5,655,0.0754773869346734,0.0578842315369262
0.5,656,0.0161306532663317,0.708582834331337
0.5,657,0.0127638190954774,0.764471057884232
0.5,658,0.00396984924623115,0.914171656686627
0.5,659,-0.136884422110553,0.00199600798403194
0.5,660,-0.037286432160804,0.341317365269461
0.5,661,-0.0292462311557789,0.497005988023952
0.5,662,-0.0389949748743719,0.285429141716567
0.5,663,0.0049748743718593,0.82435129740519
0.5,664,0.122060301507538,0.00199600798403194
0.5,665,0.0297989949748744,0.163672654690619
0.5,666,0.0297989949748744,0.415169660678643
0.5,667,-0.0570854271356784,0.13373253493014
0.5,668,-0.000251256281407032,0.998003992015968
0.5,669,0.00261306532663317,0.878243512974052
0.5,670,0.034070351758794,0.311377245508982
0.5,671,-0.0160301507537688,0.622754491017964
0.5,672,-0.0503015075376884,0.215568862275449
0.5,673,0.117386934673367,0.00598802395209581
0.5,674,-0.0469346733668342,0.187624750499002
0.5,675,0.0104522613065327,0.746506986027944
0.5,676,-0.031356783919598,0.447105788423154
0.5,677,0.17427135678392,0.00199600798403194
0.5,678,0.0657788944723618,0.0718562874251497
0.5,679,0.0372361809045226,0.235528942115768
0.5,680,0,1
0.5,681,0.0764321608040201,0.029940119760479
0.5,682,0.0131155778894472,0.738522954091816
0.5,683,-0.0654773869346734,0.0139720558882236
0.5,684,-0.0359798994974874,0.203592814371257
0.5,685,0.000351758793969848,0.992015968063872
0.5,686,-0.00934673366834171,0.738522954091816
0.5,687,0.0136180904522613,0.714570858283433
0.5,688,-0.0416582914572864,0.269461077844311
0.5,689,0.0202010050251256,0.528942115768463
0.5,690,-0.0803517587939698,0.029940119760479
0.5,691,-0.0319095477386935,0.367265469061876
0.5,692,-0.0209547738693467,0.367265469061876
0.5,693,-0.000100502512562814,0.998003992015968
0.5,694,-0.0137185929648241,0.760479041916168
0.5,695,-0.0625628140703518,0.0778443113772455
0.5,696,0.0136683417085427,0.744510978043912
0.5,697,-0.0976381909547739,0.00998003992015968
0.5,698,-0.0328140703517588,0.405189620758483
0.5,699,0.0158291457286432,0.526946107784431
0.5,700,0.0106030150753769,0.714570858283433
0.5,701,-0.00728643216080402,0.756487025948104
0.5,702,0.042964824120603,0.233532934131737
0.5,703,-0.0113065326633166,0.772455089820359
0.5,704,0.0740201005025126,0.0259481037924152
0.5,705,-0.0670854271356784,0.129740518962076
0.5,706,0.018391959798995,0.564870259481038
0.5,707,-0.0219597989949749,0.558882235528942
0.5,708,-0.150904522613065,0.00199600798403194
0.5,709,0.0226633165829146,0.568862275449102
0.5,710,-0.042713567839196,0.253493013972056
0.5,711,-0.0825125628140704,0.0139720558882236
0.5,712,0.000753768844221106,0.986027944111776
0.5,713,-0.0475879396984925,0.0818363273453094
0.5,714,-0.0218090452261307,0.36127744510978
0.5,715,0.0999497487437186,0.00798403193612774
0.5,716,0.0740201005025126,0.0139720558882236
0.5,717,0.0103015075376884,0.696606786427146
0.5,718,0.0180904522613065,0.598802395209581
0.5,719,0.0154773869346734,0.688622754491018
0.5,720,0.0475879396984925,0.221556886227545
0.5,721,0.00396984924623116,0.916167664670659
0.5,722,0.0326130653266332,0.2375249500998
0.5,723,-0.0418592964824121,0.303393213572854
0.5,724,-0.0341206030150754,0.375249500998004
0.5,725,0.107939698492462,0.0159680638722555
0.5,726,0.0977889447236181,0.0119760479041916
0.5,727,-0.0326633165829146,0.401197604790419
0.5,728,-0.0373869346733668,0.229540918163673
0.5,729,-0.0907035175879397,0.0419161676646707
0.5,730,0.0680402010050251,0.0179640718562874
0.5,731,-0.0992462311557789,0.0199600798403194
0.5,732,0.0318090452261307,0.429141716566866
0.5,733,-0.0677889447236181,0.0678642714570858
0.5,734,0.0106030150753769,0.782435129740519
0.5,735,-0.0014070351758794,0.958083832335329
0.5,736,0.00608040201005025,0.868263473053892
0.5,737,0.0464824120603015,0.211576846307385
0.5,738,-0.0762814070351759,0.029940119760479
0.5,739,-0.0014070351758794,0.972055888223553
0.5,740,-0.0153266331658291,0.660678642714571
0.5,741,-0.0367839195979899,0.345309381237525
0.5,742,0.110753768844221,0.0159680638722555
0.5,743,-0.0021105527638191,0.93812375249501
0.5,744,0.00653266331658291,0.840319361277445
0.5,745,0.00894472361809045,0.794411177644711
0.5,746,0.00648241206030151,0.826347305389222
0.5,747,-0.0396984924623116,0.0538922155688623
0.5,748,0.0355276381909548,0.279441117764471
0.5,749,-0.0561809045226131,0.0798403193612774
0.5,750,0.0112562814070352,0.786427145708583
0.5,751,-0.0229145728643216,0.558882235528942
0.5,752,-0.143165829145729,0.00399201596806387
0.5,753,0.0353266331658291,0.223552894211577
0.5,754,-0.0498994974874372,0.151696606786427
0.5,755,-0.0429145728643216,0.219560878243513
0.5,756,0.0202010050251256,0.455089820359281
0.5,757,-0.0805527638190955,0.0538922155688623
0.5,758,0.0365829145728643,0.37125748502994
0.5,759,-0.0085427135678392,0.810379241516966
0.5,760,-0.0658793969849246,0.063872255489022
0.5,761,-0.0234170854271357,0.429141716566866
0.5,762,-0.0274371859296482,0.500998003992016
0.5,763,-0.062713567839196,0.101796407185629
0.5,764,-0.01,0.808383233532934
0.5,765,0.00889447236180905,0.740518962075848
0.5,766,0.00949748743718593,0.792415169660679
0.5,767,-0.0644723618090452,0.0758483033932136
0.5,768,-0.0122613065326633,0.62874251497006
0.5,769,-0.0378894472361809,0.153692614770459
0.5,770,-0.0753768844221106,0.063872255489022
0.5,771,0.0217587939698492,0.624750499001996
0.5,772,-0.0460804020100503,0.109780439121756
0.5,773,0.135628140703518,0.00199600798403194
0.5,774,-0.0153266331658291,0.728542914171657
0.5,775,0.00417085427135678,0.916167664670659
0.5,776,0.0708040201005025,0.0898203592814371
0.5,777,0.0712060301507538,0.0139720558882236
0.5,778,-0.0418090452261307,0.293413173652695
0.5,779,-0.10286432160804,0.0119760479041916
0.5,780,-0.0261809045226131,0.469061876247505
0.5,781,-0.0303517587939699,0.479041916167665
0.5,782,0.0909547738693467,0.0339321357285429
0.5,783,0.0536180904522613,0.169660678642715
0.5,784,-0.0208542713567839,0.632734530938124
0.5,785,0.00130653266331658,0.970059880239521
0.5,786,-0.0295979899497487,0.405189620758483
0.5,787,0.0462311557788945,0.275449101796407
0.5,788,-0.0920100502512563,0.031936127744511
0.5,789,0.109798994974874,0.00598802395209581
0.5,790,0.0516582914572864,0.0279441117764471
0.5,791,0.0417587939698492,0.305389221556886
0.5,792,0.017035175879397,0.648702594810379
0.5,793,-0.0350753768844221,0.269461077844311
0.5,794,0.097286432160804,0.0119760479041916
0.5,795,0.0408542713567839,0.219560878243513
0.5,796,0.0823115577889447,0.00199600798403194
0.5,797,0.0179396984924623,0.654690618762475
0.5,798,0.0227638190954774,0.401197604790419
0.5,799,-0.0173869346733668,0.596806387225549
0.5,800,0.108693467336683,0.00399201596806387
0.5,801,0.00055276381909548,0.982035928143713
0.5,802,-0.00994974874371859,0.798403193612774
0.5,803,-0.0489447236180905,0.171656686626747
0.5,804,0.153819095477387,0.00199600798403194
0.5,805,-0.106532663316583,0.00199600798403194
0.5,806,-0.00417085427135678,0.912175648702595
0.5,807,-0.00226130653266331,0.950099800399202
0.5,808,-0.0671356783919598,0.0898203592814371
0.5,809,-0.116532663316583,0.00199600798403194
0.5,810,-0.0259798994974874,0.536926147704591
0.5,811,-0.0253768844221106,0.532934131736527
0.5,812,0.0981407035175879,0.0119760479041916
0.5,813,-0.150452261306533,0.00199600798403194
0.5,814,0.0103015075376884,0.800399201596806
0.5,815,0.00527638190954774,0.890219560878243
0.5,816,-0.0236180904522613,0.405189620758483
0.5,817,-0.0234170854271357,0.590818363273453
0.5,818,0.0987437185929648,0.0179640718562874
0.5,819,0.0356281407035176,0.335329341317365
0.5,820,-0.0624623115577889,0.093812375249501
0.5,821,-0.045929648241206,0.207584830339321
0.5,822,0.0217587939698492,0.397205588822355
0.5,823,0.0329145728643216,0.169660678642715
0.5,824,-0.0450753768844221,0.139720558882236
0.5,825,-0.00919597989949749,0.772455089820359
0.5,826,0.00618090452261307,0.88622754491018
0.5,827,0.0469346733668342,0.277445109780439
0.5,828,0.0793467336683417,0.063872255489022
0.5,829,-0.0715577889447236,0.00998003992015968
0.5,830,-0.0719597989949749,0.0698602794411178
0.5,831,0.112361809045226,0.00399201596806387
0.5,832,0.0631658291457286,0.0399201596806387
0.5,833,0.0358793969849246,0.365269461077844
0.5,834,0.0387939698492462,0.169660678642715
0.5,835,-0.0568844221105528,0.125748502994012
0.5,836,-0.00211055276381909,0.958083832335329
0.5,837,-0.0208040201005025,0.467065868263473
0.5,838,0.106231155778894,0.00199600798403194
0.5,839,0.011608040201005,0.734530938123752
0.5,840,-0.0262311557788945,0.532934131736527
0.5,841,-0.0925628140703518,0.0139720558882236
0.5,842,0.0853768844221106,0.0179640718562874
0.5,843,-0.0762311557788945,0.0698602794411178
0.5,844,-0.0417587939698492,0.263473053892216
0.5,845,0.0994472361809045,0.00399201596806387
0.5,846,-0.0490452261306533,0.223552894211577
0.5,847,-0.037286432160804,0.301397205588822
0.5,848,-0.00964824120603015,0.826347305389222
0.5,849,-0.0171356783919598,0.658682634730539
0.5,850,-0.0768844221105528,0.0139720558882236
0.5,851,0.0606030150753769,0.145708582834331
0.5,852,0.0190954773869347,0.676646706586826
0.5,853,0.0766331658291457,0.0499001996007984
0.5,854,0.0985427135678392,0.00798403193612774
0.5,855,0.132311557788945,0.00399201596806387
0.5,856,-0.0334170854271357,0.415169660678643
0.5,857,-0.142914572864322,0.00199600798403194
0.5,858,-0.10070351758794,0.00199600798403194
0.5,859,-0.0674371859296482,0.0758483033932136
0.5,860,-0.109095477386935,0.0179640718562874
0.5,861,-0.0803015075376884,0.00399201596806387
0.5,862,-0.0206030150753769,0.592814371257485
0.5,863,0.00306532663316583,0.916167664670659
0.5,864,0.00351758793969849,0.910179640718563
0.5,865,-0.0581407035175879,0.0998003992015968
0.5,866,-0.0278894472361809,0.231536926147705
0.5,867,0.0404020100502513,0.211576846307385
0.5,868,-0.0975376884422111,0.0139720558882236
0.5,869,-0.0319095477386935,0.325349301397206
0.5,870,0.0366834170854271,0.129740518962076
0.5,871,0.0186934673366834,0.6187624750499
0.5,872,0.112562814070352,0.00598802395209581
0.5,873,0.0678391959798995,0.06187624750499
0.5,874,0.110603015075377,0.00598802395209581
0.5,875,-0.000251256281407033,0.994011976047904
0.5,876,-0.030251256281407,0.429141716566866
0.5,877,0.00613065326633166,0.888223552894212
0.5,878,-0.0411557788944724,0.305389221556886
0.5,879,-0.0812060301507538,0.0479041916167665
0.5,880,0.0292462311557789,0.367265469061876
0.5,881,0.0188442211055276,0.702594810379242
0.5,882,0.102964824120603,0.00598802395209581
0.5,883,0.0608542713567839,0.155688622754491
0.5,884,-0.0708542713567839,0.0419161676646707
0.5,885,0.0104522613065327,0.75249500998004
0.5,886,-0.0975376884422111,0.00998003992015968
0.5,887,0.0412562814070352,0.171656686626747
0.5,888,-0.0628643216080402,0.0499001996007984
0.5,889,-0.0422110552763819,0.287425149700599
0.5,890,-0.0329145728643216,0.373253493013972
0.5,891,-0.0166331658291457,0.522954091816367
0.5,892,-0.0486934673366834,0.199600798403194
0.5,893,0.0467336683417085,0.171656686626747
0.5,894,0.0660804020100502,0.0518962075848303
0.5,895,-0.0652261306532663,0.119760479041916
0.5,896,0.0204522613065327,0.606786427145709
0.5,897,-0.0136180904522613,0.479041916167665
0.5,898,0.103768844221106,0.00399201596806387
0.5,899,0.0973869346733668,0.0119760479041916
0.5,900,-0.116532663316583,0.00199600798403194
0.5,901,-0.0631155778894472,0.0239520958083832
0.5,902,-0.00798994974874371,0.830339321357285
0.5,903,0.024321608040201,0.552894211576846
0.5,904,0.0547738693467337,0.163672654690619
0.5,905,-0.0485427135678392,0.0738522954091816
0.5,906,-0.0790954773869347,0.0379241516966068
0.5,907,0.0548743718592965,0.0898203592814371
0.5,908,-0.0655778894472362,0.0359281437125748
0.5,909,-0.0249246231155779,0.530938123752495
0.5,910,-0.0853768844221106,0.0199600798403194
0.5,911,-0.0823115577889447,0.0518962075848303
0.5,912,-0.00201005025125628,0.952095808383233
0.5,913,-0.0119095477386935,0.588822355289421
0.5,914,-0.0834673366834171,0.0518962075848303
0.5,915,-0.0739195979899498,0.0718562874251497
0.5,916,-0.0287437185929648,0.313373253493014
0.5,917,0.0938190954773869,0.00998003992015968
0.5,918,-0.104422110552764,0.00199600798403194
0.5,919,-0.017286432160804,0.469061876247505
0.5,920,0.0309547738693467,0.305389221556886
0.5,921,-0.0416582914572864,0.269461077844311
0.5,922,0.0527638190954774,0.189620758483034
0.5,923,-0.0721105527638191,0.0359281437125748
0.5,924,0.0165829145728643,0.678642714570858
0.5,925,-0.00613065326633165,0.904191616766467
0.5,926,0.0078391959798995,0.838323353293413
0.5,927,0.0703517587939698,0.0698602794411178
0.5,928,0.0183417085427136,0.62874251497006
0.5,929,-0.0215075376884422,0.57684630738523
0.5,930,-0.0155778894472362,0.706586826347305
0.5,931,-0.00160804020100503,0.966067864271457
0.5,932,-0.0179396984924623,0.642714570858283
0.5,933,-0.0661306532663317,0.121756487025948
0.5,934,-0.0109547738693467,0.750499001996008
0.5,935,0.0393467336683417,0.377245508982036
0.5,936,0.0209045226130653,0.592814371257485
0.5,937,-0.227286432160804,0.00199600798403194
0.5,938,0.0415577889447236,0.2375249500998
0.5,939,-0.147688442211055,0.00199600798403194
0.5,940,0.0139195979899497,0.586826347305389
0.5,941,-0.00603015075376884,0.878243512974052
0.5,942,-0.0952261306532663,0.0359281437125748
0.5,943,-0.0598492462311558,0.0499001996007984
0.5,944,-0.0219095477386935,0.560878243512974
0.5,945,-0.05321608040201,0.217564870259481
0.5,946,-0.0807035175879397,0.0279441117764471
0.5,947,0.0332663316582915,0.347305389221557
0.5,948,0.0627638190954774,0.0219560878243513
0.5,949,0.0404522613065327,0.207584830339321
0.5,950,-0.0720100502512563,0.0359281437125748
0.5,951,0.00889447236180905,0.812375249500998
0.5,952,-0.0758291457286432,0.029940119760479
0.5,953,-0.0940201005025126,0.0119760479041916
0.5,954,-0.0550753768844221,0.0818363273453094
0.5,955,-0.0360804020100502,0.347305389221557
0.5,956,-0.101105527638191,0.00798403193612774
0.5,957,-0.196331658291457,0.00199600798403194
0.5,958,0.115628140703518,0.00399201596806387
0.5,959,-0.0960301507537688,0.00998003992015968
0.5,960,0.0286934673366834,0.421157684630739
0.5,961,0.0402010050251256,0.329341317365269
0.5,962,0.0157286432160804,0.548902195608782
0.5,963,0.0363819095477387,0.343313373253493
0.5,964,-0.081356783919598,0.031936127744511
0.5,965,-0.0539698492462312,0.209580838323353
0.5,966,-0.0757286432160804,0.031936127744511
0.5,967,-0.0726130653266332,0.0798403193612774
0.5,968,0.081356783919598,0.0499001996007984
0.5,969,0.085427135678392,0.0119760479041916
0.5,970,-0.0674371859296482,0.0459081836327345
0.5,971,-0.0446733668341709,0.215568862275449
0.5,972,-0.155125628140704,0.00199600798403194
0.5,973,0.0264824120603015,0.357285429141717
0.5,974,0.128994974874372,0.00199600798403194
0.5,975,0.0301005025125628,0.389221556886228
0.5,976,0.0531658291457286,0.12375249500998
0.5,977,-0.0449246231155779,0.269461077844311
0.5,978,-0.0706532663316583,0.0558882235528942
0.5,979,-0.0621105527638191,0.0518962075848303
0.5,980,0.0124623115577889,0.724550898203593
0.5,981,-0.0175879396984925,0.648702594810379
0.5,982,0.0198994974874372,0.620758483033932
0.5,983,0.218140703517588,0.00199600798403194
0.5,984,-0.097035175879397,0.0179640718562874
0.5,985,-0.0121105527638191,0.798403193612774
0.5,986,0.0339698492462312,0.365269461077844
0.5,987,0.100100502512563,0.00199600798403194
0.5,988,0.0566331658291457,0.181636726546906
0.5,989,-0.00201005025125628,0.944111776447106
0.5,990,-0.0600502512562814,0.0778443113772455
0.5,991,0.0457788944723618,0.25748502994012
0.5,992,-0.0215577889447236,0.634730538922156
0.5,993,0.112713567839196,0.00998003992015968
0.5,994,0.011356783919598,0.660678642714571
0.5,995,-0.0525628140703518,0.199600798403194
0.5,996,0.0694974874371859,0.0778443113772455
0.5,997,0.0261809045226131,0.413173652694611
0.5,998,-0.078391959798995,0.0159680638722555
0.5,999,0.0557286432160804,0.0678642714570858
0.5,1000,-0.0179396984924623,0.497005988023952
0.75,1,0.0590954773869347,0.121756487025948
0.75,2,0.110603015075377,0.00199600798403194
0.75,3,0.0568341708542714,0.0778443113772455
0.75,4,-0.0471859296482412,0.189620758483034
0.75,5,-0.181155778894472,0.00199600798403194
0.75,6,0.0335678391959799,0.325349301397206
0.75,7,0.0259798994974874,0.285429141716567
0.75,8,0.166984924623116,0.00199600798403194
0.75,9,0.0553266331658291,0.115768463073852
0.75,10,-0.114070351758794,0.00998003992015968
0.75,11,0.0384924623115578,0.355289421157685
0.75,12,-0.0691457286432161,0.0219560878243513
0.75,13,0.0312562814070352,0.243512974051896
0.75,14,0.00341708542713568,0.912175648702595
0.75,15,-0.0641206030150754,0.029940119760479
0.75,16,0.0595477386934673,0.0499001996007984
0.75,17,0.0925628140703518,0.0379241516966068
0.75,18,0.0924120603015075,0.0219560878243513
0.75,19,-0.156231155778894,0.00199600798403194
0.75,20,0.191608040201005,0.00199600798403194
0.75,21,-0.0747236180904523,0.0179640718562874
0.75,22,-0.0996482412060301,0.00998003992015968
0.75,23,-0.0694472361809045,0.0598802395209581
0.75,24,0.00879396984924623,0.836327345309381
0.75,25,-0.00989949748743719,0.656686626746507
0.75,26,0.0814572864321608,0.0439121756487026
0.75,27,0.148040201005025,0.00199600798403194
0.75,28,0.0636683417085427,0.0858283433133733
0.75,29,0.0386934673366834,0.149700598802395
0.75,30,0.0706030150753769,0.0379241516966068
0.75,31,0.0838190954773869,0.0159680638722555
0.75,32,-0.125778894472362,0.00199600798403194
0.75,33,0.0138190954773869,0.708582834331337
0.75,34,0.045427135678392,0.269461077844311
0.75,35,0.00743718592964824,0.870259481037924
0.75,36,0.0215577889447236,0.321357285429142
0.75,37,0.00939698492462311,0.748502994011976
0.75,38,-0.139346733668342,0.00199600798403194
0.75,39,-0.107336683417085,0.00199600798403194
0.75,40,0,1
0.75,41,0.0597989949748744,0.0698602794411178
0.75,42,0.0396482412060302,0.227544910179641
0.75,43,-0.0791457286432161,0.0239520958083832
0.75,44,0.0791959798994975,0.00998003992015968
0.75,45,0.0378391959798995,0.0818363273453094
0.75,46,-0.139698492462312,0.00399201596806387
0.75,47,0.0798492462311558,0.0479041916167665
0.75,48,0.0853266331658292,0.0119760479041916
0.75,49,0.119798994974874,0.00199600798403194
0.75,50,0.0406030150753769,0.141716566866267
0.75,51,-0.0352763819095477,0.473053892215569
0.75,52,0.0178894472361809,0.642714570858283
0.75,53,0.127537688442211,0.00598802395209581
0.75,54,0.0322613065326633,0.42315369261477
0.75,55,0.068643216080402,0.093812375249501
0.75,56,-0.0785427135678392,0.0658682634730539
0.75,57,0.0793467336683417,0.0538922155688623
0.75,58,0.0352763819095477,0.377245508982036
0.75,59,-0.0549748743718593,0.101796407185629
0.75,60,0.0757788944723618,0.06187624750499
0.75,61,-0.0353266331658291,0.341317365269461
0.75,62,0.0314070351758794,0.313373253493014
0.75,63,0.0337185929648241,0.203592814371257
0.75,64,0.0158291457286432,0.534930139720559
0.75,65,-0.0170854271356784,0.608782435129741
0.75,66,0.00105527638190955,0.972055888223553
0.75,67,0.028391959798995,0.375249500998004
0.75,68,0.0210050251256281,0.554890219560878
0.75,69,0.149346733668342,0.00598802395209581
0.75,70,-0.0384422110552764,0.373253493013972
0.75,71,0.0453768844221106,0.215568862275449
0.75,72,-0.0608542713567839,0.147704590818363
0.75,73,0.0879396984924623,0.031936127744511
0.75,74,-0.0208040201005025,0.600798403193613
0.75,75,0.0270854271356784,0.499001996007984
0.75,76,-0.104371859296482,0.00399201596806387
0.75,77,-0.148040201005025,0.00399201596806387
0.75,78,0.0150251256281407,0.379241516966068
0.75,79,0.0620603015075377,0.0818363273453094
0.75,80,0.18748743718593,0.00199600798403194
0.75,81,-0.137236180904523,0.00199600798403194
0.75,82,-0.0367839195979899,0.325349301397206
0.75,83,0.0518592964824121,0.151696606786427
0.75,84,-0.00402010050251256,0.908183632734531
0.75,85,0.092713567839196,0.0359281437125748
0.75,86,-0.0275376884422111,0.349301397205589
0.75,87,-0.0735678391959799,0.0898203592814371
0.75,88,0.107437185929648,0.0179640718562874
0.75,89,0.0537688442211055,0.139720558882236
0.75,90,0.00934673366834171,0.766467065868264
0.75,91,-0.180201005025126,0.00199600798403194
0.75,92,0.0262311557788945,0.325349301397206
0.75,93,0.00819095477386935,0.698602794411178
0.75,94,0.0934170854271357,0.00598802395209581
0.75,95,-0.0121608040201005,0.722554890219561
0.75,96,0.0121608040201005,0.728542914171657
0.75,97,0.0349246231155779,0.289421157684631
0.75,98,0.0304522613065327,0.431137724550898
0.75,99,-0.0219095477386935,0.596806387225549
0.75,100,0.109597989949749,0.00998003992015968
0.75,101,-0.0865326633165829,0.0439121756487026
0.75,102,0.00120603015075377,0.980039920159681
0.75,103,-0.0246231155778894,0.544910179640719
0.75,104,0.0441206030150754,0.109780439121756
0.75,105,0.130201005025126,0.00199600798403194
0.75,106,0.0211557788944724,0.56686626746507
0.75,107,0.120653266331658,0.0119760479041916
0.75,108,0.0692462311557789,0.093812375249501
0.75,109,-0.00974874371859296,0.842315369261477
0.75,110,0.0272361809045226,0.479041916167665
0.75,111,0.182211055276382,0.00199600798403194
0.75,112,0.231155778894472,0.00199600798403194
0.75,113,0.0903517587939699,0.0479041916167665
0.75,114,0.018894472361809,0.588822355289421
0.75,115,0.0129145728643216,0.740518962075848
0.75,116,-0.0722110552763819,0.0439121756487026
0.75,117,-0.00592964824120603,0.794411177644711
0.75,118,0.0366331658291457,0.223552894211577
0.75,119,0.0201005025125628,0.570858283433134
0.75,120,0.0300502512562814,0.293413173652695
0.75,121,-0.0220603015075377,0.425149700598802
0.75,122,-0.0218090452261307,0.469061876247505
0.75,123,0.0028140703517588,0.950099800399202
0.75,124,-0.0386934673366834,0.307385229540918
0.75,125,-0.0112060301507538,0.770459081836327
0.75,126,0.0218592964824121,0.584830339321357
0.75,127,0.100150753768844,0.00598802395209581
0.75,128,0.0415577889447236,0.125748502994012
0.75,129,0.0912060301507538,0.00798403193612774
0.75,130,-0.0734673366834171,0.031936127744511
0.75,131,-0.0482914572864322,0.139720558882236
0.75,132,-0.0339195979899497,0.393213572854291
0.75,133,0.0555778894472362,0.0419161676646707
0.75,134,0.00150753768844221,0.956087824351297
0.75,135,0.0738693467336683,0.0259481037924152
0.75,136,-0.0633668341708543,0.137724550898204
0.75,137,0.000150753768844222,0.996007984031936
0.75,138,0.0469346733668342,0.25748502994012
0.75,139,-0.149497487437186,0.00199600798403194
0.75,140,-0.0787437185929648,0.0738522954091816
0.75,141,-0.0254773869346734,0.365269461077844
0.75,142,0.197587939698492,0.00199600798403194
0.75,143,0.00924623115577889,0.754491017964072
0.75,144,0.0757788944723618,0.0419161676646707
0.75,145,0.0480402010050251,0.251497005988024
0.75,146,0.0147738693467337,0.506986027944112
0.75,147,-0.0475879396984925,0.229540918163673
0.75,148,-0.00723618090452262,0.86626746506986
0.75,149,-0.0590954773869347,0.0159680638722555
0.75,150,0.0781407035175879,0.0339321357285429
0.75,151,-0.0807537688442211,0.0459081836327345
0.75,152,-0.0890452261306533,0.029940119760479
0.75,153,-0.061356783919598,0.157684630738523
0.75,154,-0.00195979899497487,0.954091816367265
0.75,155,0.0612562814070352,0.105788423153693
0.75,156,0.0442211055276382,0.207584830339321
0.75,157,-0.0391457286432161,0.233532934131737
0.75,158,-0.0602010050251256,0.119760479041916
0.75,159,-0.0125125628140704,0.570858283433134
0.75,160,-0.0421608040201005,0.0558882235528942
0.75,161,-0.147437185929648,0.00199600798403194
0.75,162,-0.178643216080402,0.00199600798403194
0.75,163,0.0525628140703518,0.181636726546906
0.75,164,-0.0246231155778894,0.540918163672655
0.75,165,-0.0901507537688442,0.00998003992015968
0.75,166,-0.100552763819095,0.0179640718562874
0.75,167,0.00904522613065327,0.81437125748503
0.75,168,-0.0641708542713568,0.0339321357285429
0.75,169,-0.0382412060301507,0.329341317365269
0.75,170,-0.0580402010050251,0.197604790419162
0.75,171,0.0594974874371859,0.029940119760479
0.75,172,0.0549748743718593,0.145708582834331
0.75,173,0.0628643216080402,0.0199600798403194
0.75,174,0.027286432160804,0.429141716566866
0.75,175,-0.133467336683417,0.00199600798403194
0.75,176,0.00728643216080402,0.856287425149701
0.75,177,0.0131658291457286,0.746506986027944
0.75,178,-0.0810050251256281,0.029940119760479
0.75,179,0.0107035175879397,0.582834331337325
0.75,180,-0.0198492462311558,0.536926147704591
0.75,181,0.00954773869346735,0.766467065868264
0.75,182,0.0354773869346734,0.317365269461078
0.75,183,-0.0281909547738693,0.48502994011976
0.75,184,0.0417587939698492,0.281437125748503
0.75,185,-0.0499497487437186,0.111776447105788
0.75,186,0.0137688442211055,0.62874251497006
0.75,187,-0.0381407035175879,0.285429141716567
0.75,188,0.119195979899497,0.00598802395209581
0.75,189,-0.0985427135678392,0.0259481037924152
0.75,190,-0.0035678391959799,0.862275449101796
0.75,191,-0.0330150753768844,0.421157684630739
0.75,192,0.00417085427135679,0.932135728542914
0.75,193,0.01678391959799,0.564870259481038
0.75,194,0.0165326633165829,0.642714570858283
0.75,195,-0.0924623115577889,0.00199600798403194
0.75,196,0.105477386934673,0.0119760479041916
0.75,197,-0.0756281407035176,0.00598802395209581
0.75,198,-0.031356783919598,0.447105788423154
0.75,199,0.0151256281407035,0.706586826347305
0.75,200,-0.00452261306532663,0.900199600798403
0.75,201,-0.0863316582914573,0.0219560878243513
0.75,202,-0.024572864321608,0.411177644710579
0.75,203,0.158643216080402,0.00199600798403194
0.75,204,-0.0181407035175879,0.598802395209581
0.75,205,0.018391959798995,0.644710578842315
0.75,206,0.0584422110552764,0.11377245508982
0.75,207,-0.124522613065327,0.00399201596806387
0.75,208,0.0133668341708543,0.706586826347305
0.75,209,0.0323618090452261,0.375249500998004
0.75,210,0.0426633165829146,0.17564870259481
0.75,211,0.126683417085427,0.00199600798403194
0.75,212,-0.0636180904522613,0.00199600798403194
0.75,213,0.0746231155778894,0.0738522954091816
0.75,214,0.0267336683417085,0.524950099800399
0.75,215,0.09,0.0239520958083832
0.75,216,0.0985929648241206,0.00998003992015968
0.75,217,0.00472361809045226,0.924151696606786
0.75,218,0.103869346733668,0.0159680638722555
0.75,219,0.00633165829145728,0.822355289421158
0.75,220,-0.0343718592964824,0.321357285429142
0.75,221,-0.078391959798995,0.0219560878243513
0.75,222,-0.0330150753768844,0.453093812375249
0.75,223,-0.0544723618090452,0.139720558882236
0.75,224,-0.305678391959799,0.00199600798403194
0.75,225,-0.0490452261306533,0.223552894211577
0.75,226,0.0371859296482412,0.211576846307385
0.75,227,0.00371859296482412,0.924151696606786
0.75,228,-0.0633668341708543,0.0499001996007984
0.75,229,-0.0591457286432161,0.0958083832335329
0.75,230,0.0360804020100502,0.353293413173653
0.75,231,0.130552763819095,0.00199600798403194
0.75,232,-0.0631658291457286,0.0778443113772455
0.75,233,-0.0112562814070352,0.790419161676647
0.75,234,-0.107939698492462,0.00399201596806387
0.75,235,-0.0457286432160804,0.171656686626747
0.75,236,-0.000452261306532658,0.988023952095808
0.75,237,0.0622110552763819,0.0538922155688623
0.75,238,0.00964824120603015,0.826347305389222
0.75,239,-0.085929648241206,0.031936127744511
0.75,240,-0.0689447236180905,0.109780439121756
0.75,241,0.00969849246231156,0.732534930139721
0.75,242,-0.0763316582914573,0.0598802395209581
0.75,243,-0.0528643216080402,0.117764471057884
0.75,244,-0.119698492462312,0.00199600798403194
0.75,245,0.055929648241206,0.205588822355289
0.75,246,0.0305527638190955,0.275449101796407
0.75,247,-0.0417085427135678,0.143712574850299
0.75,248,-0.0923115577889447,0.0159680638722555
0.75,249,-0.0071859296482412,0.858283433133733
0.75,250,0.0173869346733668,0.540918163672655
0.75,251,-0.000100502512562805,1
0.75,252,-0.0139195979899497,0.520958083832335
0.75,253,0.0138190954773869,0.67065868263473
0.75,254,-0.00592964824120603,0.818363273453094
0.75,255,-0.107035175879397,0.00998003992015968
0.75,256,-0.0487939698492462,0.0698602794411178
0.75,257,-0.0425125628140704,0.219560878243513
0.75,258,0.0187437185929648,0.596806387225549
0.75,259,-0.0170854271356784,0.688622754491018
0.75,260,0.0321105527638191,0.445109780439122
0.75,261,0.0731155778894472,0.0658682634730539
0.75,262,-0.0425125628140703,0.283433133732535
0.75,263,0.0325125628140704,0.42315369261477
0.75,264,0.0104522613065327,0.662674650698603
0.75,265,0.113668341708543,0.00199600798403194
0.75,266,-0.040251256281407,0.201596806387226
0.75,267,-0.0292462311557789,0.465069860279441
0.75,268,-0.0467336683417085,0.211576846307385
0.75,269,0.0225628140703518,0.439121756487026
0.75,270,0.13251256281407,0.00199600798403194
0.75,271,0.0361306532663317,0.355289421157685
0.75,272,0.0108542713567839,0.764471057884232
0.75,273,0.0196984924623116,0.604790419161677
0.75,274,-0.0603517587939699,0.0518962075848303
0.75,275,0.077286432160804,0.0538922155688623
0.75,276,-0.112361809045226,0.00199600798403194
0.75,277,0.0391457286432161,0.293413173652695
0.75,278,-0.0168341708542714,0.662674650698603
0.75,279,0.0114572864321608,0.774451097804391
0.75,280,0.0685929648241206,0.0818363273453094
0.75,281,-0.0353768844221106,0.291417165668663
0.75,282,0.141909547738693,0.00199600798403194
0.75,283,-0.0123115577889447,0.736526946107784
0.75,284,-0.0577889447236181,0.0339321357285429
0.75,285,-0.178492462311558,0.00199600798403194
0.75,286,0.0755276381909548,0.0738522954091816
0.75,287,0.00673366834170854,0.840319361277445
0.75,288,0.0134170854271357,0.750499001996008
0.75,289,0.0487437185929648,0.151696606786427
0.75,290,0.0050251256281407,0.838323353293413
0.75,291,-0.0379899497487437,0.307385229540918
0.75,292,-0.117185929648241,0.00399201596806387
0.75,293,-0.015929648241206,0.668662674650699
0.75,294,-0.00165829145728643,0.962075848303393
0.75,295,-0.0196482412060302,0.469061876247505
0.75,296,-0.0324623115577889,0.317365269461078
0.75,297,-0.0175879396984925,0.740518962075848
0.75,298,0.0300502512562814,0.445109780439122
0.75,299,0.0348241206030151,0.401197604790419
0.75,300,-0.0217587939698492,0.449101796407186
0.75,301,0.0346231155778895,0.327345309381238
0.75,302,-0.115879396984925,0.00399201596806387
0.75,303,-0.0779899497487437,0.0698602794411178
0.75,304,-0.00597989949748744,0.884231536926148
0.75,305,0.0789949748743719,0.0459081836327345
0.75,306,0.021608040201005,0.546906187624751
0.75,307,0.0287939698492462,0.397205588822355
0.75,308,-0.0944221105527638,0.00798403193612774
0.75,309,-0.0298492462311558,0.415169660678643
0.75,310,0.0776381909547739,0.0459081836327345
0.75,311,-0.0881909547738693,0.00998003992015968
0.75,312,-0.00678391959798995,0.868263473053892
0.75,313,-0.0770854271356784,0.0538922155688623
0.75,314,0.11929648241206,0.00199600798403194
0.75,315,0.0369849246231156,0.163672654690619
0.75,316,-0.0292964824120603,0.281437125748503
0.75,317,0.0646733668341709,0.0479041916167665
0.75,318,0.0168844221105528,0.694610778443114
0.75,319,-0.021105527638191,0.538922155688623
0.75,320,-0.0395979899497487,0.373253493013972
0.75,321,0.0917085427135678,0.0259481037924152
0.75,322,0.0277889447236181,0.429141716566866
0.75,323,-0.0182914572864322,0.642714570858283
0.75,324,-0.000603015075376885,0.988023952095808
0.75,325,0.0254773869346734,0.530938123752495
0.75,326,-0.0148743718592965,0.668662674650699
0.75,327,0.139849246231156,0.00399201596806387
0.75,328,0.166331658291457,0.00199600798403194
0.75,329,-0.0667336683417085,0.0678642714570858
0.75,330,-0.0432663316582915,0.229540918163673
0.75,331,-0.048643216080402,0.287425149700599
0.75,332,0.145778894472362,0.00199600798403194
0.75,333,0.0279396984924623,0.534930139720559
0.75,334,-0.0228643216080402,0.475049900199601
0.75,335,0.0305025125628141,0.303393213572854
0.75,336,0.15070351758794,0.00199600798403194
0.75,337,0.00959798994974874,0.830339321357285
0.75,338,-0.0546231155778895,0.161676646706587
0.75,339,0.068643216080402,0.0279441117764471
0.75,340,0.0433668341708543,0.265469061876248
0.75,341,0.0226130653266332,0.600798403193613
0.75,342,0.0106030150753769,0.82435129740519
0.75,343,-0.000100502512562814,0.998003992015968
0.75,344,-0.0230150753768844,0.540918163672655
0.75,345,0.00155778894472361,0.958083832335329
0.75,346,-0.0194472361809045,0.522954091816367
0.75,347,0.018894472361809,0.614770459081836
0.75,348,-0.0680402010050251,0.11377245508982
0.75,349,0.0521105527638191,0.197604790419162
0.75,350,-0.00195979899497488,0.972055888223553
0.75,351,-0.039748743718593,0.369261477045908
0.75,352,0.0212060301507538,0.586826347305389
0.75,353,-0.183467336683417,0.00199600798403194
0.75,354,0.0841708542713568,0.00399201596806387
0.75,355,0.0370854271356784,0.37125748502994
0.75,356,0.163718592964824,0.00199600798403194
0.75,357,-0.0771859296482412,0.0339321357285429
0.75,358,0.0520603015075377,0.17564870259481
0.75,359,0.0103015075376884,0.768463073852295
0.75,360,0.00346733668341708,0.890219560878243
0.75,361,0.00271356783919598,0.962075848303393
0.75,362,0.0451758793969849,0.24750499001996
0.75,363,0.0760301507537688,0.0678642714570858
0.75,364,0.0801005025125628,0.0219560878243513
0.75,365,0.0438190954773869,0.277445109780439
0.75,366,-0.0480904522613065,0.203592814371257
0.75,367,0.138592964824121,0.00199600798403194
0.75,368,-0.0329145728643216,0.363273453093812
0.75,369,0.0470854271356784,0.231536926147705
0.75,370,-0.0250753768844221,0.269461077844311
0.75,371,-0.0187939698492462,0.465069860279441
0.75,372,-0.0820100502512563,0.0159680638722555
0.75,373,0.0819095477386935,0.0199600798403194
0.75,374,-0.0365829145728643,0.363273453093812
0.75,375,0.0774371859296482,0.0578842315369262
0.75,376,0.0378894472361809,0.291417165668663
0.75,377,0.101758793969849,0.0179640718562874
0.75,378,0.0603015075376884,0.0698602794411178
0.75,379,-0.0526130653266332,0.205588822355289
0.75,380,-0.0279899497487437,0.401197604790419
0.75,381,-0.0288442211055276,0.393213572854291
0.75,382,-0.114723618090452,0.00399201596806387
0.75,383,0.105025125628141,0.00199600798403194
0.75,384,-0.0327638190954774,0.399201596806387
0.75,385,0.011105527638191,0.676646706586826
0.75,386,0.127638190954774,0.00199600798403194
0.75,387,-0.00175879396984925,0.968063872255489
0.75,388,-0.0591457286432161,0.107784431137725
0.75,389,0.0718090452261306,0.0698602794411178
0.75,390,-0.0121105527638191,0.784431137724551
0.75,391,-0.0622110552763819,0.0459081836327345
0.75,392,0.0641206030150754,0.0698602794411178
0.75,393,0.0903517587939699,0.0119760479041916
0.75,394,0.0378894472361809,0.225548902195609
0.75,395,0.0441708542713568,0.0778443113772455
0.75,396,-0.011608040201005,0.802395209580838
0.75,397,0.00939698492462311,0.736526946107784
0.75,398,-0.0777386934673367,0.0339321357285429
0.75,399,0.0603015075376884,0.141716566866267
0.75,400,0.0472361809045226,0.107784431137725
0.75,401,-0.0785427135678392,0.0279441117764471
0.75,402,-0.0114070351758794,0.802395209580838
0.75,403,-0.0818592964824121,0.0518962075848303
0.75,404,0.115778894472362,0.00598802395209581
0.75,405,-0.0448743718592965,0.157684630738523
0.75,406,-0.145276381909548,0.00199600798403194
0.75,407,0.0784924623115578,0.00798403193612774
0.75,408,-0.00994974874371859,0.786427145708583
0.75,409,0.0953768844221105,0.0199600798403194
0.75,410,0.0161809045226131,0.518962075848303
0.75,411,0.141708542713568,0.00199600798403194
0.75,412,-0.078643216080402,0.0758483033932136
0.75,413,-0.0604020100502513,0.031936127744511
0.75,414,-0.0795477386934673,0.0259481037924152
0.75,415,-0.00683417085427136,0.860279441117764
0.75,416,0.0360301507537688,0.375249500998004
0.75,417,0.022713567839196,0.479041916167665
0.75,418,0.0422110552763819,0.249500998003992
0.75,419,-0.0164824120603015,0.68063872255489
0.75,420,-0.121206030150754,0.00399201596806387
0.75,421,-0.150904522613065,0.00199600798403194
0.75,422,-0.0823115577889447,0.0239520958083832
0.75,423,-0.00170854271356784,0.942115768463074
0.75,424,0.000150753768844221,0.994011976047904
0.75,425,-0.069748743718593,0.00998003992015968
0.75,426,-0.0392462311557789,0.385229540918164
0.75,427,-0.0491959798994975,0.207584830339321
0.75,428,-0.088391959798995,0.0359281437125748
0.75,429,-0.000452261306532663,0.99001996007984
0.75,430,-0.0694974874371859,0.0858283433133733
0.75,431,-0.0057286432160804,0.882235528942116
0.75,432,0.0352261306532663,0.385229540918164
0.75,433,0.0522110552763819,0.135728542914172
0.75,434,-0.0654773869346734,0.0838323353293413
0.75,435,-0.0715577889447236,0.0858283433133733
0.75,436,0.0657286432160804,0.00798403193612774
0.75,437,-0.0155778894472362,0.684630738522954
0.75,438,-0.0486934673366834,0.167664670658683
0.75,439,-0.0240201005025126,0.512974051896208
0.75,440,-0.0631658291457286,0.0858283433133733
0.75,441,0.0827638190954774,0.0339321357285429
0.75,442,-0.0425628140703518,0.301397205588822
0.75,443,-0.0193467336683417,0.598802395209581
0.75,444,0.0451758793969849,0.305389221556886
0.75,445,-0.0457788944723618,0.265469061876248
0.75,446,-0.0551256281407035,0.191616766467066
0.75,447,-0.00628140703517588,0.840319361277445
0.75,448,-0.0748743718592965,0.00998003992015968
0.75,449,-0.00180904522613065,0.958083832335329
0.75,450,-0.015678391959799,0.70059880239521
0.75,451,-0.0569346733668342,0.127744510978044
0.75,452,0.0422110552763819,0.281437125748503
0.75,453,0.0993969849246231,0.0239520958083832
0.75,454,0.0964824120603015,0.00598802395209581
0.75,455,0.131155778894472,0.00199600798403194
0.75,456,-0.031356783919598,0.269461077844311
0.75,457,0.00618090452261306,0.862275449101796
0.75,458,-0.0162814070351759,0.692614770459082
0.75,459,0.0135175879396985,0.616766467065868
0.75,460,-0.107638190954774,0.00798403193612774
0.75,461,-0.0757286432160804,0.0439121756487026
0.75,462,0.0630653266331658,0.0459081836327345
0.75,463,-0.0726130653266332,0.0159680638722555
0.75,464,-0.0314572864321608,0.451097804391218
0.75,465,-0.0187437185929648,0.586826347305389
0.75,466,0.0717587939698492,0.031936127744511
0.75,467,-0.0223115577889447,0.506986027944112
0.75,468,0.128291457286432,0.00199600798403194
0.75,469,-0.058643216080402,0.107784431137725
0.75,470,-0.0553768844221105,0.109780439121756
0.75,471,0.0551256281407035,0.117764471057884
0.75,472,0.0198492462311558,0.572854291417166
0.75,473,-0.0301507537688442,0.425149700598802
0.75,474,-0.0702010050251256,0.029940119760479
0.75,475,-0.0277386934673367,0.467065868263473
0.75,476,0.0786934673366834,0.0119760479041916
0.75,477,-0.0350753768844221,0.243512974051896
0.75,478,-0.0103015075376884,0.750499001996008
0.75,479,0.0185427135678392,0.48502994011976
0.75,480,0.0505025125628141,0.0878243512974052
0.75,481,0.0241206030150754,0.491017964071856
0.75,482,0.0559798994974874,0.101796407185629
0.75,483,0.0401507537688442,0.197604790419162
0.75,484,-0.117035175879397,0.00598802395209581
0.75,485,0.0764824120603015,0.0219560878243513
0.75,486,-0.151105527638191,0.00199600798403194
0.75,487,-0.0438693467336683,0.325349301397206
0.75,488,-0.0319597989949749,0.389221556886228
0.75,489,0.0593467336683417,0.137724550898204
0.75,490,-0.00165829145728643,0.964071856287425
0.75,491,-0.129396984924623,0.00998003992015968
0.75,492,-0.0402010050251256,0.163672654690619
0.75,493,-0.102613065326633,0.0119760479041916
0.75,494,-0.0104020100502513,0.780439121756487
0.75,495,-0.00703517587939699,0.86626746506986
0.75,496,-0.0789447236180904,0.0399201596806387
0.75,497,0.0595477386934673,0.0678642714570858
0.75,498,0.0912562814070352,0.0239520958083832
0.75,499,-0.0534170854271357,0.101796407185629
0.75,500,0.0138693467336683,0.684630738522954
0.75,501,-0.0108040201005025,0.756487025948104
0.75,502,-0.0705025125628141,0.0918163672654691
0.75,503,-0.0619597989949749,0.0598802395209581
0.75,504,-0.00422110552763819,0.930139720558882
0.75,505,-0.0136683417085427,0.716566866267465
0.75,506,-0.017286432160804,0.676646706586826
0.75,507,0.0617085427135678,0.031936127744511
0.75,508,-0.109597989949749,0.0119760479041916
0.75,509,-0.0078391959798995,0.836327345309381
0.75,510,-0.119447236180905,0.00199600798403194
0.75,511,-0.0846231155778894,0.0459081836327345
0.75,512,-0.129849246231156,0.00199600798403194
0.75,513,0.0214070351758794,0.660678642714571
0.75,514,-0.0258291457286432,0.459081836327345
0.75,515,0.0236180904522613,0.540918163672655
0.75,516,-0.0930653266331658,0.0139720558882236
0.75,517,0.0128140703517588,0.632734530938124
0.75,518,0.0394974874371859,0.101796407185629
0.75,519,-0.0926633165829146,0.00199600798403194
0.75,520,-0.0545226130653266,0.13373253493014
0.75,521,0.0524623115577889,0.125748502994012
0.75,522,0.00170854271356783,0.964071856287425
0.75,523,-0.0275879396984925,0.291417165668663
0.75,524,0.00206030150753769,0.954091816367265
0.75,525,0.0180402010050251,0.642714570858283
0.75,526,0.00105527638190954,0.978043912175649
0.75,527,-0.0442713567839196,0.167664670658683
0.75,528,0.159899497487437,0.00199600798403194
0.75,529,-0.082964824120603,0.0119760479041916
0.75,530,-0.0715577889447236,0.0598802395209581
0.75,531,-0.0204020100502513,0.540918163672655
0.75,532,-0.0622110552763819,0.121756487025948
0.75,533,-0.0436180904522613,0.2375249500998
0.75,534,-0.0965829145728643,0.0219560878243513
0.75,535,0.0596482412060301,0.0958083832335329
0.75,536,-0.0653768844221106,0.0798403193612774
0.75,537,-0.0128643216080402,0.674650698602794
0.75,538,0.0643718592964824,0.0359281437125748
0.75,539,-0.10427135678392,0.0239520958083832
0.75,540,0.00487437185929648,0.898203592814371
0.75,541,0.00869346733668342,0.810379241516966
0.75,542,0.03,0.512974051896208
0.75,543,0.129698492462312,0.00598802395209581
0.75,544,0.022713567839196,0.560878243512974
0.75,545,0.0474874371859297,0.265469061876248
0.75,546,-0.0264321608040201,0.367265469061876
0.75,547,0.0134673366834171,0.736526946107784
0.75,548,0.0367336683417085,0.197604790419162
0.75,549,-0.00819095477386935,0.832335329341317
0.75,550,-0.00291457286432161,0.926147704590818
0.75,551,-0.0427638190954774,0.355289421157685
0.75,552,0.014321608040201,0.622754491017964
0.75,553,-0.0559798994974874,0.187624750499002
0.75,554,-0.0215075376884422,0.57684630738523
0.75,555,0.125326633165829,0.00199600798403194
0.75,556,0.104623115577889,0.0119760479041916
0.75,557,-0.039748743718593,0.253493013972056
0.75,558,0.0428140703517588,0.311377245508982
0.75,559,-0.0119095477386935,0.548902195608782
0.75,560,-0.0173366834170854,0.68063872255489
0.75,561,0.123718592964824,0.00199600798403194
0.75,562,-0.0217587939698492,0.542914171656687
0.75,563,0.014572864321608,0.706586826347305
0.75,564,-0.0163316582914573,0.483033932135729
0.75,565,-0.035678391959799,0.143712574850299
0.75,566,0.034572864321608,0.351297405189621
0.75,567,-0.0573869346733668,0.165668662674651
0.75,568,0.058894472361809,0.0658682634730539
0.75,569,0.0197989949748744,0.666666666666667
0.75,570,-0.0306030150753769,0.487025948103792
0.75,571,-0.0671356783919598,0.029940119760479
0.75,572,0.000150753768844225,0.994011976047904
0.75,573,-0.0565326633165829,0.135728542914172
0.75,574,0.000452261306532659,0.998003992015968
0.75,575,-0.0728140703517588,0.0239520958083832
0.75,576,-0.0308040201005025,0.421157684630739
0.75,577,-0.0609045226130653,0.0878243512974052
0.75,578,0.021105527638191,0.584830339321357
0.75,579,0.0420100502512563,0.207584830339321
0.75,580,0.113517587939698,0.00199600798403194
0.75,581,-0.0147236180904523,0.68063872255489
0.75,582,-0.044572864321608,0.217564870259481
0.75,583,0.103065326633166,0.00399201596806387
0.75,584,-0.0154773869346734,0.676646706586826
0.75,585,0.0568844221105528,0.131736526946108
0.75,586,0.148040201005025,0.00199600798403194
0.75,587,0.00959798994974874,0.806387225548902
0.75,588,0.101407035175879,0.00998003992015968
0.75,589,0.0562814070351759,0.159680638722555
0.75,590,-0.0143718592964824,0.666666666666667
0.75,591,-0.148241206030151,0.00199600798403194
0.75,592,-0.0527638190954774,0.0738522954091816
0.75,593,0.01678391959799,0.586826347305389
0.75,594,0.00608040201005025,0.87624750499002
0.75,595,-0.104070351758794,0.0139720558882236
0.75,596,-0.0506030150753769,0.171656686626747
0.75,597,-0.186231155778894,0.00199600798403194
0.75,598,-0.0365326633165829,0.235528942115768
0.75,599,0.0375376884422111,0.403193612774451
0.75,600,-0.110402010050251,0.00199600798403194
0.75,601,0.0504020100502513,0.229540918163673
0.75,602,0.00190954773869347,0.960079840319361
0.75,603,0.00738693467336683,0.840319361277445
0.75,604,-0.00226130653266332,0.94810379241517
0.75,605,0.126884422110553,0.00598802395209581
0.75,606,0.0969849246231156,0.00998003992015968
0.75,607,0.172160804020101,0.00199600798403194
0.75,608,0.0105025125628141,0.74251497005988
0.75,609,0.0274874371859296,0.323353293413174
0.75,610,-0.0386934673366834,0.347305389221557
0.75,611,-0.104472361809045,0.00598802395209581
0.75,612,0.0205527638190955,0.646706586826347
0.75,613,-0.092713567839196,0.0139720558882236
0.75,614,0.0338693467336683,0.307385229540918
0.75,615,0.0337688442211055,0.313373253493014
0.75,616,-0.00748743718592965,0.830339321357285
0.75,617,-0.126331658291457,0.00199600798403194
0.75,618,-0.0964321608040201,0.0159680638722555
0.75,619,-0.0592462311557789,0.0998003992015968
0.75,620,-0.110502512562814,0.00199600798403194
0.75,621,0.0291457286432161,0.510978043912176
0.75,622,-0.0185929648241206,0.608782435129741
0.75,623,-0.0593467336683417,0.0738522954091816
0.75,624,-0.0526633165829146,0.213572854291417
0.75,625,0.0592964824120603,0.139720558882236
0.75,626,0.115929648241206,0.0139720558882236
0.75,627,0.0140201005025126,0.724550898203593
0.75,628,0.061608040201005,0.119760479041916
0.75,629,0.0618090452261307,0.0499001996007984
0.75,630,-0.0730150753768844,0.0359281437125748
0.75,631,0.0184924623115578,0.6187624750499
0.75,632,0.0107537688442211,0.758483033932136
0.75,633,-0.0433668341708543,0.325349301397206
0.75,634,-0.0736683417085427,0.0878243512974052
0.75,635,-0.206532663316583,0.00199600798403194
0.75,636,0.0465326633165829,0.0998003992015968
0.75,637,0.0415075376884422,0.151696606786427
0.75,638,0.00693467336683417,0.782435129740519
0.75,639,-0.123165829145729,0.00399201596806387
0.75,640,0.0509547738693467,0.177644710578842
0.75,641,0.0308542713567839,0.427145708582834
0.75,642,-0.0180402010050251,0.600798403193613
0.75,643,-0.0376884422110553,0.205588822355289
0.75,644,0.0230150753768844,0.397205588822355
0.75,645,-0.0203517587939698,0.514970059880239
0.75,646,0.0390452261306533,0.105788423153693
0.75,647,0.0349246231155779,0.393213572854291
0.75,648,0.0181407035175879,0.538922155688623
0.75,649,0.115226130653266,0.00598802395209581
0.75,650,0.109246231155779,0.00598802395209581
0.75,651,-0.0609547738693467,0.183632734530938
0.75,652,-0.08,0.06187624750499
0.75,653,-0.045678391959799,0.311377245508982
0.75,654,-0.0335175879396985,0.297405189620758
0.75,655,0.0458793969849246,0.2375249500998
0.75,656,-0.0222613065326633,0.207584830339321
0.75,657,0.0115075376884422,0.736526946107784
0.75,658,-0.00582914572864322,0.88622754491018
0.75,659,-0.000954773869346734,0.954091816367265
0.75,660,0.00829145728643216,0.662674650698603
0.75,661,0.000301507537688443,1
0.75,662,0.0408542713567839,0.245508982035928
0.75,663,-0.025678391959799,0.463073852295409
0.75,664,0.0550251256281407,0.0898203592814371
0.75,665,0.0568341708542714,0.129740518962076
0.75,666,0.0478894472361809,0.253493013972056
0.75,667,-0.031608040201005,0.289421157684631
0.75,668,-0.0253266331658291,0.143712574850299
0.75,669,-0.0129145728643216,0.780439121756487
0.75,670,-0.00839195979899498,0.822355289421158
0.75,671,0.0655778894472362,0.0598802395209581
0.75,672,0.0246733668341709,0.526946107784431
0.75,673,0.0959798994974874,0.0239520958083832
0.75,674,0.0126633165829146,0.712574850299401
0.75,675,-0.151407035175879,0.00199600798403194
0.75,676,0.0435175879396985,0.219560878243513
0.75,677,-0.0293969849246231,0.337325349301397
0.75,678,-0.0391959798994975,0.355289421157685
0.75,679,-0.0157788944723618,0.413173652694611
0.75,680,-0.00115577889447236,0.960079840319361
0.75,681,0.0307537688442211,0.353293413173653
0.75,682,-0.0182412060301508,0.696606786427146
0.75,683,-0.0587939698492462,0.101796407185629
0.75,684,-0.0676381909547739,0.0598802395209581
0.75,685,-0.00251256281407035,0.932135728542914
0.75,686,0.150050251256281,0.00199600798403194
0.75,687,-0.0314070351758794,0.211576846307385
0.75,688,0.0617587939698492,0.0838323353293413
0.75,689,-0.0355276381909548,0.447105788423154
0.75,690,0.00246231155778894,0.950099800399202
0.75,691,0.0274874371859297,0.542914171656687
0.75,692,-0.0533165829145729,0.0918163672654691
0.75,693,-0.0620603015075377,0.0778443113772455
0.75,694,0.0257788944723618,0.347305389221557
0.75,695,-0.0153266331658291,0.664670658682635
0.75,696,-0.00894472361809045,0.772455089820359
0.75,697,0.126532663316583,0.00199600798403194
0.75,698,-0.0078391959798995,0.836327345309381
0.75,699,-0.0692462311557789,0.0598802395209581
0.75,700,-0.0478894472361809,0.13373253493014
0.75,701,-0.105175879396985,0.00399201596806387
0.75,702,0.00180904522613065,0.950099800399202
0.75,703,0.0519597989949749,0.135728542914172
0.75,704,-0.0187437185929648,0.552894211576846
0.75,705,0.0352261306532663,0.227544910179641
0.75,706,0.067286432160804,0.0838323353293413
0.75,707,-0.0264321608040201,0.383233532934132
0.75,708,-0.0149246231155779,0.662674650698603
0.75,709,-0.115326633165829,0.00598802395209581
0.75,710,0.0014070351758794,0.966067864271457
0.75,711,-0.0952763819095477,0.00399201596806387
0.75,712,-0.123718592964824,0.00199600798403194
0.75,713,-0.0603015075376884,0.0578842315369262
0.75,714,-0.158190954773869,0.00199600798403194
0.75,715,0.0933165829145729,0.0199600798403194
0.75,716,0.00115577889447236,0.976047904191617
0.75,717,0.022713567839196,0.421157684630739
0.75,718,5.02512562814043e-05,1
0.75,719,-0.00718592964824121,0.738522954091816
0.75,720,0.0209045226130653,0.508982035928144
0.75,721,0.0129145728643216,0.70059880239521
0.75,722,-0.0221105527638191,0.550898203592814
0.75,723,0.0589949748743719,0.0818363273453094
0.75,724,-0.0285929648241206,0.311377245508982
0.75,725,-0.0731155778894472,0.0838323353293413
0.75,726,-0.0268341708542714,0.405189620758483
0.75,727,-0.218693467336683,0.00199600798403194
0.75,728,-0.041105527638191,0.25748502994012
0.75,729,-0.0475879396984925,0.287425149700599
0.75,730,-0.00477386934673367,0.844311377245509
0.75,731,0.0866834170854271,0.0119760479041916
0.75,732,0.00894472361809045,0.838323353293413
0.75,733,-0.0838190954773869,0.00199600798403194
0.75,734,-0.103819095477387,0.00998003992015968
0.75,735,0.0318090452261307,0.241516966067864
0.75,736,0.021356783919598,0.538922155688623
0.75,737,-0.116934673366834,0.00399201596806387
0.75,738,-0.0431155778894472,0.229540918163673
0.75,739,0.106683417085427,0.00798403193612774
0.75,740,0.0312060301507538,0.36127744510978
0.75,741,-0.0404020100502513,0.215568862275449
0.75,742,0.105125628140704,0.00998003992015968
0.75,743,-0.0436683417085427,0.261477045908184
0.75,744,-0.0187939698492462,0.419161676646707
0.75,745,0.0695979899497488,0.093812375249501
0.75,746,0.108140703517588,0.00199600798403194
0.75,747,0.00994974874371859,0.818363273453094
0.75,748,0.00733668341708542,0.87624750499002
0.75,749,0.0722110552763819,0.0658682634730539
0.75,750,0.0597989949748744,0.105788423153693
0.75,751,-0.0579396984924623,0.157684630738523
0.75,752,0.0792462311557789,0.0359281437125748
0.75,753,0.0829145728643216,0.0119760479041916
0.75,754,-0.125628140703518,0.00199600798403194
0.75,755,-0.072964824120603,0.0518962075848303
0.75,756,0.0174874371859296,0.632734530938124
0.75,757,-0.0267839195979899,0.451097804391218
0.75,758,-0.0446733668341709,0.121756487025948
0.75,759,0.0225628140703518,0.343313373253493
0.75,760,0.0530150753768844,0.115768463073852
0.75,761,-0.0107537688442211,0.792415169660679
0.75,762,0.0171356783919598,0.652694610778443
0.75,763,0.104824120603015,0.0199600798403194
0.75,764,0.0439195979899497,0.031936127744511
0.75,765,-0.0420603015075377,0.295409181636727
0.75,766,-0.00864321608040201,0.788423153692615
0.75,767,-0.0347236180904523,0.30938123752495
0.75,768,0.0913065326633166,0.0119760479041916
0.75,769,-0.00542713567839196,0.878243512974052
0.75,770,-0.00185929648241206,0.980039920159681
0.75,771,0.104221105527638,0.00998003992015968
0.75,772,-0.0121608040201005,0.658682634730539
0.75,773,0.0568844221105528,0.187624750499002
0.75,774,-0.0360804020100502,0.323353293413174
0.75,775,-0.0341708542713568,0.375249500998004
0.75,776,0.0522110552763819,0.261477045908184
0.75,777,-0.0295477386934673,0.375249500998004
0.75,778,0.0774371859296482,0.0678642714570858
0.75,779,0.0677889447236181,0.029940119760479
0.75,780,-0.0398492462311558,0.375249500998004
0.75,781,0.0234673366834171,0.455089820359281
0.75,782,0.122713567839196,0.00598802395209581
0.75,783,0.0816582914572864,0.0518962075848303
0.75,784,-0.0732160804020101,0.031936127744511
0.75,785,-0.00658291457286432,0.846307385229541
0.75,786,0.0163316582914573,0.369261477045908
0.75,787,-0.0207035175879397,0.544910179640719
0.75,788,-0.115678391959799,0.00798403193612774
0.75,789,0.0977386934673367,0.0339321357285429
0.75,790,0.0715577889447236,0.0279441117764471
0.75,791,0.038894472361809,0.161676646706587
0.75,792,-0.194070351758794,0.00199600798403194
0.75,793,-0.0847236180904523,0.0399201596806387
0.75,794,-0.0251758793969849,0.411177644710579
0.75,795,0.0134673366834171,0.7624750499002
0.75,796,0.0231658291457286,0.554890219560878
0.75,797,0.00748743718592965,0.820359281437126
0.75,798,-0.0790452261306533,0.0279441117764471
0.75,799,-0.00849246231155779,0.840319361277445
0.75,800,-0.0762311557788945,0.063872255489022
0.75,801,-0.0610050251256281,0.0758483033932136
0.75,802,-0.0890452261306533,0.00798403193612774
0.75,803,-0.088643216080402,0.0199600798403194
0.75,804,0.0768341708542714,0.0359281437125748
0.75,805,-0.0330653266331658,0.409181636726547
0.75,806,-0.00512562814070351,0.914171656686627
0.75,807,-0.00336683417085428,0.924151696606786
0.75,808,-0.00527638190954774,0.850299401197605
0.75,809,-0.0736180904522613,0.0538922155688623
0.75,810,0.0561809045226131,0.159680638722555
0.75,811,0.123618090452261,0.00199600798403194
0.75,812,0.0520603015075377,0.177644710578842
0.75,813,-0.0523115577889447,0.0778443113772455
0.75,814,-0.0531658291457286,0.06187624750499
0.75,815,-0.0531658291457286,0.225548902195609
0.75,816,-0.0940201005025126,0.0199600798403194
0.75,817,0.090251256281407,0.0379241516966068
0.75,818,0.0360301507537688,0.213572854291417
0.75,819,-0.0149246231155779,0.666666666666667
0.75,820,0.00537688442211055,0.904191616766467
0.75,821,-0.0537688442211055,0.0459081836327345
0.75,822,0.0511557788944724,0.0738522954091816
0.75,823,-0.113869346733668,0.00199600798403194
0.75,824,-0.0404020100502513,0.253493013972056
0.75,825,0.0691457286432161,0.0658682634730539
0.75,826,0.0317587939698492,0.401197604790419
0.75,827,-0.0118090452261307,0.782435129740519
0.75,828,-0.0119597989949749,0.688622754491018
0.75,829,-0.0955276381909548,0.0239520958083832
0.75,830,-0.0569849246231156,0.0578842315369262
0.75,831,-0.00703517587939698,0.806387225548902
0.75,832,0.0393969849246231,0.297405189620758
0.75,833,-0.00371859296482412,0.88622754491018
0.75,834,-0.0128643216080402,0.720558882235529
0.75,835,0.137738693467337,0.00199600798403194
0.75,836,0.0415075376884422,0.109780439121756
0.75,837,-0.0320100502512563,0.223552894211577
0.75,838,0.0364321608040201,0.31936127744511
0.75,839,-0.00688442211055276,0.790419161676647
0.75,840,0.0341708542713568,0.409181636726547
0.75,841,-0.0192964824120603,0.614770459081836
0.75,842,-0.000301507537688441,0.992015968063872
0.75,843,0.0491457286432161,0.135728542914172
0.75,844,-0.0775376884422111,0.0199600798403194
0.75,845,-0.0535175879396985,0.12375249500998
0.75,846,0.00944723618090452,0.852295409181637
0.75,847,-0.0279396984924623,0.30938123752495
0.75,848,0.0878391959798995,0.00998003992015968
0.75,849,0.0334170854271357,0.341317365269461
0.75,850,-0.000603015075376885,0.984031936127745
0.75,851,-0.118442211055276,0.00598802395209581
0.75,852,0.0057286432160804,0.878243512974052
0.75,853,5.02512562814055e-05,0.998003992015968
0.75,854,0.108793969849246,0.00998003992015968
0.75,855,-0.0606030150753769,0.11377245508982
0.75,856,0.00819095477386935,0.834331337325349
0.75,857,0.00110552763819095,0.978043912175649
0.75,858,-0.034321608040201,0.315369261477046
0.75,859,0.0222110552763819,0.497005988023952
0.75,860,-0.0626130653266332,0.0718562874251497
0.75,861,0.0266834170854271,0.491017964071856
0.75,862,0.0275879396984925,0.403193612774451
0.75,863,0.0419095477386935,0.277445109780439
0.75,864,-0.0221105527638191,0.574850299401198
0.75,865,0.0107035175879397,0.708582834331337
0.75,866,-0.00226130653266331,0.972055888223553
0.75,867,0.0880904522613065,0.0259481037924152
0.75,868,-0.135527638190955,0.00199600798403194
0.75,869,-0.0604020100502513,0.179640718562874
0.75,870,0.134321608040201,0.00199600798403194
0.75,871,-0.0049748743718593,0.884231536926148
0.75,872,0.0361306532663317,0.395209580838323
0.75,873,-0.0787437185929648,0.0598802395209581
0.75,874,0.00472361809045226,0.904191616766467
0.75,875,0.0864321608040201,0.031936127744511
0.75,876,-0.0247738693467337,0.44311377245509
0.75,877,0.00396984924623116,0.900199600798403
0.75,878,-0.00849246231155779,0.822355289421158
0.75,879,-0.0217587939698492,0.429141716566866
0.75,880,-0.0221105527638191,0.606786427145709
0.75,881,0.0307537688442211,0.459081836327345
0.75,882,-0.180954773869347,0.00199600798403194
0.75,883,-0.0129145728643216,0.712574850299401
0.75,884,-0.0292462311557789,0.435129740518962
0.75,885,0.106984924623116,0.0119760479041916
0.75,886,-0.044321608040201,0.227544910179641
0.75,887,0.153618090452261,0.00199600798403194
0.75,888,-0.0776381909547739,0.0139720558882236
0.75,889,-0.0644221105527638,0.00399201596806387
0.75,890,-0.05678391959799,0.0678642714570858
0.75,891,0.0644723618090452,0.0239520958083832
0.75,892,0.0221608040201005,0.510978043912176
0.75,893,0.0552763819095477,0.093812375249501
0.75,894,-0.0652763819095477,0.159680638722555
0.75,895,-0.0304522613065327,0.293413173652695
0.75,896,0.0371356783919598,0.311377245508982
0.75,897,-0.032713567839196,0.305389221556886
0.75,898,-0.0669849246231156,0.0958083832335329
0.75,899,-0.0121105527638191,0.748502994011976
0.75,900,0.0406030150753769,0.339321357285429
0.75,901,0.0210050251256281,0.534930139720559
0.75,902,-0.0135175879396985,0.766467065868264
0.75,903,0.00150753768844221,0.984031936127745
0.75,904,0.00964824120603015,0.80439121756487
0.75,905,-0.052713567839196,0.0898203592814371
0.75,906,-0.0617085427135678,0.121756487025948
0.75,907,-0.0442713567839196,0.141716566866267
0.75,908,0.0590954773869347,0.167664670658683
0.75,909,-0.0130150753768844,0.668662674650699
0.75,910,-0.00638190954773869,0.840319361277445
0.75,911,-0.0292462311557789,0.369261477045908
0.75,912,0.0454773869346734,0.209580838323353
0.75,913,-0.0357788944723618,0.29940119760479
0.75,914,-0.00271356783919598,0.926147704590818
0.75,915,-0.0206532663316583,0.55688622754491
0.75,916,0.0830150753768844,0.0199600798403194
0.75,917,0.0648241206030151,0.031936127744511
0.75,918,-0.00175879396984925,0.912175648702595
0.75,919,-0.0850753768844221,0.0219560878243513
0.75,920,-0.00597989949748743,0.892215568862275
0.75,921,0.0279899497487437,0.437125748502994
0.75,922,-0.112261306532663,0.00399201596806387
0.75,923,0.0193467336683417,0.596806387225549
0.75,924,-0.0638693467336683,0.13373253493014
0.75,925,-0.00864321608040201,0.656686626746507
0.75,926,0.0463316582914573,0.199600798403194
0.75,927,0.0132663316582915,0.654690618762475
0.75,928,0.0364824120603015,0.325349301397206
0.75,929,0.118693467336683,0.00399201596806387
0.75,930,0.00482412060301508,0.892215568862275
0.75,931,0.0910552763819096,0.0159680638722555
0.75,932,0.0124120603015075,0.74251497005988
0.75,933,0.00246231155778894,0.968063872255489
0.75,934,0.0234673366834171,0.483033932135729
0.75,935,-0.0607537688442211,0.0958083832335329
0.75,936,0.00723618090452261,0.780439121756487
0.75,937,0.0601005025125628,0.0578842315369262
0.75,938,0.150050251256281,0.00199600798403194
0.75,939,-0.0574874371859296,0.173652694610778
0.75,940,0.057286432160804,0.139720558882236
0.75,941,0.0356281407035176,0.353293413173653
0.75,942,0.0401005025125628,0.307385229540918
0.75,943,-0.0417587939698492,0.339321357285429
0.75,944,0.0776884422110553,0.0239520958083832
0.75,945,0.0618090452261307,0.0359281437125748
0.75,946,0.0350251256281407,0.311377245508982
0.75,947,-0.0434673366834171,0.0658682634730539
0.75,948,-0.0995477386934673,0.00199600798403194
0.75,949,0.0179899497487437,0.544910179640719
0.75,950,-0.005678391959799,0.896207584830339
0.75,951,0.00673366834170854,0.810379241516966
0.75,952,0.0388442211055276,0.293413173652695
0.75,953,0.0878391959798995,0.0339321357285429
0.75,954,0.0823115577889447,0.0119760479041916
0.75,955,0.119447236180905,0.00399201596806387
0.75,956,-0.0113065326633166,0.784431137724551
0.75,957,-0.00316582914572864,0.920159680638723
0.75,958,-0.00919597989949749,0.7624750499002
0.75,959,-0.0307035175879397,0.313373253493014
0.75,960,0.0970854271356784,0.0239520958083832
0.75,961,0,1
0.75,962,-0.0792964824120603,0.0419161676646707
0.75,963,-0.00884422110552764,0.696606786427146
0.75,964,-0.0369346733668342,0.263473053892216
0.75,965,0.0590452261306533,0.0499001996007984
0.75,966,0.0618592964824121,0.145708582834331
0.75,967,-0.0934673366834171,0.0179640718562874
0.75,968,0.0562311557788945,0.0738522954091816
0.75,969,0.0035678391959799,0.926147704590818
0.75,970,-0.0480904522613065,0.293413173652695
0.75,971,-0.00361809045226131,0.902195608782435
0.75,972,0.0392964824120603,0.305389221556886
0.75,973,0.0468844221105528,0.137724550898204
0.75,974,-0.0720100502512563,0.031936127744511
0.75,975,-0.00472361809045226,0.896207584830339
0.75,976,-0.0651758793969849,0.101796407185629
0.75,977,-0.0887437185929648,0.0598802395209581
0.75,978,-0.0418592964824121,0.297405189620758
0.75,979,-0.0298492462311558,0.419161676646707
0.75,980,-0.0693969849246231,0.12375249500998
0.75,981,0.184723618090452,0.00199600798403194
0.75,982,-0.0731155778894472,0.06187624750499
0.75,983,0.0028643216080402,0.936127744510978
0.75,984,0.103819095477387,0.00199600798403194
0.75,985,0.00105527638190955,0.976047904191617
0.75,986,0.0249748743718593,0.516966067864271
0.75,987,0.139849246231156,0.00199600798403194
0.75,988,0.100603015075377,0.00598802395209581
0.75,989,0.00864321608040201,0.836327345309381
0.75,990,0.0163316582914573,0.650698602794411
0.75,991,0.00547738693467337,0.904191616766467
0.75,992,0.0260301507537688,0.277445109780439
0.75,993,0.00824120603015075,0.756487025948104
0.75,994,-0.0184924623115578,0.612774451097804
0.75,995,0.0537185929648241,0.0758483033932136
0.75,996,-0.160603015075377,0.00199600798403194
0.75,997,-0.0141708542713568,0.712574850299401
0.75,998,0.000402010050251257,0.984031936127745
0.75,999,-0.0139698492462312,0.642714570858283
0.75,1000,-0.011105527638191,0.806387225548902
